nohup: ignoring input
CLOP Training Configuration:
{
  "cache_dir": "data/cached_latents",
  "save_dir": "models/checkpoints",
  "num_epochs": 100,
  "batch_size": 256,
  "lr": 0.0003,
  "proj_dim": 256,
  "device": "cuda"
}
2026-02-07 14:23:12 [INFO] src.training.train_clop: Auto-detected dims: text_dim=1024, cell_dim=512
2026-02-07 14:23:13 [INFO] src.training.train_clop: ============================================================
2026-02-07 14:23:13 [INFO] src.training.train_clop: CLOP Alignment Training
2026-02-07 14:23:13 [INFO] src.training.train_clop: Model params: 3,024,385
2026-02-07 14:23:13 [INFO] src.training.train_clop: Device: cuda | AMP: True
2026-02-07 14:23:13 [INFO] src.training.train_clop: ============================================================
/home/zeyufu/Desktop/CLOP-DiT/src/training/train_clop.py:140: UserWarning: Detected call of `lr_scheduler.step()` before `optimizer.step()`. In PyTorch 1.1.0 and later, you should call them in the opposite order: `optimizer.step()` before `lr_scheduler.step()`.  Failure to do this will result in PyTorch skipping the first value of the learning rate schedule. See more details at https://pytorch.org/docs/stable/optim.html#how-to-adjust-learning-rate
  self.scheduler.step()
2026-02-07 14:23:13 [INFO] src.training.train_clop: [Epoch 1][Step 0/670] Loss: 5.8865 | Acc_t2c: 0.000 | Acc_c2t: 0.000 | Temp: 0.0700 | LR: 8.96e-08
2026-02-07 14:23:14 [INFO] src.training.train_clop: [Epoch 1][Step 50/670] Loss: 5.6185 | Acc_t2c: 0.008 | Acc_c2t: 0.004 | Temp: 0.0701 | LR: 4.57e-06
2026-02-07 14:23:14 [INFO] src.training.train_clop: [Epoch 1][Step 100/670] Loss: 4.8657 | Acc_t2c: 0.051 | Acc_c2t: 0.055 | Temp: 0.0701 | LR: 9.04e-06
2026-02-07 14:23:14 [INFO] src.training.train_clop: [Epoch 1][Step 150/670] Loss: 4.1958 | Acc_t2c: 0.176 | Acc_c2t: 0.168 | Temp: 0.0697 | LR: 1.35e-05
2026-02-07 14:23:14 [INFO] src.training.train_clop: [Epoch 1][Step 200/670] Loss: 3.5865 | Acc_t2c: 0.234 | Acc_c2t: 0.207 | Temp: 0.0689 | LR: 1.80e-05
2026-02-07 14:23:14 [INFO] src.training.train_clop: [Epoch 1][Step 250/670] Loss: 3.2197 | Acc_t2c: 0.289 | Acc_c2t: 0.281 | Temp: 0.0680 | LR: 2.25e-05
2026-02-07 14:23:15 [INFO] src.training.train_clop: [Epoch 1][Step 300/670] Loss: 2.9695 | Acc_t2c: 0.340 | Acc_c2t: 0.320 | Temp: 0.0671 | LR: 2.70e-05
2026-02-07 14:23:15 [INFO] src.training.train_clop: [Epoch 1][Step 350/670] Loss: 2.7449 | Acc_t2c: 0.379 | Acc_c2t: 0.414 | Temp: 0.0662 | LR: 3.14e-05
2026-02-07 14:23:15 [INFO] src.training.train_clop: [Epoch 1][Step 400/670] Loss: 2.6047 | Acc_t2c: 0.402 | Acc_c2t: 0.406 | Temp: 0.0653 | LR: 3.59e-05
2026-02-07 14:23:15 [INFO] src.training.train_clop: [Epoch 1][Step 450/670] Loss: 2.4490 | Acc_t2c: 0.473 | Acc_c2t: 0.473 | Temp: 0.0644 | LR: 4.04e-05
2026-02-07 14:23:15 [INFO] src.training.train_clop: [Epoch 1][Step 500/670] Loss: 2.3019 | Acc_t2c: 0.465 | Acc_c2t: 0.531 | Temp: 0.0635 | LR: 4.49e-05
2026-02-07 14:23:15 [INFO] src.training.train_clop: [Epoch 1][Step 550/670] Loss: 2.2098 | Acc_t2c: 0.480 | Acc_c2t: 0.516 | Temp: 0.0627 | LR: 4.93e-05
2026-02-07 14:23:16 [INFO] src.training.train_clop: [Epoch 1][Step 600/670] Loss: 2.1129 | Acc_t2c: 0.559 | Acc_c2t: 0.586 | Temp: 0.0619 | LR: 5.38e-05
2026-02-07 14:23:16 [INFO] src.training.train_clop: [Epoch 1][Step 650/670] Loss: 2.1160 | Acc_t2c: 0.531 | Acc_c2t: 0.539 | Temp: 0.0612 | LR: 5.83e-05
2026-02-07 14:23:16 [INFO] src.training.train_clop: 
============================================================
Epoch 1/100 (3.2s)
  Train Loss: 3.2708
  Val   Loss: 1.9632
  Val   Acc:  0.621
============================================================
2026-02-07 14:23:16 [INFO] src.training.train_clop:   ✓ New best model saved (val_loss=1.9632)
2026-02-07 14:23:16 [INFO] src.training.train_clop: [Epoch 2][Step 0/670] Loss: 2.1932 | Acc_t2c: 0.574 | Acc_c2t: 0.586 | Temp: 0.0609 | LR: 6.01e-05
2026-02-07 14:23:16 [INFO] src.training.train_clop: [Epoch 2][Step 50/670] Loss: 2.0323 | Acc_t2c: 0.562 | Acc_c2t: 0.570 | Temp: 0.0602 | LR: 6.46e-05
2026-02-07 14:23:16 [INFO] src.training.train_clop: [Epoch 2][Step 100/670] Loss: 2.0386 | Acc_t2c: 0.590 | Acc_c2t: 0.605 | Temp: 0.0596 | LR: 6.90e-05
2026-02-07 14:23:17 [INFO] src.training.train_clop: [Epoch 2][Step 150/670] Loss: 1.9784 | Acc_t2c: 0.598 | Acc_c2t: 0.559 | Temp: 0.0591 | LR: 7.35e-05
2026-02-07 14:23:17 [INFO] src.training.train_clop: [Epoch 2][Step 200/670] Loss: 1.9642 | Acc_t2c: 0.598 | Acc_c2t: 0.629 | Temp: 0.0586 | LR: 7.80e-05
2026-02-07 14:23:17 [INFO] src.training.train_clop: [Epoch 2][Step 250/670] Loss: 1.8635 | Acc_t2c: 0.605 | Acc_c2t: 0.629 | Temp: 0.0582 | LR: 8.25e-05
2026-02-07 14:23:17 [INFO] src.training.train_clop: [Epoch 2][Step 300/670] Loss: 1.9137 | Acc_t2c: 0.582 | Acc_c2t: 0.613 | Temp: 0.0578 | LR: 8.70e-05
2026-02-07 14:23:17 [INFO] src.training.train_clop: [Epoch 2][Step 350/670] Loss: 1.8949 | Acc_t2c: 0.637 | Acc_c2t: 0.660 | Temp: 0.0575 | LR: 9.14e-05
2026-02-07 14:23:17 [INFO] src.training.train_clop: [Epoch 2][Step 400/670] Loss: 1.8790 | Acc_t2c: 0.625 | Acc_c2t: 0.602 | Temp: 0.0572 | LR: 9.59e-05
2026-02-07 14:23:18 [INFO] src.training.train_clop: [Epoch 2][Step 450/670] Loss: 1.8617 | Acc_t2c: 0.652 | Acc_c2t: 0.668 | Temp: 0.0570 | LR: 1.00e-04
2026-02-07 14:23:18 [INFO] src.training.train_clop: [Epoch 2][Step 500/670] Loss: 1.8592 | Acc_t2c: 0.602 | Acc_c2t: 0.625 | Temp: 0.0569 | LR: 1.05e-04
2026-02-07 14:23:18 [INFO] src.training.train_clop: [Epoch 2][Step 550/670] Loss: 1.8788 | Acc_t2c: 0.652 | Acc_c2t: 0.605 | Temp: 0.0567 | LR: 1.09e-04
2026-02-07 14:23:18 [INFO] src.training.train_clop: [Epoch 2][Step 600/670] Loss: 1.8706 | Acc_t2c: 0.609 | Acc_c2t: 0.660 | Temp: 0.0566 | LR: 1.14e-04
2026-02-07 14:23:18 [INFO] src.training.train_clop: [Epoch 2][Step 650/670] Loss: 1.8279 | Acc_t2c: 0.633 | Acc_c2t: 0.660 | Temp: 0.0566 | LR: 1.18e-04
2026-02-07 14:23:18 [INFO] src.training.train_clop: 
============================================================
Epoch 2/100 (2.2s)
  Train Loss: 1.9031
  Val   Loss: 1.7023
  Val   Acc:  0.701
============================================================
2026-02-07 14:23:18 [INFO] src.training.train_clop:   ✓ New best model saved (val_loss=1.7023)
2026-02-07 14:23:18 [INFO] src.training.train_clop: [Epoch 3][Step 0/670] Loss: 1.6711 | Acc_t2c: 0.699 | Acc_c2t: 0.746 | Temp: 0.0566 | LR: 1.20e-04
2026-02-07 14:23:19 [INFO] src.training.train_clop: [Epoch 3][Step 50/670] Loss: 1.8246 | Acc_t2c: 0.645 | Acc_c2t: 0.602 | Temp: 0.0564 | LR: 1.25e-04
2026-02-07 14:23:19 [INFO] src.training.train_clop: [Epoch 3][Step 100/670] Loss: 1.7224 | Acc_t2c: 0.680 | Acc_c2t: 0.715 | Temp: 0.0563 | LR: 1.29e-04
2026-02-07 14:23:19 [INFO] src.training.train_clop: [Epoch 3][Step 150/670] Loss: 1.7297 | Acc_t2c: 0.660 | Acc_c2t: 0.707 | Temp: 0.0563 | LR: 1.34e-04
2026-02-07 14:23:19 [INFO] src.training.train_clop: [Epoch 3][Step 200/670] Loss: 1.7282 | Acc_t2c: 0.656 | Acc_c2t: 0.699 | Temp: 0.0563 | LR: 1.38e-04
2026-02-07 14:23:19 [INFO] src.training.train_clop: [Epoch 3][Step 250/670] Loss: 1.6811 | Acc_t2c: 0.672 | Acc_c2t: 0.703 | Temp: 0.0564 | LR: 1.42e-04
2026-02-07 14:23:19 [INFO] src.training.train_clop: [Epoch 3][Step 300/670] Loss: 1.7168 | Acc_t2c: 0.711 | Acc_c2t: 0.688 | Temp: 0.0564 | LR: 1.47e-04
2026-02-07 14:23:19 [INFO] src.training.train_clop: [Epoch 3][Step 350/670] Loss: 1.8119 | Acc_t2c: 0.645 | Acc_c2t: 0.684 | Temp: 0.0566 | LR: 1.51e-04
2026-02-07 14:23:20 [INFO] src.training.train_clop: [Epoch 3][Step 400/670] Loss: 1.6412 | Acc_t2c: 0.746 | Acc_c2t: 0.711 | Temp: 0.0567 | LR: 1.56e-04
2026-02-07 14:23:20 [INFO] src.training.train_clop: [Epoch 3][Step 450/670] Loss: 1.7547 | Acc_t2c: 0.652 | Acc_c2t: 0.695 | Temp: 0.0568 | LR: 1.60e-04
2026-02-07 14:23:20 [INFO] src.training.train_clop: [Epoch 3][Step 500/670] Loss: 1.6022 | Acc_t2c: 0.723 | Acc_c2t: 0.695 | Temp: 0.0568 | LR: 1.65e-04
2026-02-07 14:23:20 [INFO] src.training.train_clop: [Epoch 3][Step 550/670] Loss: 1.6165 | Acc_t2c: 0.707 | Acc_c2t: 0.707 | Temp: 0.0567 | LR: 1.69e-04
2026-02-07 14:23:20 [INFO] src.training.train_clop: [Epoch 3][Step 600/670] Loss: 1.7347 | Acc_t2c: 0.648 | Acc_c2t: 0.652 | Temp: 0.0569 | LR: 1.74e-04
2026-02-07 14:23:20 [INFO] src.training.train_clop: [Epoch 3][Step 650/670] Loss: 1.6952 | Acc_t2c: 0.676 | Acc_c2t: 0.656 | Temp: 0.0567 | LR: 1.78e-04
2026-02-07 14:23:21 [INFO] src.training.train_clop: 
============================================================
Epoch 3/100 (2.3s)
  Train Loss: 1.7192
  Val   Loss: 1.6203
  Val   Acc:  0.721
============================================================
2026-02-07 14:23:21 [INFO] src.training.train_clop:   ✓ New best model saved (val_loss=1.6203)
2026-02-07 14:23:21 [INFO] src.training.train_clop: [Epoch 4][Step 0/670] Loss: 1.6282 | Acc_t2c: 0.707 | Acc_c2t: 0.723 | Temp: 0.0569 | LR: 1.80e-04
2026-02-07 14:23:21 [INFO] src.training.train_clop: [Epoch 4][Step 50/670] Loss: 1.6423 | Acc_t2c: 0.703 | Acc_c2t: 0.711 | Temp: 0.0569 | LR: 1.85e-04
2026-02-07 14:23:21 [INFO] src.training.train_clop: [Epoch 4][Step 100/670] Loss: 1.5915 | Acc_t2c: 0.730 | Acc_c2t: 0.770 | Temp: 0.0571 | LR: 1.89e-04
2026-02-07 14:23:21 [INFO] src.training.train_clop: [Epoch 4][Step 150/670] Loss: 1.6009 | Acc_t2c: 0.715 | Acc_c2t: 0.781 | Temp: 0.0570 | LR: 1.94e-04
2026-02-07 14:23:21 [INFO] src.training.train_clop: [Epoch 4][Step 200/670] Loss: 1.5991 | Acc_t2c: 0.727 | Acc_c2t: 0.750 | Temp: 0.0571 | LR: 1.98e-04
2026-02-07 14:23:22 [INFO] src.training.train_clop: [Epoch 4][Step 250/670] Loss: 1.6321 | Acc_t2c: 0.719 | Acc_c2t: 0.719 | Temp: 0.0569 | LR: 2.02e-04
2026-02-07 14:23:22 [INFO] src.training.train_clop: [Epoch 4][Step 300/670] Loss: 1.6495 | Acc_t2c: 0.691 | Acc_c2t: 0.707 | Temp: 0.0571 | LR: 2.07e-04
2026-02-07 14:23:22 [INFO] src.training.train_clop: [Epoch 4][Step 350/670] Loss: 1.5300 | Acc_t2c: 0.766 | Acc_c2t: 0.777 | Temp: 0.0572 | LR: 2.11e-04
2026-02-07 14:23:22 [INFO] src.training.train_clop: [Epoch 4][Step 400/670] Loss: 1.6476 | Acc_t2c: 0.707 | Acc_c2t: 0.715 | Temp: 0.0573 | LR: 2.16e-04
2026-02-07 14:23:22 [INFO] src.training.train_clop: [Epoch 4][Step 450/670] Loss: 1.6118 | Acc_t2c: 0.691 | Acc_c2t: 0.723 | Temp: 0.0576 | LR: 2.20e-04
2026-02-07 14:23:22 [INFO] src.training.train_clop: [Epoch 4][Step 500/670] Loss: 1.5507 | Acc_t2c: 0.734 | Acc_c2t: 0.766 | Temp: 0.0572 | LR: 2.25e-04
2026-02-07 14:23:23 [INFO] src.training.train_clop: [Epoch 4][Step 550/670] Loss: 1.6718 | Acc_t2c: 0.691 | Acc_c2t: 0.711 | Temp: 0.0575 | LR: 2.29e-04
2026-02-07 14:23:23 [INFO] src.training.train_clop: [Epoch 4][Step 600/670] Loss: 1.6327 | Acc_t2c: 0.695 | Acc_c2t: 0.703 | Temp: 0.0576 | LR: 2.34e-04
2026-02-07 14:23:23 [INFO] src.training.train_clop: [Epoch 4][Step 650/670] Loss: 1.6132 | Acc_t2c: 0.688 | Acc_c2t: 0.688 | Temp: 0.0580 | LR: 2.38e-04
2026-02-07 14:23:23 [INFO] src.training.train_clop: 
============================================================
Epoch 4/100 (2.3s)
  Train Loss: 1.6359
  Val   Loss: 1.5689
  Val   Acc:  0.734
============================================================
2026-02-07 14:23:23 [INFO] src.training.train_clop:   ✓ New best model saved (val_loss=1.5689)
2026-02-07 14:23:23 [INFO] src.training.train_clop: [Epoch 5][Step 0/670] Loss: 1.6141 | Acc_t2c: 0.703 | Acc_c2t: 0.715 | Temp: 0.0577 | LR: 2.40e-04
2026-02-07 14:23:23 [INFO] src.training.train_clop: [Epoch 5][Step 50/670] Loss: 1.6389 | Acc_t2c: 0.691 | Acc_c2t: 0.680 | Temp: 0.0576 | LR: 2.45e-04
2026-02-07 14:23:23 [INFO] src.training.train_clop: [Epoch 5][Step 100/670] Loss: 1.6005 | Acc_t2c: 0.719 | Acc_c2t: 0.738 | Temp: 0.0578 | LR: 2.49e-04
2026-02-07 14:23:24 [INFO] src.training.train_clop: [Epoch 5][Step 150/670] Loss: 1.5109 | Acc_t2c: 0.762 | Acc_c2t: 0.777 | Temp: 0.0577 | LR: 2.54e-04
2026-02-07 14:23:24 [INFO] src.training.train_clop: [Epoch 5][Step 200/670] Loss: 1.5633 | Acc_t2c: 0.715 | Acc_c2t: 0.738 | Temp: 0.0578 | LR: 2.58e-04
2026-02-07 14:23:24 [INFO] src.training.train_clop: [Epoch 5][Step 250/670] Loss: 1.5079 | Acc_t2c: 0.762 | Acc_c2t: 0.695 | Temp: 0.0577 | LR: 2.62e-04
2026-02-07 14:23:24 [INFO] src.training.train_clop: [Epoch 5][Step 300/670] Loss: 1.6057 | Acc_t2c: 0.734 | Acc_c2t: 0.727 | Temp: 0.0582 | LR: 2.67e-04
2026-02-07 14:23:24 [INFO] src.training.train_clop: [Epoch 5][Step 350/670] Loss: 1.5944 | Acc_t2c: 0.742 | Acc_c2t: 0.703 | Temp: 0.0579 | LR: 2.71e-04
2026-02-07 14:23:25 [INFO] src.training.train_clop: [Epoch 5][Step 400/670] Loss: 1.6008 | Acc_t2c: 0.711 | Acc_c2t: 0.730 | Temp: 0.0580 | LR: 2.76e-04
2026-02-07 14:23:25 [INFO] src.training.train_clop: [Epoch 5][Step 450/670] Loss: 1.5723 | Acc_t2c: 0.766 | Acc_c2t: 0.727 | Temp: 0.0579 | LR: 2.80e-04
2026-02-07 14:23:25 [INFO] src.training.train_clop: [Epoch 5][Step 500/670] Loss: 1.5766 | Acc_t2c: 0.727 | Acc_c2t: 0.715 | Temp: 0.0580 | LR: 2.85e-04
2026-02-07 14:23:25 [INFO] src.training.train_clop: [Epoch 5][Step 550/670] Loss: 1.6237 | Acc_t2c: 0.707 | Acc_c2t: 0.707 | Temp: 0.0580 | LR: 2.89e-04
2026-02-07 14:23:25 [INFO] src.training.train_clop: [Epoch 5][Step 600/670] Loss: 1.5203 | Acc_t2c: 0.738 | Acc_c2t: 0.730 | Temp: 0.0585 | LR: 2.94e-04
2026-02-07 14:23:26 [INFO] src.training.train_clop: [Epoch 5][Step 650/670] Loss: 1.6016 | Acc_t2c: 0.723 | Acc_c2t: 0.711 | Temp: 0.0587 | LR: 2.98e-04
2026-02-07 14:23:26 [INFO] src.training.train_clop: 
============================================================
Epoch 5/100 (2.7s)
  Train Loss: 1.5893
  Val   Loss: 1.5344
  Val   Acc:  0.740
============================================================
2026-02-07 14:23:26 [INFO] src.training.train_clop:   ✓ New best model saved (val_loss=1.5344)
2026-02-07 14:23:26 [INFO] src.training.train_clop: [Epoch 6][Step 0/670] Loss: 1.5836 | Acc_t2c: 0.715 | Acc_c2t: 0.734 | Temp: 0.0588 | LR: 3.00e-04
2026-02-07 14:23:26 [INFO] src.training.train_clop: [Epoch 6][Step 50/670] Loss: 1.5159 | Acc_t2c: 0.734 | Acc_c2t: 0.723 | Temp: 0.0579 | LR: 3.00e-04
2026-02-07 14:23:26 [INFO] src.training.train_clop: [Epoch 6][Step 100/670] Loss: 1.6093 | Acc_t2c: 0.699 | Acc_c2t: 0.715 | Temp: 0.0582 | LR: 3.00e-04
2026-02-07 14:23:26 [INFO] src.training.train_clop: [Epoch 6][Step 150/670] Loss: 1.5323 | Acc_t2c: 0.734 | Acc_c2t: 0.734 | Temp: 0.0583 | LR: 3.00e-04
2026-02-07 14:23:26 [INFO] src.training.train_clop: [Epoch 6][Step 200/670] Loss: 1.5328 | Acc_t2c: 0.746 | Acc_c2t: 0.746 | Temp: 0.0590 | LR: 3.00e-04
2026-02-07 14:23:27 [INFO] src.training.train_clop: [Epoch 6][Step 250/670] Loss: 1.5483 | Acc_t2c: 0.727 | Acc_c2t: 0.742 | Temp: 0.0587 | LR: 3.00e-04
2026-02-07 14:23:27 [INFO] src.training.train_clop: [Epoch 6][Step 300/670] Loss: 1.5236 | Acc_t2c: 0.766 | Acc_c2t: 0.738 | Temp: 0.0590 | LR: 3.00e-04
2026-02-07 14:23:27 [INFO] src.training.train_clop: [Epoch 6][Step 350/670] Loss: 1.6055 | Acc_t2c: 0.719 | Acc_c2t: 0.703 | Temp: 0.0590 | LR: 3.00e-04
2026-02-07 14:23:27 [INFO] src.training.train_clop: [Epoch 6][Step 400/670] Loss: 1.5082 | Acc_t2c: 0.746 | Acc_c2t: 0.770 | Temp: 0.0591 | LR: 3.00e-04
2026-02-07 14:23:27 [INFO] src.training.train_clop: [Epoch 6][Step 450/670] Loss: 1.5465 | Acc_t2c: 0.754 | Acc_c2t: 0.711 | Temp: 0.0594 | LR: 3.00e-04
2026-02-07 14:23:27 [INFO] src.training.train_clop: [Epoch 6][Step 500/670] Loss: 1.5085 | Acc_t2c: 0.758 | Acc_c2t: 0.766 | Temp: 0.0593 | LR: 3.00e-04
2026-02-07 14:23:28 [INFO] src.training.train_clop: [Epoch 6][Step 550/670] Loss: 1.5379 | Acc_t2c: 0.730 | Acc_c2t: 0.754 | Temp: 0.0593 | LR: 3.00e-04
2026-02-07 14:23:28 [INFO] src.training.train_clop: [Epoch 6][Step 600/670] Loss: 1.5194 | Acc_t2c: 0.758 | Acc_c2t: 0.734 | Temp: 0.0591 | LR: 3.00e-04
2026-02-07 14:23:28 [INFO] src.training.train_clop: [Epoch 6][Step 650/670] Loss: 1.5913 | Acc_t2c: 0.707 | Acc_c2t: 0.660 | Temp: 0.0594 | LR: 3.00e-04
2026-02-07 14:23:28 [INFO] src.training.train_clop: 
============================================================
Epoch 6/100 (2.2s)
  Train Loss: 1.5464
  Val   Loss: 1.5040
  Val   Acc:  0.745
============================================================
2026-02-07 14:23:28 [INFO] src.training.train_clop:   ✓ New best model saved (val_loss=1.5040)
2026-02-07 14:23:28 [INFO] src.training.train_clop: [Epoch 7][Step 0/670] Loss: 1.5023 | Acc_t2c: 0.758 | Acc_c2t: 0.750 | Temp: 0.0591 | LR: 3.00e-04
2026-02-07 14:23:28 [INFO] src.training.train_clop: [Epoch 7][Step 50/670] Loss: 1.4865 | Acc_t2c: 0.762 | Acc_c2t: 0.750 | Temp: 0.0596 | LR: 3.00e-04
2026-02-07 14:23:28 [INFO] src.training.train_clop: [Epoch 7][Step 100/670] Loss: 1.5219 | Acc_t2c: 0.750 | Acc_c2t: 0.711 | Temp: 0.0595 | LR: 3.00e-04
2026-02-07 14:23:28 [INFO] src.training.train_clop: [Epoch 7][Step 150/670] Loss: 1.5147 | Acc_t2c: 0.770 | Acc_c2t: 0.723 | Temp: 0.0592 | LR: 3.00e-04
2026-02-07 14:23:29 [INFO] src.training.train_clop: [Epoch 7][Step 200/670] Loss: 1.5748 | Acc_t2c: 0.703 | Acc_c2t: 0.719 | Temp: 0.0590 | LR: 3.00e-04
2026-02-07 14:23:29 [INFO] src.training.train_clop: [Epoch 7][Step 250/670] Loss: 1.4691 | Acc_t2c: 0.754 | Acc_c2t: 0.766 | Temp: 0.0593 | LR: 3.00e-04
2026-02-07 14:23:29 [INFO] src.training.train_clop: [Epoch 7][Step 300/670] Loss: 1.5079 | Acc_t2c: 0.742 | Acc_c2t: 0.750 | Temp: 0.0591 | LR: 3.00e-04
2026-02-07 14:23:29 [INFO] src.training.train_clop: [Epoch 7][Step 350/670] Loss: 1.5137 | Acc_t2c: 0.746 | Acc_c2t: 0.730 | Temp: 0.0594 | LR: 3.00e-04
2026-02-07 14:23:29 [INFO] src.training.train_clop: [Epoch 7][Step 400/670] Loss: 1.5251 | Acc_t2c: 0.762 | Acc_c2t: 0.727 | Temp: 0.0588 | LR: 3.00e-04
2026-02-07 14:23:29 [INFO] src.training.train_clop: [Epoch 7][Step 450/670] Loss: 1.5136 | Acc_t2c: 0.742 | Acc_c2t: 0.758 | Temp: 0.0599 | LR: 3.00e-04
2026-02-07 14:23:30 [INFO] src.training.train_clop: [Epoch 7][Step 500/670] Loss: 1.5194 | Acc_t2c: 0.727 | Acc_c2t: 0.754 | Temp: 0.0598 | LR: 3.00e-04
2026-02-07 14:23:30 [INFO] src.training.train_clop: [Epoch 7][Step 550/670] Loss: 1.4234 | Acc_t2c: 0.781 | Acc_c2t: 0.797 | Temp: 0.0596 | LR: 3.00e-04
2026-02-07 14:23:30 [INFO] src.training.train_clop: [Epoch 7][Step 600/670] Loss: 1.5484 | Acc_t2c: 0.723 | Acc_c2t: 0.707 | Temp: 0.0599 | LR: 3.00e-04
2026-02-07 14:23:30 [INFO] src.training.train_clop: [Epoch 7][Step 650/670] Loss: 1.4619 | Acc_t2c: 0.801 | Acc_c2t: 0.781 | Temp: 0.0597 | LR: 3.00e-04
2026-02-07 14:23:30 [INFO] src.training.train_clop: 
============================================================
Epoch 7/100 (2.3s)
  Train Loss: 1.5085
  Val   Loss: 1.4771
  Val   Acc:  0.753
============================================================
2026-02-07 14:23:30 [INFO] src.training.train_clop:   ✓ New best model saved (val_loss=1.4771)
2026-02-07 14:23:30 [INFO] src.training.train_clop: [Epoch 8][Step 0/670] Loss: 1.4622 | Acc_t2c: 0.766 | Acc_c2t: 0.742 | Temp: 0.0603 | LR: 3.00e-04
2026-02-07 14:23:30 [INFO] src.training.train_clop: [Epoch 8][Step 50/670] Loss: 1.5316 | Acc_t2c: 0.723 | Acc_c2t: 0.750 | Temp: 0.0598 | LR: 3.00e-04
2026-02-07 14:23:31 [INFO] src.training.train_clop: [Epoch 8][Step 100/670] Loss: 1.4576 | Acc_t2c: 0.781 | Acc_c2t: 0.754 | Temp: 0.0600 | LR: 3.00e-04
2026-02-07 14:23:31 [INFO] src.training.train_clop: [Epoch 8][Step 150/670] Loss: 1.4983 | Acc_t2c: 0.730 | Acc_c2t: 0.723 | Temp: 0.0599 | LR: 3.00e-04
2026-02-07 14:23:31 [INFO] src.training.train_clop: [Epoch 8][Step 200/670] Loss: 1.5826 | Acc_t2c: 0.711 | Acc_c2t: 0.688 | Temp: 0.0601 | LR: 3.00e-04
2026-02-07 14:23:31 [INFO] src.training.train_clop: [Epoch 8][Step 250/670] Loss: 1.4662 | Acc_t2c: 0.742 | Acc_c2t: 0.754 | Temp: 0.0600 | LR: 3.00e-04
2026-02-07 14:23:31 [INFO] src.training.train_clop: [Epoch 8][Step 300/670] Loss: 1.4942 | Acc_t2c: 0.742 | Acc_c2t: 0.738 | Temp: 0.0598 | LR: 3.00e-04
2026-02-07 14:23:32 [INFO] src.training.train_clop: [Epoch 8][Step 350/670] Loss: 1.5418 | Acc_t2c: 0.703 | Acc_c2t: 0.727 | Temp: 0.0599 | LR: 2.99e-04
2026-02-07 14:23:32 [INFO] src.training.train_clop: [Epoch 8][Step 400/670] Loss: 1.5050 | Acc_t2c: 0.715 | Acc_c2t: 0.691 | Temp: 0.0600 | LR: 2.99e-04
2026-02-07 14:23:32 [INFO] src.training.train_clop: [Epoch 8][Step 450/670] Loss: 1.4820 | Acc_t2c: 0.742 | Acc_c2t: 0.715 | Temp: 0.0599 | LR: 2.99e-04
2026-02-07 14:23:32 [INFO] src.training.train_clop: [Epoch 8][Step 500/670] Loss: 1.5296 | Acc_t2c: 0.703 | Acc_c2t: 0.691 | Temp: 0.0602 | LR: 2.99e-04
2026-02-07 14:23:32 [INFO] src.training.train_clop: [Epoch 8][Step 550/670] Loss: 1.4784 | Acc_t2c: 0.777 | Acc_c2t: 0.766 | Temp: 0.0602 | LR: 2.99e-04
2026-02-07 14:23:32 [INFO] src.training.train_clop: [Epoch 8][Step 600/670] Loss: 1.4814 | Acc_t2c: 0.793 | Acc_c2t: 0.734 | Temp: 0.0603 | LR: 2.99e-04
2026-02-07 14:23:33 [INFO] src.training.train_clop: [Epoch 8][Step 650/670] Loss: 1.4563 | Acc_t2c: 0.770 | Acc_c2t: 0.766 | Temp: 0.0603 | LR: 2.99e-04
2026-02-07 14:23:33 [INFO] src.training.train_clop: 
============================================================
Epoch 8/100 (2.4s)
  Train Loss: 1.4789
  Val   Loss: 1.4612
  Val   Acc:  0.758
============================================================
2026-02-07 14:23:33 [INFO] src.training.train_clop:   ✓ New best model saved (val_loss=1.4612)
2026-02-07 14:23:33 [INFO] src.training.train_clop: [Epoch 9][Step 0/670] Loss: 1.5126 | Acc_t2c: 0.734 | Acc_c2t: 0.738 | Temp: 0.0604 | LR: 2.99e-04
2026-02-07 14:23:33 [INFO] src.training.train_clop: [Epoch 9][Step 50/670] Loss: 1.4249 | Acc_t2c: 0.789 | Acc_c2t: 0.773 | Temp: 0.0602 | LR: 2.99e-04
2026-02-07 14:23:33 [INFO] src.training.train_clop: [Epoch 9][Step 100/670] Loss: 1.4741 | Acc_t2c: 0.723 | Acc_c2t: 0.719 | Temp: 0.0601 | LR: 2.99e-04
2026-02-07 14:23:33 [INFO] src.training.train_clop: [Epoch 9][Step 150/670] Loss: 1.5114 | Acc_t2c: 0.742 | Acc_c2t: 0.730 | Temp: 0.0602 | LR: 2.99e-04
2026-02-07 14:23:33 [INFO] src.training.train_clop: [Epoch 9][Step 200/670] Loss: 1.3879 | Acc_t2c: 0.797 | Acc_c2t: 0.801 | Temp: 0.0603 | LR: 2.99e-04
2026-02-07 14:23:34 [INFO] src.training.train_clop: [Epoch 9][Step 250/670] Loss: 1.4215 | Acc_t2c: 0.781 | Acc_c2t: 0.746 | Temp: 0.0606 | LR: 2.99e-04
2026-02-07 14:23:34 [INFO] src.training.train_clop: [Epoch 9][Step 300/670] Loss: 1.4344 | Acc_t2c: 0.785 | Acc_c2t: 0.781 | Temp: 0.0606 | LR: 2.99e-04
2026-02-07 14:23:34 [INFO] src.training.train_clop: [Epoch 9][Step 350/670] Loss: 1.4838 | Acc_t2c: 0.742 | Acc_c2t: 0.758 | Temp: 0.0603 | LR: 2.99e-04
2026-02-07 14:23:34 [INFO] src.training.train_clop: [Epoch 9][Step 400/670] Loss: 1.5089 | Acc_t2c: 0.754 | Acc_c2t: 0.723 | Temp: 0.0604 | LR: 2.99e-04
2026-02-07 14:23:34 [INFO] src.training.train_clop: [Epoch 9][Step 450/670] Loss: 1.4229 | Acc_t2c: 0.785 | Acc_c2t: 0.762 | Temp: 0.0606 | LR: 2.99e-04
2026-02-07 14:23:34 [INFO] src.training.train_clop: [Epoch 9][Step 500/670] Loss: 1.4810 | Acc_t2c: 0.773 | Acc_c2t: 0.754 | Temp: 0.0605 | LR: 2.99e-04
2026-02-07 14:23:34 [INFO] src.training.train_clop: [Epoch 9][Step 550/670] Loss: 1.4959 | Acc_t2c: 0.750 | Acc_c2t: 0.742 | Temp: 0.0605 | LR: 2.99e-04
2026-02-07 14:23:35 [INFO] src.training.train_clop: [Epoch 9][Step 600/670] Loss: 1.4250 | Acc_t2c: 0.750 | Acc_c2t: 0.758 | Temp: 0.0603 | LR: 2.99e-04
2026-02-07 14:23:35 [INFO] src.training.train_clop: [Epoch 9][Step 650/670] Loss: 1.5136 | Acc_t2c: 0.719 | Acc_c2t: 0.719 | Temp: 0.0604 | LR: 2.99e-04
2026-02-07 14:23:35 [INFO] src.training.train_clop: 
============================================================
Epoch 9/100 (2.2s)
  Train Loss: 1.4598
  Val   Loss: 1.4437
  Val   Acc:  0.762
============================================================
2026-02-07 14:23:35 [INFO] src.training.train_clop:   ✓ New best model saved (val_loss=1.4437)
2026-02-07 14:23:35 [INFO] src.training.train_clop: [Epoch 10][Step 0/670] Loss: 1.4418 | Acc_t2c: 0.750 | Acc_c2t: 0.754 | Temp: 0.0610 | LR: 2.99e-04
2026-02-07 14:23:35 [INFO] src.training.train_clop: [Epoch 10][Step 50/670] Loss: 1.4490 | Acc_t2c: 0.785 | Acc_c2t: 0.750 | Temp: 0.0603 | LR: 2.99e-04
2026-02-07 14:23:35 [INFO] src.training.train_clop: [Epoch 10][Step 100/670] Loss: 1.4441 | Acc_t2c: 0.758 | Acc_c2t: 0.762 | Temp: 0.0605 | LR: 2.99e-04
2026-02-07 14:23:35 [INFO] src.training.train_clop: [Epoch 10][Step 150/670] Loss: 1.4387 | Acc_t2c: 0.785 | Acc_c2t: 0.766 | Temp: 0.0603 | LR: 2.99e-04
2026-02-07 14:23:36 [INFO] src.training.train_clop: [Epoch 10][Step 200/670] Loss: 1.4614 | Acc_t2c: 0.758 | Acc_c2t: 0.727 | Temp: 0.0606 | LR: 2.99e-04
2026-02-07 14:23:36 [INFO] src.training.train_clop: [Epoch 10][Step 250/670] Loss: 1.4052 | Acc_t2c: 0.801 | Acc_c2t: 0.770 | Temp: 0.0607 | LR: 2.98e-04
2026-02-07 14:23:36 [INFO] src.training.train_clop: [Epoch 10][Step 300/670] Loss: 1.4359 | Acc_t2c: 0.750 | Acc_c2t: 0.762 | Temp: 0.0605 | LR: 2.98e-04
2026-02-07 14:23:36 [INFO] src.training.train_clop: [Epoch 10][Step 350/670] Loss: 1.3740 | Acc_t2c: 0.785 | Acc_c2t: 0.816 | Temp: 0.0604 | LR: 2.98e-04
2026-02-07 14:23:36 [INFO] src.training.train_clop: [Epoch 10][Step 400/670] Loss: 1.5137 | Acc_t2c: 0.723 | Acc_c2t: 0.707 | Temp: 0.0603 | LR: 2.98e-04
2026-02-07 14:23:36 [INFO] src.training.train_clop: [Epoch 10][Step 450/670] Loss: 1.4572 | Acc_t2c: 0.766 | Acc_c2t: 0.785 | Temp: 0.0604 | LR: 2.98e-04
2026-02-07 14:23:37 [INFO] src.training.train_clop: [Epoch 10][Step 500/670] Loss: 1.3864 | Acc_t2c: 0.785 | Acc_c2t: 0.762 | Temp: 0.0603 | LR: 2.98e-04
2026-02-07 14:23:37 [INFO] src.training.train_clop: [Epoch 10][Step 550/670] Loss: 1.4938 | Acc_t2c: 0.688 | Acc_c2t: 0.707 | Temp: 0.0611 | LR: 2.98e-04
2026-02-07 14:23:37 [INFO] src.training.train_clop: [Epoch 10][Step 600/670] Loss: 1.4120 | Acc_t2c: 0.758 | Acc_c2t: 0.758 | Temp: 0.0608 | LR: 2.98e-04
2026-02-07 14:23:37 [INFO] src.training.train_clop: [Epoch 10][Step 650/670] Loss: 1.4375 | Acc_t2c: 0.777 | Acc_c2t: 0.781 | Temp: 0.0608 | LR: 2.98e-04
2026-02-07 14:23:37 [INFO] src.training.train_clop: 
============================================================
Epoch 10/100 (2.3s)
  Train Loss: 1.4413
  Val   Loss: 1.4290
  Val   Acc:  0.763
============================================================
2026-02-07 14:23:37 [INFO] src.training.train_clop:   ✓ New best model saved (val_loss=1.4290)
2026-02-07 14:23:37 [INFO] src.training.train_clop: [Epoch 11][Step 0/670] Loss: 1.4539 | Acc_t2c: 0.750 | Acc_c2t: 0.734 | Temp: 0.0608 | LR: 2.98e-04
2026-02-07 14:23:38 [INFO] src.training.train_clop: [Epoch 11][Step 50/670] Loss: 1.4468 | Acc_t2c: 0.770 | Acc_c2t: 0.742 | Temp: 0.0603 | LR: 2.98e-04
2026-02-07 14:23:38 [INFO] src.training.train_clop: [Epoch 11][Step 100/670] Loss: 1.4079 | Acc_t2c: 0.785 | Acc_c2t: 0.762 | Temp: 0.0609 | LR: 2.98e-04
2026-02-07 14:23:38 [INFO] src.training.train_clop: [Epoch 11][Step 150/670] Loss: 1.4033 | Acc_t2c: 0.816 | Acc_c2t: 0.766 | Temp: 0.0611 | LR: 2.98e-04
2026-02-07 14:23:38 [INFO] src.training.train_clop: [Epoch 11][Step 200/670] Loss: 1.3806 | Acc_t2c: 0.805 | Acc_c2t: 0.789 | Temp: 0.0606 | LR: 2.98e-04
2026-02-07 14:23:38 [INFO] src.training.train_clop: [Epoch 11][Step 250/670] Loss: 1.3944 | Acc_t2c: 0.805 | Acc_c2t: 0.781 | Temp: 0.0606 | LR: 2.98e-04
2026-02-07 14:23:38 [INFO] src.training.train_clop: [Epoch 11][Step 300/670] Loss: 1.4195 | Acc_t2c: 0.742 | Acc_c2t: 0.766 | Temp: 0.0612 | LR: 2.98e-04
2026-02-07 14:23:39 [INFO] src.training.train_clop: [Epoch 11][Step 350/670] Loss: 1.3876 | Acc_t2c: 0.805 | Acc_c2t: 0.809 | Temp: 0.0609 | LR: 2.98e-04
2026-02-07 14:23:39 [INFO] src.training.train_clop: [Epoch 11][Step 400/670] Loss: 1.3669 | Acc_t2c: 0.781 | Acc_c2t: 0.773 | Temp: 0.0606 | LR: 2.97e-04
2026-02-07 14:23:39 [INFO] src.training.train_clop: [Epoch 11][Step 450/670] Loss: 1.4217 | Acc_t2c: 0.777 | Acc_c2t: 0.781 | Temp: 0.0611 | LR: 2.97e-04
2026-02-07 14:23:39 [INFO] src.training.train_clop: [Epoch 11][Step 500/670] Loss: 1.4286 | Acc_t2c: 0.754 | Acc_c2t: 0.754 | Temp: 0.0611 | LR: 2.97e-04
2026-02-07 14:23:39 [INFO] src.training.train_clop: [Epoch 11][Step 550/670] Loss: 1.4673 | Acc_t2c: 0.730 | Acc_c2t: 0.734 | Temp: 0.0614 | LR: 2.97e-04
2026-02-07 14:23:39 [INFO] src.training.train_clop: [Epoch 11][Step 600/670] Loss: 1.3934 | Acc_t2c: 0.805 | Acc_c2t: 0.738 | Temp: 0.0613 | LR: 2.97e-04
2026-02-07 14:23:40 [INFO] src.training.train_clop: [Epoch 11][Step 650/670] Loss: 1.4240 | Acc_t2c: 0.785 | Acc_c2t: 0.770 | Temp: 0.0613 | LR: 2.97e-04
2026-02-07 14:23:40 [INFO] src.training.train_clop: 
============================================================
Epoch 11/100 (2.4s)
  Train Loss: 1.4264
  Val   Loss: 1.4240
  Val   Acc:  0.764
============================================================
2026-02-07 14:23:40 [INFO] src.training.train_clop:   ✓ New best model saved (val_loss=1.4240)
2026-02-07 14:23:40 [INFO] src.training.train_clop: [Epoch 12][Step 0/670] Loss: 1.4205 | Acc_t2c: 0.777 | Acc_c2t: 0.762 | Temp: 0.0617 | LR: 2.97e-04
2026-02-07 14:23:40 [INFO] src.training.train_clop: [Epoch 12][Step 50/670] Loss: 1.4387 | Acc_t2c: 0.758 | Acc_c2t: 0.773 | Temp: 0.0615 | LR: 2.97e-04
2026-02-07 14:23:40 [INFO] src.training.train_clop: [Epoch 12][Step 100/670] Loss: 1.3921 | Acc_t2c: 0.793 | Acc_c2t: 0.785 | Temp: 0.0612 | LR: 2.97e-04
2026-02-07 14:23:40 [INFO] src.training.train_clop: [Epoch 12][Step 150/670] Loss: 1.3936 | Acc_t2c: 0.738 | Acc_c2t: 0.742 | Temp: 0.0612 | LR: 2.97e-04
2026-02-07 14:23:40 [INFO] src.training.train_clop: [Epoch 12][Step 200/670] Loss: 1.4713 | Acc_t2c: 0.734 | Acc_c2t: 0.730 | Temp: 0.0614 | LR: 2.97e-04
2026-02-07 14:23:41 [INFO] src.training.train_clop: [Epoch 12][Step 250/670] Loss: 1.3805 | Acc_t2c: 0.770 | Acc_c2t: 0.766 | Temp: 0.0608 | LR: 2.97e-04
2026-02-07 14:23:41 [INFO] src.training.train_clop: [Epoch 12][Step 300/670] Loss: 1.4349 | Acc_t2c: 0.754 | Acc_c2t: 0.754 | Temp: 0.0611 | LR: 2.97e-04
2026-02-07 14:23:41 [INFO] src.training.train_clop: [Epoch 12][Step 350/670] Loss: 1.4354 | Acc_t2c: 0.727 | Acc_c2t: 0.754 | Temp: 0.0616 | LR: 2.97e-04
2026-02-07 14:23:41 [INFO] src.training.train_clop: [Epoch 12][Step 400/670] Loss: 1.4412 | Acc_t2c: 0.758 | Acc_c2t: 0.746 | Temp: 0.0615 | LR: 2.96e-04
2026-02-07 14:23:41 [INFO] src.training.train_clop: [Epoch 12][Step 450/670] Loss: 1.4071 | Acc_t2c: 0.781 | Acc_c2t: 0.789 | Temp: 0.0614 | LR: 2.96e-04
2026-02-07 14:23:42 [INFO] src.training.train_clop: [Epoch 12][Step 500/670] Loss: 1.4017 | Acc_t2c: 0.805 | Acc_c2t: 0.770 | Temp: 0.0613 | LR: 2.96e-04
2026-02-07 14:23:42 [INFO] src.training.train_clop: [Epoch 12][Step 550/670] Loss: 1.4707 | Acc_t2c: 0.746 | Acc_c2t: 0.723 | Temp: 0.0615 | LR: 2.96e-04
2026-02-07 14:23:42 [INFO] src.training.train_clop: [Epoch 12][Step 600/670] Loss: 1.4494 | Acc_t2c: 0.781 | Acc_c2t: 0.742 | Temp: 0.0616 | LR: 2.96e-04
2026-02-07 14:23:42 [INFO] src.training.train_clop: [Epoch 12][Step 650/670] Loss: 1.4158 | Acc_t2c: 0.781 | Acc_c2t: 0.785 | Temp: 0.0610 | LR: 2.96e-04
2026-02-07 14:23:42 [INFO] src.training.train_clop: 
============================================================
Epoch 12/100 (2.5s)
  Train Loss: 1.4148
  Val   Loss: 1.4195
  Val   Acc:  0.766
============================================================
2026-02-07 14:23:42 [INFO] src.training.train_clop:   ✓ New best model saved (val_loss=1.4195)
2026-02-07 14:23:42 [INFO] src.training.train_clop: [Epoch 13][Step 0/670] Loss: 1.4007 | Acc_t2c: 0.766 | Acc_c2t: 0.730 | Temp: 0.0610 | LR: 2.96e-04
2026-02-07 14:23:42 [INFO] src.training.train_clop: [Epoch 13][Step 50/670] Loss: 1.3875 | Acc_t2c: 0.773 | Acc_c2t: 0.766 | Temp: 0.0614 | LR: 2.96e-04
2026-02-07 14:23:43 [INFO] src.training.train_clop: [Epoch 13][Step 100/670] Loss: 1.3252 | Acc_t2c: 0.828 | Acc_c2t: 0.816 | Temp: 0.0616 | LR: 2.96e-04
2026-02-07 14:23:43 [INFO] src.training.train_clop: [Epoch 13][Step 150/670] Loss: 1.3613 | Acc_t2c: 0.801 | Acc_c2t: 0.789 | Temp: 0.0610 | LR: 2.96e-04
2026-02-07 14:23:43 [INFO] src.training.train_clop: [Epoch 13][Step 200/670] Loss: 1.4268 | Acc_t2c: 0.762 | Acc_c2t: 0.723 | Temp: 0.0616 | LR: 2.96e-04
2026-02-07 14:23:43 [INFO] src.training.train_clop: [Epoch 13][Step 250/670] Loss: 1.4441 | Acc_t2c: 0.766 | Acc_c2t: 0.750 | Temp: 0.0617 | LR: 2.96e-04
2026-02-07 14:23:43 [INFO] src.training.train_clop: [Epoch 13][Step 300/670] Loss: 1.4009 | Acc_t2c: 0.781 | Acc_c2t: 0.770 | Temp: 0.0617 | LR: 2.96e-04
2026-02-07 14:23:43 [INFO] src.training.train_clop: [Epoch 13][Step 350/670] Loss: 1.3709 | Acc_t2c: 0.812 | Acc_c2t: 0.785 | Temp: 0.0611 | LR: 2.95e-04
2026-02-07 14:23:44 [INFO] src.training.train_clop: [Epoch 13][Step 400/670] Loss: 1.4006 | Acc_t2c: 0.797 | Acc_c2t: 0.773 | Temp: 0.0613 | LR: 2.95e-04
2026-02-07 14:23:44 [INFO] src.training.train_clop: [Epoch 13][Step 450/670] Loss: 1.3892 | Acc_t2c: 0.781 | Acc_c2t: 0.773 | Temp: 0.0618 | LR: 2.95e-04
2026-02-07 14:23:44 [INFO] src.training.train_clop: [Epoch 13][Step 500/670] Loss: 1.3895 | Acc_t2c: 0.793 | Acc_c2t: 0.762 | Temp: 0.0615 | LR: 2.95e-04
2026-02-07 14:23:44 [INFO] src.training.train_clop: [Epoch 13][Step 550/670] Loss: 1.4606 | Acc_t2c: 0.770 | Acc_c2t: 0.727 | Temp: 0.0618 | LR: 2.95e-04
2026-02-07 14:23:44 [INFO] src.training.train_clop: [Epoch 13][Step 600/670] Loss: 1.3881 | Acc_t2c: 0.770 | Acc_c2t: 0.781 | Temp: 0.0619 | LR: 2.95e-04
2026-02-07 14:23:44 [INFO] src.training.train_clop: [Epoch 13][Step 650/670] Loss: 1.3810 | Acc_t2c: 0.805 | Acc_c2t: 0.754 | Temp: 0.0619 | LR: 2.95e-04
2026-02-07 14:23:45 [INFO] src.training.train_clop: 
============================================================
Epoch 13/100 (2.3s)
  Train Loss: 1.4051
  Val   Loss: 1.4106
  Val   Acc:  0.767
============================================================
2026-02-07 14:23:45 [INFO] src.training.train_clop:   ✓ New best model saved (val_loss=1.4106)
2026-02-07 14:23:45 [INFO] src.training.train_clop: [Epoch 14][Step 0/670] Loss: 1.4213 | Acc_t2c: 0.770 | Acc_c2t: 0.734 | Temp: 0.0618 | LR: 2.95e-04
2026-02-07 14:23:45 [INFO] src.training.train_clop: [Epoch 14][Step 50/670] Loss: 1.4029 | Acc_t2c: 0.758 | Acc_c2t: 0.758 | Temp: 0.0617 | LR: 2.95e-04
2026-02-07 14:23:45 [INFO] src.training.train_clop: [Epoch 14][Step 100/670] Loss: 1.4112 | Acc_t2c: 0.770 | Acc_c2t: 0.750 | Temp: 0.0619 | LR: 2.95e-04
2026-02-07 14:23:45 [INFO] src.training.train_clop: [Epoch 14][Step 150/670] Loss: 1.3736 | Acc_t2c: 0.785 | Acc_c2t: 0.781 | Temp: 0.0616 | LR: 2.95e-04
2026-02-07 14:23:45 [INFO] src.training.train_clop: [Epoch 14][Step 200/670] Loss: 1.3994 | Acc_t2c: 0.781 | Acc_c2t: 0.773 | Temp: 0.0615 | LR: 2.94e-04
2026-02-07 14:23:46 [INFO] src.training.train_clop: [Epoch 14][Step 250/670] Loss: 1.3795 | Acc_t2c: 0.766 | Acc_c2t: 0.762 | Temp: 0.0616 | LR: 2.94e-04
2026-02-07 14:23:46 [INFO] src.training.train_clop: [Epoch 14][Step 300/670] Loss: 1.3938 | Acc_t2c: 0.793 | Acc_c2t: 0.773 | Temp: 0.0619 | LR: 2.94e-04
2026-02-07 14:23:46 [INFO] src.training.train_clop: [Epoch 14][Step 350/670] Loss: 1.4344 | Acc_t2c: 0.742 | Acc_c2t: 0.711 | Temp: 0.0618 | LR: 2.94e-04
2026-02-07 14:23:46 [INFO] src.training.train_clop: [Epoch 14][Step 400/670] Loss: 1.3688 | Acc_t2c: 0.777 | Acc_c2t: 0.770 | Temp: 0.0620 | LR: 2.94e-04
2026-02-07 14:23:46 [INFO] src.training.train_clop: [Epoch 14][Step 450/670] Loss: 1.3922 | Acc_t2c: 0.723 | Acc_c2t: 0.730 | Temp: 0.0617 | LR: 2.94e-04
2026-02-07 14:23:46 [INFO] src.training.train_clop: [Epoch 14][Step 500/670] Loss: 1.4526 | Acc_t2c: 0.742 | Acc_c2t: 0.742 | Temp: 0.0616 | LR: 2.94e-04
2026-02-07 14:23:47 [INFO] src.training.train_clop: [Epoch 14][Step 550/670] Loss: 1.3552 | Acc_t2c: 0.805 | Acc_c2t: 0.812 | Temp: 0.0621 | LR: 2.94e-04
2026-02-07 14:23:47 [INFO] src.training.train_clop: [Epoch 14][Step 600/670] Loss: 1.3576 | Acc_t2c: 0.777 | Acc_c2t: 0.781 | Temp: 0.0616 | LR: 2.94e-04
2026-02-07 14:23:47 [INFO] src.training.train_clop: [Epoch 14][Step 650/670] Loss: 1.3951 | Acc_t2c: 0.797 | Acc_c2t: 0.773 | Temp: 0.0615 | LR: 2.94e-04
2026-02-07 14:23:47 [INFO] src.training.train_clop: 
============================================================
Epoch 14/100 (2.5s)
  Train Loss: 1.3944
  Val   Loss: 1.4006
  Val   Acc:  0.772
============================================================
2026-02-07 14:23:47 [INFO] src.training.train_clop:   ✓ New best model saved (val_loss=1.4006)
2026-02-07 14:23:47 [INFO] src.training.train_clop: [Epoch 15][Step 0/670] Loss: 1.3995 | Acc_t2c: 0.734 | Acc_c2t: 0.715 | Temp: 0.0617 | LR: 2.93e-04
2026-02-07 14:23:47 [INFO] src.training.train_clop: [Epoch 15][Step 50/670] Loss: 1.4078 | Acc_t2c: 0.770 | Acc_c2t: 0.777 | Temp: 0.0620 | LR: 2.93e-04
2026-02-07 14:23:48 [INFO] src.training.train_clop: [Epoch 15][Step 100/670] Loss: 1.3901 | Acc_t2c: 0.770 | Acc_c2t: 0.789 | Temp: 0.0616 | LR: 2.93e-04
2026-02-07 14:23:48 [INFO] src.training.train_clop: [Epoch 15][Step 150/670] Loss: 1.4808 | Acc_t2c: 0.754 | Acc_c2t: 0.719 | Temp: 0.0617 | LR: 2.93e-04
2026-02-07 14:23:48 [INFO] src.training.train_clop: [Epoch 15][Step 200/670] Loss: 1.4553 | Acc_t2c: 0.730 | Acc_c2t: 0.707 | Temp: 0.0614 | LR: 2.93e-04
2026-02-07 14:23:48 [INFO] src.training.train_clop: [Epoch 15][Step 250/670] Loss: 1.4038 | Acc_t2c: 0.793 | Acc_c2t: 0.789 | Temp: 0.0617 | LR: 2.93e-04
2026-02-07 14:23:48 [INFO] src.training.train_clop: [Epoch 15][Step 300/670] Loss: 1.4363 | Acc_t2c: 0.746 | Acc_c2t: 0.773 | Temp: 0.0614 | LR: 2.93e-04
2026-02-07 14:23:48 [INFO] src.training.train_clop: [Epoch 15][Step 350/670] Loss: 1.3478 | Acc_t2c: 0.797 | Acc_c2t: 0.801 | Temp: 0.0622 | LR: 2.93e-04
2026-02-07 14:23:48 [INFO] src.training.train_clop: [Epoch 15][Step 400/670] Loss: 1.4312 | Acc_t2c: 0.797 | Acc_c2t: 0.742 | Temp: 0.0619 | LR: 2.93e-04
2026-02-07 14:23:49 [INFO] src.training.train_clop: [Epoch 15][Step 450/670] Loss: 1.3778 | Acc_t2c: 0.773 | Acc_c2t: 0.770 | Temp: 0.0616 | LR: 2.92e-04
2026-02-07 14:23:49 [INFO] src.training.train_clop: [Epoch 15][Step 500/670] Loss: 1.3724 | Acc_t2c: 0.793 | Acc_c2t: 0.805 | Temp: 0.0619 | LR: 2.92e-04
2026-02-07 14:23:49 [INFO] src.training.train_clop: [Epoch 15][Step 550/670] Loss: 1.4025 | Acc_t2c: 0.781 | Acc_c2t: 0.758 | Temp: 0.0617 | LR: 2.92e-04
2026-02-07 14:23:49 [INFO] src.training.train_clop: [Epoch 15][Step 600/670] Loss: 1.4123 | Acc_t2c: 0.746 | Acc_c2t: 0.770 | Temp: 0.0623 | LR: 2.92e-04
2026-02-07 14:23:50 [INFO] src.training.train_clop: [Epoch 15][Step 650/670] Loss: 1.3792 | Acc_t2c: 0.809 | Acc_c2t: 0.805 | Temp: 0.0619 | LR: 2.92e-04
2026-02-07 14:23:50 [INFO] src.training.train_clop: 
============================================================
Epoch 15/100 (2.6s)
  Train Loss: 1.3864
  Val   Loss: 1.3972
  Val   Acc:  0.772
============================================================
2026-02-07 14:23:50 [INFO] src.training.train_clop:   ✓ New best model saved (val_loss=1.3972)
2026-02-07 14:23:50 [INFO] src.training.train_clop: [Epoch 16][Step 0/670] Loss: 1.4482 | Acc_t2c: 0.730 | Acc_c2t: 0.703 | Temp: 0.0622 | LR: 2.92e-04
2026-02-07 14:23:50 [INFO] src.training.train_clop: [Epoch 16][Step 50/670] Loss: 1.3849 | Acc_t2c: 0.805 | Acc_c2t: 0.797 | Temp: 0.0621 | LR: 2.92e-04
2026-02-07 14:23:50 [INFO] src.training.train_clop: [Epoch 16][Step 100/670] Loss: 1.3269 | Acc_t2c: 0.812 | Acc_c2t: 0.812 | Temp: 0.0620 | LR: 2.92e-04
2026-02-07 14:23:50 [INFO] src.training.train_clop: [Epoch 16][Step 150/670] Loss: 1.3888 | Acc_t2c: 0.809 | Acc_c2t: 0.781 | Temp: 0.0616 | LR: 2.92e-04
2026-02-07 14:23:51 [INFO] src.training.train_clop: [Epoch 16][Step 200/670] Loss: 1.3777 | Acc_t2c: 0.805 | Acc_c2t: 0.770 | Temp: 0.0620 | LR: 2.91e-04
2026-02-07 14:23:51 [INFO] src.training.train_clop: [Epoch 16][Step 250/670] Loss: 1.3329 | Acc_t2c: 0.797 | Acc_c2t: 0.820 | Temp: 0.0620 | LR: 2.91e-04
2026-02-07 14:23:51 [INFO] src.training.train_clop: [Epoch 16][Step 300/670] Loss: 1.3529 | Acc_t2c: 0.781 | Acc_c2t: 0.770 | Temp: 0.0620 | LR: 2.91e-04
2026-02-07 14:23:51 [INFO] src.training.train_clop: [Epoch 16][Step 350/670] Loss: 1.4112 | Acc_t2c: 0.727 | Acc_c2t: 0.758 | Temp: 0.0620 | LR: 2.91e-04
2026-02-07 14:23:51 [INFO] src.training.train_clop: [Epoch 16][Step 400/670] Loss: 1.3358 | Acc_t2c: 0.816 | Acc_c2t: 0.805 | Temp: 0.0618 | LR: 2.91e-04
2026-02-07 14:23:52 [INFO] src.training.train_clop: [Epoch 16][Step 450/670] Loss: 1.3210 | Acc_t2c: 0.812 | Acc_c2t: 0.824 | Temp: 0.0622 | LR: 2.91e-04
2026-02-07 14:23:52 [INFO] src.training.train_clop: [Epoch 16][Step 500/670] Loss: 1.3571 | Acc_t2c: 0.805 | Acc_c2t: 0.781 | Temp: 0.0622 | LR: 2.91e-04
2026-02-07 14:23:52 [INFO] src.training.train_clop: [Epoch 16][Step 550/670] Loss: 1.3293 | Acc_t2c: 0.809 | Acc_c2t: 0.816 | Temp: 0.0621 | LR: 2.91e-04
2026-02-07 14:23:52 [INFO] src.training.train_clop: [Epoch 16][Step 600/670] Loss: 1.4153 | Acc_t2c: 0.746 | Acc_c2t: 0.754 | Temp: 0.0620 | LR: 2.90e-04
2026-02-07 14:23:52 [INFO] src.training.train_clop: [Epoch 16][Step 650/670] Loss: 1.3836 | Acc_t2c: 0.770 | Acc_c2t: 0.773 | Temp: 0.0621 | LR: 2.90e-04
2026-02-07 14:23:52 [INFO] src.training.train_clop: 
============================================================
Epoch 16/100 (2.6s)
  Train Loss: 1.3763
  Val   Loss: 1.3946
  Val   Acc:  0.772
============================================================
2026-02-07 14:23:52 [INFO] src.training.train_clop:   ✓ New best model saved (val_loss=1.3946)
2026-02-07 14:23:52 [INFO] src.training.train_clop: [Epoch 17][Step 0/670] Loss: 1.3408 | Acc_t2c: 0.797 | Acc_c2t: 0.797 | Temp: 0.0620 | LR: 2.90e-04
2026-02-07 14:23:53 [INFO] src.training.train_clop: [Epoch 17][Step 50/670] Loss: 1.4486 | Acc_t2c: 0.715 | Acc_c2t: 0.734 | Temp: 0.0625 | LR: 2.90e-04
2026-02-07 14:23:53 [INFO] src.training.train_clop: [Epoch 17][Step 100/670] Loss: 1.3823 | Acc_t2c: 0.770 | Acc_c2t: 0.766 | Temp: 0.0618 | LR: 2.90e-04
2026-02-07 14:23:53 [INFO] src.training.train_clop: [Epoch 17][Step 150/670] Loss: 1.3908 | Acc_t2c: 0.781 | Acc_c2t: 0.781 | Temp: 0.0625 | LR: 2.90e-04
2026-02-07 14:23:53 [INFO] src.training.train_clop: [Epoch 17][Step 200/670] Loss: 1.3762 | Acc_t2c: 0.770 | Acc_c2t: 0.766 | Temp: 0.0621 | LR: 2.90e-04
2026-02-07 14:23:53 [INFO] src.training.train_clop: [Epoch 17][Step 250/670] Loss: 1.4100 | Acc_t2c: 0.770 | Acc_c2t: 0.777 | Temp: 0.0622 | LR: 2.90e-04
2026-02-07 14:23:54 [INFO] src.training.train_clop: [Epoch 17][Step 300/670] Loss: 1.3517 | Acc_t2c: 0.801 | Acc_c2t: 0.793 | Temp: 0.0620 | LR: 2.89e-04
2026-02-07 14:23:54 [INFO] src.training.train_clop: [Epoch 17][Step 350/670] Loss: 1.4255 | Acc_t2c: 0.742 | Acc_c2t: 0.754 | Temp: 0.0622 | LR: 2.89e-04
2026-02-07 14:23:54 [INFO] src.training.train_clop: [Epoch 17][Step 400/670] Loss: 1.3534 | Acc_t2c: 0.816 | Acc_c2t: 0.762 | Temp: 0.0621 | LR: 2.89e-04
2026-02-07 14:23:54 [INFO] src.training.train_clop: [Epoch 17][Step 450/670] Loss: 1.3633 | Acc_t2c: 0.770 | Acc_c2t: 0.785 | Temp: 0.0621 | LR: 2.89e-04
2026-02-07 14:23:54 [INFO] src.training.train_clop: [Epoch 17][Step 500/670] Loss: 1.4254 | Acc_t2c: 0.750 | Acc_c2t: 0.723 | Temp: 0.0622 | LR: 2.89e-04
2026-02-07 14:23:54 [INFO] src.training.train_clop: [Epoch 17][Step 550/670] Loss: 1.3640 | Acc_t2c: 0.809 | Acc_c2t: 0.785 | Temp: 0.0623 | LR: 2.89e-04
2026-02-07 14:23:55 [INFO] src.training.train_clop: [Epoch 17][Step 600/670] Loss: 1.3300 | Acc_t2c: 0.797 | Acc_c2t: 0.793 | Temp: 0.0621 | LR: 2.89e-04
2026-02-07 14:23:55 [INFO] src.training.train_clop: [Epoch 17][Step 650/670] Loss: 1.3955 | Acc_t2c: 0.770 | Acc_c2t: 0.789 | Temp: 0.0623 | LR: 2.89e-04
2026-02-07 14:23:55 [INFO] src.training.train_clop: 
============================================================
Epoch 17/100 (2.5s)
  Train Loss: 1.3722
  Val   Loss: 1.3897
  Val   Acc:  0.773
============================================================
2026-02-07 14:23:55 [INFO] src.training.train_clop:   ✓ New best model saved (val_loss=1.3897)
2026-02-07 14:23:55 [INFO] src.training.train_clop: [Epoch 18][Step 0/670] Loss: 1.4048 | Acc_t2c: 0.785 | Acc_c2t: 0.750 | Temp: 0.0623 | LR: 2.88e-04
2026-02-07 14:23:55 [INFO] src.training.train_clop: [Epoch 18][Step 50/670] Loss: 1.2807 | Acc_t2c: 0.828 | Acc_c2t: 0.816 | Temp: 0.0626 | LR: 2.88e-04
2026-02-07 14:23:55 [INFO] src.training.train_clop: [Epoch 18][Step 100/670] Loss: 1.3360 | Acc_t2c: 0.801 | Acc_c2t: 0.805 | Temp: 0.0625 | LR: 2.88e-04
2026-02-07 14:23:55 [INFO] src.training.train_clop: [Epoch 18][Step 150/670] Loss: 1.3364 | Acc_t2c: 0.824 | Acc_c2t: 0.793 | Temp: 0.0619 | LR: 2.88e-04
2026-02-07 14:23:56 [INFO] src.training.train_clop: [Epoch 18][Step 200/670] Loss: 1.3477 | Acc_t2c: 0.781 | Acc_c2t: 0.781 | Temp: 0.0621 | LR: 2.88e-04
2026-02-07 14:23:56 [INFO] src.training.train_clop: [Epoch 18][Step 250/670] Loss: 1.4308 | Acc_t2c: 0.777 | Acc_c2t: 0.766 | Temp: 0.0621 | LR: 2.88e-04
2026-02-07 14:23:56 [INFO] src.training.train_clop: [Epoch 18][Step 300/670] Loss: 1.3263 | Acc_t2c: 0.793 | Acc_c2t: 0.812 | Temp: 0.0620 | LR: 2.88e-04
2026-02-07 14:23:56 [INFO] src.training.train_clop: [Epoch 18][Step 350/670] Loss: 1.3556 | Acc_t2c: 0.789 | Acc_c2t: 0.770 | Temp: 0.0624 | LR: 2.87e-04
2026-02-07 14:23:56 [INFO] src.training.train_clop: [Epoch 18][Step 400/670] Loss: 1.3708 | Acc_t2c: 0.777 | Acc_c2t: 0.777 | Temp: 0.0623 | LR: 2.87e-04
2026-02-07 14:23:56 [INFO] src.training.train_clop: [Epoch 18][Step 450/670] Loss: 1.4003 | Acc_t2c: 0.770 | Acc_c2t: 0.758 | Temp: 0.0622 | LR: 2.87e-04
2026-02-07 14:23:57 [INFO] src.training.train_clop: [Epoch 18][Step 500/670] Loss: 1.3821 | Acc_t2c: 0.762 | Acc_c2t: 0.727 | Temp: 0.0622 | LR: 2.87e-04
2026-02-07 14:23:57 [INFO] src.training.train_clop: [Epoch 18][Step 550/670] Loss: 1.3890 | Acc_t2c: 0.773 | Acc_c2t: 0.773 | Temp: 0.0622 | LR: 2.87e-04
2026-02-07 14:23:57 [INFO] src.training.train_clop: [Epoch 18][Step 600/670] Loss: 1.4035 | Acc_t2c: 0.773 | Acc_c2t: 0.723 | Temp: 0.0624 | LR: 2.87e-04
2026-02-07 14:23:57 [INFO] src.training.train_clop: [Epoch 18][Step 650/670] Loss: 1.4072 | Acc_t2c: 0.762 | Acc_c2t: 0.742 | Temp: 0.0624 | LR: 2.87e-04
2026-02-07 14:23:57 [INFO] src.training.train_clop: 
============================================================
Epoch 18/100 (2.2s)
  Train Loss: 1.3637
  Val   Loss: 1.3898
  Val   Acc:  0.773
============================================================
2026-02-07 14:23:57 [INFO] src.training.train_clop: [Epoch 19][Step 0/670] Loss: 1.3837 | Acc_t2c: 0.773 | Acc_c2t: 0.742 | Temp: 0.0623 | LR: 2.86e-04
2026-02-07 14:23:57 [INFO] src.training.train_clop: [Epoch 19][Step 50/670] Loss: 1.3487 | Acc_t2c: 0.785 | Acc_c2t: 0.785 | Temp: 0.0621 | LR: 2.86e-04
2026-02-07 14:23:57 [INFO] src.training.train_clop: [Epoch 19][Step 100/670] Loss: 1.4768 | Acc_t2c: 0.723 | Acc_c2t: 0.719 | Temp: 0.0624 | LR: 2.86e-04
2026-02-07 14:23:58 [INFO] src.training.train_clop: [Epoch 19][Step 150/670] Loss: 1.3346 | Acc_t2c: 0.793 | Acc_c2t: 0.773 | Temp: 0.0625 | LR: 2.86e-04
2026-02-07 14:23:58 [INFO] src.training.train_clop: [Epoch 19][Step 200/670] Loss: 1.3062 | Acc_t2c: 0.820 | Acc_c2t: 0.812 | Temp: 0.0625 | LR: 2.86e-04
2026-02-07 14:23:58 [INFO] src.training.train_clop: [Epoch 19][Step 250/670] Loss: 1.2950 | Acc_t2c: 0.840 | Acc_c2t: 0.832 | Temp: 0.0622 | LR: 2.86e-04
2026-02-07 14:23:58 [INFO] src.training.train_clop: [Epoch 19][Step 300/670] Loss: 1.3297 | Acc_t2c: 0.824 | Acc_c2t: 0.801 | Temp: 0.0622 | LR: 2.86e-04
2026-02-07 14:23:58 [INFO] src.training.train_clop: [Epoch 19][Step 350/670] Loss: 1.3364 | Acc_t2c: 0.781 | Acc_c2t: 0.766 | Temp: 0.0620 | LR: 2.85e-04
2026-02-07 14:23:58 [INFO] src.training.train_clop: [Epoch 19][Step 400/670] Loss: 1.3864 | Acc_t2c: 0.750 | Acc_c2t: 0.750 | Temp: 0.0627 | LR: 2.85e-04
2026-02-07 14:23:59 [INFO] src.training.train_clop: [Epoch 19][Step 450/670] Loss: 1.3746 | Acc_t2c: 0.773 | Acc_c2t: 0.766 | Temp: 0.0623 | LR: 2.85e-04
2026-02-07 14:23:59 [INFO] src.training.train_clop: [Epoch 19][Step 500/670] Loss: 1.4103 | Acc_t2c: 0.746 | Acc_c2t: 0.766 | Temp: 0.0624 | LR: 2.85e-04
2026-02-07 14:23:59 [INFO] src.training.train_clop: [Epoch 19][Step 550/670] Loss: 1.3417 | Acc_t2c: 0.797 | Acc_c2t: 0.777 | Temp: 0.0624 | LR: 2.85e-04
2026-02-07 14:23:59 [INFO] src.training.train_clop: [Epoch 19][Step 600/670] Loss: 1.3439 | Acc_t2c: 0.812 | Acc_c2t: 0.793 | Temp: 0.0629 | LR: 2.85e-04
2026-02-07 14:23:59 [INFO] src.training.train_clop: [Epoch 19][Step 650/670] Loss: 1.3045 | Acc_t2c: 0.844 | Acc_c2t: 0.832 | Temp: 0.0627 | LR: 2.84e-04
2026-02-07 14:23:59 [INFO] src.training.train_clop: 
============================================================
Epoch 19/100 (2.3s)
  Train Loss: 1.3592
  Val   Loss: 1.3791
  Val   Acc:  0.774
============================================================
2026-02-07 14:23:59 [INFO] src.training.train_clop:   ✓ New best model saved (val_loss=1.3791)
2026-02-07 14:23:59 [INFO] src.training.train_clop: [Epoch 20][Step 0/670] Loss: 1.2841 | Acc_t2c: 0.848 | Acc_c2t: 0.812 | Temp: 0.0627 | LR: 2.84e-04
2026-02-07 14:24:00 [INFO] src.training.train_clop: [Epoch 20][Step 50/670] Loss: 1.4062 | Acc_t2c: 0.754 | Acc_c2t: 0.738 | Temp: 0.0626 | LR: 2.84e-04
2026-02-07 14:24:00 [INFO] src.training.train_clop: [Epoch 20][Step 100/670] Loss: 1.3224 | Acc_t2c: 0.809 | Acc_c2t: 0.824 | Temp: 0.0626 | LR: 2.84e-04
2026-02-07 14:24:00 [INFO] src.training.train_clop: [Epoch 20][Step 150/670] Loss: 1.2985 | Acc_t2c: 0.820 | Acc_c2t: 0.812 | Temp: 0.0624 | LR: 2.84e-04
2026-02-07 14:24:00 [INFO] src.training.train_clop: [Epoch 20][Step 200/670] Loss: 1.3368 | Acc_t2c: 0.793 | Acc_c2t: 0.820 | Temp: 0.0623 | LR: 2.84e-04
2026-02-07 14:24:00 [INFO] src.training.train_clop: [Epoch 20][Step 250/670] Loss: 1.3408 | Acc_t2c: 0.789 | Acc_c2t: 0.789 | Temp: 0.0622 | LR: 2.84e-04
2026-02-07 14:24:00 [INFO] src.training.train_clop: [Epoch 20][Step 300/670] Loss: 1.3216 | Acc_t2c: 0.840 | Acc_c2t: 0.805 | Temp: 0.0626 | LR: 2.83e-04
2026-02-07 14:24:01 [INFO] src.training.train_clop: [Epoch 20][Step 350/670] Loss: 1.3294 | Acc_t2c: 0.785 | Acc_c2t: 0.793 | Temp: 0.0621 | LR: 2.83e-04
2026-02-07 14:24:01 [INFO] src.training.train_clop: [Epoch 20][Step 400/670] Loss: 1.3810 | Acc_t2c: 0.770 | Acc_c2t: 0.781 | Temp: 0.0623 | LR: 2.83e-04
2026-02-07 14:24:01 [INFO] src.training.train_clop: [Epoch 20][Step 450/670] Loss: 1.3683 | Acc_t2c: 0.770 | Acc_c2t: 0.762 | Temp: 0.0623 | LR: 2.83e-04
2026-02-07 14:24:01 [INFO] src.training.train_clop: [Epoch 20][Step 500/670] Loss: 1.3396 | Acc_t2c: 0.801 | Acc_c2t: 0.789 | Temp: 0.0625 | LR: 2.83e-04
2026-02-07 14:24:01 [INFO] src.training.train_clop: [Epoch 20][Step 550/670] Loss: 1.4050 | Acc_t2c: 0.762 | Acc_c2t: 0.773 | Temp: 0.0624 | LR: 2.83e-04
2026-02-07 14:24:01 [INFO] src.training.train_clop: [Epoch 20][Step 600/670] Loss: 1.3643 | Acc_t2c: 0.777 | Acc_c2t: 0.770 | Temp: 0.0629 | LR: 2.82e-04
2026-02-07 14:24:02 [INFO] src.training.train_clop: [Epoch 20][Step 650/670] Loss: 1.4276 | Acc_t2c: 0.742 | Acc_c2t: 0.730 | Temp: 0.0627 | LR: 2.82e-04
2026-02-07 14:24:02 [INFO] src.training.train_clop: 
============================================================
Epoch 20/100 (2.3s)
  Train Loss: 1.3545
  Val   Loss: 1.3763
  Val   Acc:  0.776
============================================================
2026-02-07 14:24:02 [INFO] src.training.train_clop:   ✓ New best model saved (val_loss=1.3763)
2026-02-07 14:24:02 [INFO] src.training.train_clop: [Epoch 21][Step 0/670] Loss: 1.3268 | Acc_t2c: 0.801 | Acc_c2t: 0.812 | Temp: 0.0630 | LR: 2.82e-04
2026-02-07 14:24:02 [INFO] src.training.train_clop: [Epoch 21][Step 50/670] Loss: 1.2789 | Acc_t2c: 0.816 | Acc_c2t: 0.824 | Temp: 0.0624 | LR: 2.82e-04
2026-02-07 14:24:02 [INFO] src.training.train_clop: [Epoch 21][Step 100/670] Loss: 1.3009 | Acc_t2c: 0.801 | Acc_c2t: 0.809 | Temp: 0.0622 | LR: 2.82e-04
2026-02-07 14:24:02 [INFO] src.training.train_clop: [Epoch 21][Step 150/670] Loss: 1.3361 | Acc_t2c: 0.777 | Acc_c2t: 0.797 | Temp: 0.0628 | LR: 2.82e-04
2026-02-07 14:24:02 [INFO] src.training.train_clop: [Epoch 21][Step 200/670] Loss: 1.3431 | Acc_t2c: 0.793 | Acc_c2t: 0.785 | Temp: 0.0624 | LR: 2.81e-04
2026-02-07 14:24:03 [INFO] src.training.train_clop: [Epoch 21][Step 250/670] Loss: 1.3181 | Acc_t2c: 0.832 | Acc_c2t: 0.797 | Temp: 0.0625 | LR: 2.81e-04
2026-02-07 14:24:03 [INFO] src.training.train_clop: [Epoch 21][Step 300/670] Loss: 1.3716 | Acc_t2c: 0.766 | Acc_c2t: 0.770 | Temp: 0.0626 | LR: 2.81e-04
2026-02-07 14:24:03 [INFO] src.training.train_clop: [Epoch 21][Step 350/670] Loss: 1.3635 | Acc_t2c: 0.801 | Acc_c2t: 0.785 | Temp: 0.0625 | LR: 2.81e-04
2026-02-07 14:24:03 [INFO] src.training.train_clop: [Epoch 21][Step 400/670] Loss: 1.3763 | Acc_t2c: 0.785 | Acc_c2t: 0.762 | Temp: 0.0627 | LR: 2.81e-04
2026-02-07 14:24:03 [INFO] src.training.train_clop: [Epoch 21][Step 450/670] Loss: 1.3271 | Acc_t2c: 0.816 | Acc_c2t: 0.793 | Temp: 0.0625 | LR: 2.80e-04
2026-02-07 14:24:03 [INFO] src.training.train_clop: [Epoch 21][Step 500/670] Loss: 1.4111 | Acc_t2c: 0.727 | Acc_c2t: 0.730 | Temp: 0.0627 | LR: 2.80e-04
2026-02-07 14:24:04 [INFO] src.training.train_clop: [Epoch 21][Step 550/670] Loss: 1.3548 | Acc_t2c: 0.801 | Acc_c2t: 0.801 | Temp: 0.0630 | LR: 2.80e-04
2026-02-07 14:24:04 [INFO] src.training.train_clop: [Epoch 21][Step 600/670] Loss: 1.3835 | Acc_t2c: 0.770 | Acc_c2t: 0.742 | Temp: 0.0621 | LR: 2.80e-04
2026-02-07 14:24:04 [INFO] src.training.train_clop: [Epoch 21][Step 650/670] Loss: 1.2816 | Acc_t2c: 0.848 | Acc_c2t: 0.793 | Temp: 0.0624 | LR: 2.80e-04
2026-02-07 14:24:04 [INFO] src.training.train_clop: 
============================================================
Epoch 21/100 (2.4s)
  Train Loss: 1.3481
  Val   Loss: 1.3750
  Val   Acc:  0.775
============================================================
2026-02-07 14:24:04 [INFO] src.training.train_clop:   ✓ New best model saved (val_loss=1.3750)
2026-02-07 14:24:04 [INFO] src.training.train_clop: [Epoch 22][Step 0/670] Loss: 1.3305 | Acc_t2c: 0.816 | Acc_c2t: 0.805 | Temp: 0.0628 | LR: 2.80e-04
2026-02-07 14:24:04 [INFO] src.training.train_clop: [Epoch 22][Step 50/670] Loss: 1.3708 | Acc_t2c: 0.773 | Acc_c2t: 0.758 | Temp: 0.0624 | LR: 2.80e-04
2026-02-07 14:24:05 [INFO] src.training.train_clop: [Epoch 22][Step 100/670] Loss: 1.3336 | Acc_t2c: 0.781 | Acc_c2t: 0.766 | Temp: 0.0626 | LR: 2.79e-04
2026-02-07 14:24:05 [INFO] src.training.train_clop: [Epoch 22][Step 150/670] Loss: 1.3388 | Acc_t2c: 0.820 | Acc_c2t: 0.789 | Temp: 0.0625 | LR: 2.79e-04
2026-02-07 14:24:05 [INFO] src.training.train_clop: [Epoch 22][Step 200/670] Loss: 1.3475 | Acc_t2c: 0.785 | Acc_c2t: 0.770 | Temp: 0.0627 | LR: 2.79e-04
2026-02-07 14:24:05 [INFO] src.training.train_clop: [Epoch 22][Step 250/670] Loss: 1.3604 | Acc_t2c: 0.789 | Acc_c2t: 0.785 | Temp: 0.0624 | LR: 2.79e-04
2026-02-07 14:24:05 [INFO] src.training.train_clop: [Epoch 22][Step 300/670] Loss: 1.3501 | Acc_t2c: 0.820 | Acc_c2t: 0.805 | Temp: 0.0628 | LR: 2.79e-04
2026-02-07 14:24:05 [INFO] src.training.train_clop: [Epoch 22][Step 350/670] Loss: 1.3423 | Acc_t2c: 0.805 | Acc_c2t: 0.777 | Temp: 0.0623 | LR: 2.78e-04
2026-02-07 14:24:06 [INFO] src.training.train_clop: [Epoch 22][Step 400/670] Loss: 1.3115 | Acc_t2c: 0.816 | Acc_c2t: 0.770 | Temp: 0.0629 | LR: 2.78e-04
2026-02-07 14:24:06 [INFO] src.training.train_clop: [Epoch 22][Step 450/670] Loss: 1.3445 | Acc_t2c: 0.797 | Acc_c2t: 0.770 | Temp: 0.0627 | LR: 2.78e-04
2026-02-07 14:24:06 [INFO] src.training.train_clop: [Epoch 22][Step 500/670] Loss: 1.3643 | Acc_t2c: 0.766 | Acc_c2t: 0.754 | Temp: 0.0629 | LR: 2.78e-04
2026-02-07 14:24:06 [INFO] src.training.train_clop: [Epoch 22][Step 550/670] Loss: 1.3418 | Acc_t2c: 0.824 | Acc_c2t: 0.797 | Temp: 0.0626 | LR: 2.78e-04
2026-02-07 14:24:06 [INFO] src.training.train_clop: [Epoch 22][Step 600/670] Loss: 1.3338 | Acc_t2c: 0.785 | Acc_c2t: 0.766 | Temp: 0.0629 | LR: 2.77e-04
2026-02-07 14:24:06 [INFO] src.training.train_clop: [Epoch 22][Step 650/670] Loss: 1.4517 | Acc_t2c: 0.750 | Acc_c2t: 0.754 | Temp: 0.0625 | LR: 2.77e-04
2026-02-07 14:24:07 [INFO] src.training.train_clop: 
============================================================
Epoch 22/100 (2.4s)
  Train Loss: 1.3432
  Val   Loss: 1.3709
  Val   Acc:  0.777
============================================================
2026-02-07 14:24:07 [INFO] src.training.train_clop:   ✓ New best model saved (val_loss=1.3709)
2026-02-07 14:24:07 [INFO] src.training.train_clop: [Epoch 23][Step 0/670] Loss: 1.3673 | Acc_t2c: 0.785 | Acc_c2t: 0.777 | Temp: 0.0628 | LR: 2.77e-04
2026-02-07 14:24:07 [INFO] src.training.train_clop: [Epoch 23][Step 50/670] Loss: 1.3648 | Acc_t2c: 0.777 | Acc_c2t: 0.777 | Temp: 0.0625 | LR: 2.77e-04
2026-02-07 14:24:07 [INFO] src.training.train_clop: [Epoch 23][Step 100/670] Loss: 1.3171 | Acc_t2c: 0.773 | Acc_c2t: 0.766 | Temp: 0.0627 | LR: 2.77e-04
2026-02-07 14:24:07 [INFO] src.training.train_clop: [Epoch 23][Step 150/670] Loss: 1.2860 | Acc_t2c: 0.805 | Acc_c2t: 0.801 | Temp: 0.0625 | LR: 2.77e-04
2026-02-07 14:24:07 [INFO] src.training.train_clop: [Epoch 23][Step 200/670] Loss: 1.3878 | Acc_t2c: 0.742 | Acc_c2t: 0.754 | Temp: 0.0627 | LR: 2.76e-04
2026-02-07 14:24:08 [INFO] src.training.train_clop: [Epoch 23][Step 250/670] Loss: 1.3713 | Acc_t2c: 0.793 | Acc_c2t: 0.781 | Temp: 0.0626 | LR: 2.76e-04
2026-02-07 14:24:08 [INFO] src.training.train_clop: [Epoch 23][Step 300/670] Loss: 1.4055 | Acc_t2c: 0.762 | Acc_c2t: 0.742 | Temp: 0.0626 | LR: 2.76e-04
2026-02-07 14:24:08 [INFO] src.training.train_clop: [Epoch 23][Step 350/670] Loss: 1.3613 | Acc_t2c: 0.762 | Acc_c2t: 0.758 | Temp: 0.0625 | LR: 2.76e-04
2026-02-07 14:24:08 [INFO] src.training.train_clop: [Epoch 23][Step 400/670] Loss: 1.3197 | Acc_t2c: 0.789 | Acc_c2t: 0.785 | Temp: 0.0626 | LR: 2.76e-04
2026-02-07 14:24:09 [INFO] src.training.train_clop: [Epoch 23][Step 450/670] Loss: 1.2825 | Acc_t2c: 0.812 | Acc_c2t: 0.820 | Temp: 0.0623 | LR: 2.75e-04
2026-02-07 14:24:09 [INFO] src.training.train_clop: [Epoch 23][Step 500/670] Loss: 1.2912 | Acc_t2c: 0.816 | Acc_c2t: 0.820 | Temp: 0.0624 | LR: 2.75e-04
2026-02-07 14:24:09 [INFO] src.training.train_clop: [Epoch 23][Step 550/670] Loss: 1.3932 | Acc_t2c: 0.758 | Acc_c2t: 0.730 | Temp: 0.0623 | LR: 2.75e-04
2026-02-07 14:24:09 [INFO] src.training.train_clop: [Epoch 23][Step 600/670] Loss: 1.3905 | Acc_t2c: 0.762 | Acc_c2t: 0.762 | Temp: 0.0623 | LR: 2.75e-04
2026-02-07 14:24:09 [INFO] src.training.train_clop: [Epoch 23][Step 650/670] Loss: 1.3093 | Acc_t2c: 0.805 | Acc_c2t: 0.801 | Temp: 0.0627 | LR: 2.75e-04
2026-02-07 14:24:09 [INFO] src.training.train_clop: 
============================================================
Epoch 23/100 (2.8s)
  Train Loss: 1.3407
  Val   Loss: 1.3691
  Val   Acc:  0.778
============================================================
2026-02-07 14:24:09 [INFO] src.training.train_clop:   ✓ New best model saved (val_loss=1.3691)
2026-02-07 14:24:09 [INFO] src.training.train_clop: [Epoch 24][Step 0/670] Loss: 1.3784 | Acc_t2c: 0.770 | Acc_c2t: 0.742 | Temp: 0.0628 | LR: 2.74e-04
2026-02-07 14:24:10 [INFO] src.training.train_clop: [Epoch 24][Step 50/670] Loss: 1.2764 | Acc_t2c: 0.824 | Acc_c2t: 0.809 | Temp: 0.0627 | LR: 2.74e-04
2026-02-07 14:24:10 [INFO] src.training.train_clop: [Epoch 24][Step 100/670] Loss: 1.3279 | Acc_t2c: 0.805 | Acc_c2t: 0.785 | Temp: 0.0626 | LR: 2.74e-04
2026-02-07 14:24:10 [INFO] src.training.train_clop: [Epoch 24][Step 150/670] Loss: 1.3168 | Acc_t2c: 0.793 | Acc_c2t: 0.789 | Temp: 0.0623 | LR: 2.74e-04
2026-02-07 14:24:10 [INFO] src.training.train_clop: [Epoch 24][Step 200/670] Loss: 1.3278 | Acc_t2c: 0.797 | Acc_c2t: 0.785 | Temp: 0.0625 | LR: 2.74e-04
2026-02-07 14:24:10 [INFO] src.training.train_clop: [Epoch 24][Step 250/670] Loss: 1.2974 | Acc_t2c: 0.809 | Acc_c2t: 0.793 | Temp: 0.0626 | LR: 2.73e-04
2026-02-07 14:24:10 [INFO] src.training.train_clop: [Epoch 24][Step 300/670] Loss: 1.3975 | Acc_t2c: 0.766 | Acc_c2t: 0.766 | Temp: 0.0625 | LR: 2.73e-04
2026-02-07 14:24:11 [INFO] src.training.train_clop: [Epoch 24][Step 350/670] Loss: 1.3584 | Acc_t2c: 0.777 | Acc_c2t: 0.742 | Temp: 0.0625 | LR: 2.73e-04
2026-02-07 14:24:11 [INFO] src.training.train_clop: [Epoch 24][Step 400/670] Loss: 1.3473 | Acc_t2c: 0.773 | Acc_c2t: 0.773 | Temp: 0.0626 | LR: 2.73e-04
2026-02-07 14:24:11 [INFO] src.training.train_clop: [Epoch 24][Step 450/670] Loss: 1.3686 | Acc_t2c: 0.770 | Acc_c2t: 0.758 | Temp: 0.0632 | LR: 2.73e-04
2026-02-07 14:24:11 [INFO] src.training.train_clop: [Epoch 24][Step 500/670] Loss: 1.3770 | Acc_t2c: 0.770 | Acc_c2t: 0.781 | Temp: 0.0624 | LR: 2.72e-04
2026-02-07 14:24:11 [INFO] src.training.train_clop: [Epoch 24][Step 550/670] Loss: 1.3284 | Acc_t2c: 0.785 | Acc_c2t: 0.785 | Temp: 0.0627 | LR: 2.72e-04
2026-02-07 14:24:11 [INFO] src.training.train_clop: [Epoch 24][Step 600/670] Loss: 1.3354 | Acc_t2c: 0.793 | Acc_c2t: 0.789 | Temp: 0.0624 | LR: 2.72e-04
2026-02-07 14:24:11 [INFO] src.training.train_clop: [Epoch 24][Step 650/670] Loss: 1.3552 | Acc_t2c: 0.793 | Acc_c2t: 0.773 | Temp: 0.0631 | LR: 2.72e-04
2026-02-07 14:24:12 [INFO] src.training.train_clop: 
============================================================
Epoch 24/100 (2.1s)
  Train Loss: 1.3351
  Val   Loss: 1.3691
  Val   Acc:  0.779
============================================================
2026-02-07 14:24:12 [INFO] src.training.train_clop:   ✓ New best model saved (val_loss=1.3691)
2026-02-07 14:24:12 [INFO] src.training.train_clop: [Epoch 25][Step 0/670] Loss: 1.3339 | Acc_t2c: 0.805 | Acc_c2t: 0.777 | Temp: 0.0622 | LR: 2.72e-04
2026-02-07 14:24:12 [INFO] src.training.train_clop: [Epoch 25][Step 50/670] Loss: 1.2871 | Acc_t2c: 0.836 | Acc_c2t: 0.824 | Temp: 0.0626 | LR: 2.71e-04
2026-02-07 14:24:12 [INFO] src.training.train_clop: [Epoch 25][Step 100/670] Loss: 1.2872 | Acc_t2c: 0.809 | Acc_c2t: 0.836 | Temp: 0.0628 | LR: 2.71e-04
2026-02-07 14:24:12 [INFO] src.training.train_clop: [Epoch 25][Step 150/670] Loss: 1.3283 | Acc_t2c: 0.797 | Acc_c2t: 0.785 | Temp: 0.0624 | LR: 2.71e-04
2026-02-07 14:24:12 [INFO] src.training.train_clop: [Epoch 25][Step 200/670] Loss: 1.3746 | Acc_t2c: 0.773 | Acc_c2t: 0.738 | Temp: 0.0628 | LR: 2.71e-04
2026-02-07 14:24:13 [INFO] src.training.train_clop: [Epoch 25][Step 250/670] Loss: 1.3282 | Acc_t2c: 0.789 | Acc_c2t: 0.777 | Temp: 0.0630 | LR: 2.71e-04
2026-02-07 14:24:13 [INFO] src.training.train_clop: [Epoch 25][Step 300/670] Loss: 1.2912 | Acc_t2c: 0.805 | Acc_c2t: 0.801 | Temp: 0.0625 | LR: 2.70e-04
2026-02-07 14:24:13 [INFO] src.training.train_clop: [Epoch 25][Step 350/670] Loss: 1.3989 | Acc_t2c: 0.750 | Acc_c2t: 0.746 | Temp: 0.0626 | LR: 2.70e-04
2026-02-07 14:24:13 [INFO] src.training.train_clop: [Epoch 25][Step 400/670] Loss: 1.3149 | Acc_t2c: 0.801 | Acc_c2t: 0.816 | Temp: 0.0628 | LR: 2.70e-04
2026-02-07 14:24:13 [INFO] src.training.train_clop: [Epoch 25][Step 450/670] Loss: 1.2903 | Acc_t2c: 0.832 | Acc_c2t: 0.844 | Temp: 0.0626 | LR: 2.70e-04
2026-02-07 14:24:14 [INFO] src.training.train_clop: [Epoch 25][Step 500/670] Loss: 1.3967 | Acc_t2c: 0.789 | Acc_c2t: 0.758 | Temp: 0.0627 | LR: 2.69e-04
2026-02-07 14:24:14 [INFO] src.training.train_clop: [Epoch 25][Step 550/670] Loss: 1.3120 | Acc_t2c: 0.820 | Acc_c2t: 0.812 | Temp: 0.0632 | LR: 2.69e-04
2026-02-07 14:24:14 [INFO] src.training.train_clop: [Epoch 25][Step 600/670] Loss: 1.3601 | Acc_t2c: 0.785 | Acc_c2t: 0.773 | Temp: 0.0627 | LR: 2.69e-04
2026-02-07 14:24:14 [INFO] src.training.train_clop: [Epoch 25][Step 650/670] Loss: 1.2783 | Acc_t2c: 0.828 | Acc_c2t: 0.832 | Temp: 0.0626 | LR: 2.69e-04
2026-02-07 14:24:14 [INFO] src.training.train_clop: 
============================================================
Epoch 25/100 (2.7s)
  Train Loss: 1.3306
  Val   Loss: 1.3628
  Val   Acc:  0.779
============================================================
2026-02-07 14:24:14 [INFO] src.training.train_clop:   ✓ New best model saved (val_loss=1.3628)
2026-02-07 14:24:14 [INFO] src.training.train_clop: [Epoch 26][Step 0/670] Loss: 1.2798 | Acc_t2c: 0.832 | Acc_c2t: 0.812 | Temp: 0.0626 | LR: 2.69e-04
2026-02-07 14:24:15 [INFO] src.training.train_clop: [Epoch 26][Step 50/670] Loss: 1.3535 | Acc_t2c: 0.762 | Acc_c2t: 0.750 | Temp: 0.0627 | LR: 2.68e-04
2026-02-07 14:24:15 [INFO] src.training.train_clop: [Epoch 26][Step 100/670] Loss: 1.3496 | Acc_t2c: 0.809 | Acc_c2t: 0.762 | Temp: 0.0624 | LR: 2.68e-04
2026-02-07 14:24:15 [INFO] src.training.train_clop: [Epoch 26][Step 150/670] Loss: 1.2804 | Acc_t2c: 0.832 | Acc_c2t: 0.824 | Temp: 0.0625 | LR: 2.68e-04
2026-02-07 14:24:15 [INFO] src.training.train_clop: [Epoch 26][Step 200/670] Loss: 1.2832 | Acc_t2c: 0.844 | Acc_c2t: 0.836 | Temp: 0.0623 | LR: 2.68e-04
2026-02-07 14:24:15 [INFO] src.training.train_clop: [Epoch 26][Step 250/670] Loss: 1.3183 | Acc_t2c: 0.812 | Acc_c2t: 0.812 | Temp: 0.0625 | LR: 2.68e-04
2026-02-07 14:24:15 [INFO] src.training.train_clop: [Epoch 26][Step 300/670] Loss: 1.3337 | Acc_t2c: 0.793 | Acc_c2t: 0.773 | Temp: 0.0626 | LR: 2.67e-04
2026-02-07 14:24:16 [INFO] src.training.train_clop: [Epoch 26][Step 350/670] Loss: 1.3738 | Acc_t2c: 0.754 | Acc_c2t: 0.770 | Temp: 0.0626 | LR: 2.67e-04
2026-02-07 14:24:16 [INFO] src.training.train_clop: [Epoch 26][Step 400/670] Loss: 1.3494 | Acc_t2c: 0.793 | Acc_c2t: 0.777 | Temp: 0.0626 | LR: 2.67e-04
2026-02-07 14:24:16 [INFO] src.training.train_clop: [Epoch 26][Step 450/670] Loss: 1.2989 | Acc_t2c: 0.801 | Acc_c2t: 0.793 | Temp: 0.0622 | LR: 2.67e-04
2026-02-07 14:24:16 [INFO] src.training.train_clop: [Epoch 26][Step 500/670] Loss: 1.3715 | Acc_t2c: 0.781 | Acc_c2t: 0.754 | Temp: 0.0625 | LR: 2.66e-04
2026-02-07 14:24:16 [INFO] src.training.train_clop: [Epoch 26][Step 550/670] Loss: 1.3736 | Acc_t2c: 0.770 | Acc_c2t: 0.770 | Temp: 0.0627 | LR: 2.66e-04
2026-02-07 14:24:16 [INFO] src.training.train_clop: [Epoch 26][Step 600/670] Loss: 1.3297 | Acc_t2c: 0.805 | Acc_c2t: 0.762 | Temp: 0.0629 | LR: 2.66e-04
2026-02-07 14:24:16 [INFO] src.training.train_clop: [Epoch 26][Step 650/670] Loss: 1.2627 | Acc_t2c: 0.840 | Acc_c2t: 0.836 | Temp: 0.0628 | LR: 2.66e-04
2026-02-07 14:24:17 [INFO] src.training.train_clop: 
============================================================
Epoch 26/100 (2.2s)
  Train Loss: 1.3289
  Val   Loss: 1.3646
  Val   Acc:  0.779
============================================================
2026-02-07 14:24:17 [INFO] src.training.train_clop: [Epoch 27][Step 0/670] Loss: 1.3170 | Acc_t2c: 0.797 | Acc_c2t: 0.758 | Temp: 0.0624 | LR: 2.66e-04
2026-02-07 14:24:17 [INFO] src.training.train_clop: [Epoch 27][Step 50/670] Loss: 1.3624 | Acc_t2c: 0.777 | Acc_c2t: 0.762 | Temp: 0.0627 | LR: 2.65e-04
2026-02-07 14:24:17 [INFO] src.training.train_clop: [Epoch 27][Step 100/670] Loss: 1.2513 | Acc_t2c: 0.855 | Acc_c2t: 0.820 | Temp: 0.0623 | LR: 2.65e-04
2026-02-07 14:24:17 [INFO] src.training.train_clop: [Epoch 27][Step 150/670] Loss: 1.3495 | Acc_t2c: 0.785 | Acc_c2t: 0.770 | Temp: 0.0629 | LR: 2.65e-04
2026-02-07 14:24:17 [INFO] src.training.train_clop: [Epoch 27][Step 200/670] Loss: 1.3033 | Acc_t2c: 0.812 | Acc_c2t: 0.789 | Temp: 0.0628 | LR: 2.65e-04
2026-02-07 14:24:17 [INFO] src.training.train_clop: [Epoch 27][Step 250/670] Loss: 1.2886 | Acc_t2c: 0.816 | Acc_c2t: 0.836 | Temp: 0.0627 | LR: 2.64e-04
2026-02-07 14:24:18 [INFO] src.training.train_clop: [Epoch 27][Step 300/670] Loss: 1.3265 | Acc_t2c: 0.801 | Acc_c2t: 0.797 | Temp: 0.0623 | LR: 2.64e-04
2026-02-07 14:24:18 [INFO] src.training.train_clop: [Epoch 27][Step 350/670] Loss: 1.3067 | Acc_t2c: 0.805 | Acc_c2t: 0.809 | Temp: 0.0630 | LR: 2.64e-04
2026-02-07 14:24:18 [INFO] src.training.train_clop: [Epoch 27][Step 400/670] Loss: 1.3683 | Acc_t2c: 0.781 | Acc_c2t: 0.793 | Temp: 0.0626 | LR: 2.64e-04
2026-02-07 14:24:18 [INFO] src.training.train_clop: [Epoch 27][Step 450/670] Loss: 1.3265 | Acc_t2c: 0.809 | Acc_c2t: 0.789 | Temp: 0.0625 | LR: 2.63e-04
2026-02-07 14:24:18 [INFO] src.training.train_clop: [Epoch 27][Step 500/670] Loss: 1.3013 | Acc_t2c: 0.801 | Acc_c2t: 0.789 | Temp: 0.0627 | LR: 2.63e-04
2026-02-07 14:24:18 [INFO] src.training.train_clop: [Epoch 27][Step 550/670] Loss: 1.3693 | Acc_t2c: 0.801 | Acc_c2t: 0.758 | Temp: 0.0626 | LR: 2.63e-04
2026-02-07 14:24:18 [INFO] src.training.train_clop: [Epoch 27][Step 600/670] Loss: 1.2987 | Acc_t2c: 0.809 | Acc_c2t: 0.805 | Temp: 0.0627 | LR: 2.63e-04
2026-02-07 14:24:19 [INFO] src.training.train_clop: [Epoch 27][Step 650/670] Loss: 1.2965 | Acc_t2c: 0.777 | Acc_c2t: 0.789 | Temp: 0.0626 | LR: 2.62e-04
2026-02-07 14:24:19 [INFO] src.training.train_clop: 
============================================================
Epoch 27/100 (2.2s)
  Train Loss: 1.3221
  Val   Loss: 1.3635
  Val   Acc:  0.779
============================================================
2026-02-07 14:24:19 [INFO] src.training.train_clop: [Epoch 28][Step 0/670] Loss: 1.2811 | Acc_t2c: 0.812 | Acc_c2t: 0.789 | Temp: 0.0623 | LR: 2.62e-04
2026-02-07 14:24:19 [INFO] src.training.train_clop: [Epoch 28][Step 50/670] Loss: 1.3633 | Acc_t2c: 0.742 | Acc_c2t: 0.746 | Temp: 0.0626 | LR: 2.62e-04
2026-02-07 14:24:19 [INFO] src.training.train_clop: [Epoch 28][Step 100/670] Loss: 1.3082 | Acc_t2c: 0.793 | Acc_c2t: 0.770 | Temp: 0.0624 | LR: 2.62e-04
2026-02-07 14:24:19 [INFO] src.training.train_clop: [Epoch 28][Step 150/670] Loss: 1.2811 | Acc_t2c: 0.816 | Acc_c2t: 0.793 | Temp: 0.0626 | LR: 2.62e-04
2026-02-07 14:24:19 [INFO] src.training.train_clop: [Epoch 28][Step 200/670] Loss: 1.3294 | Acc_t2c: 0.785 | Acc_c2t: 0.781 | Temp: 0.0625 | LR: 2.61e-04
2026-02-07 14:24:20 [INFO] src.training.train_clop: [Epoch 28][Step 250/670] Loss: 1.2903 | Acc_t2c: 0.824 | Acc_c2t: 0.816 | Temp: 0.0624 | LR: 2.61e-04
2026-02-07 14:24:20 [INFO] src.training.train_clop: [Epoch 28][Step 300/670] Loss: 1.2572 | Acc_t2c: 0.832 | Acc_c2t: 0.816 | Temp: 0.0628 | LR: 2.61e-04
2026-02-07 14:24:20 [INFO] src.training.train_clop: [Epoch 28][Step 350/670] Loss: 1.3390 | Acc_t2c: 0.770 | Acc_c2t: 0.773 | Temp: 0.0626 | LR: 2.61e-04
2026-02-07 14:24:20 [INFO] src.training.train_clop: [Epoch 28][Step 400/670] Loss: 1.2975 | Acc_t2c: 0.785 | Acc_c2t: 0.777 | Temp: 0.0629 | LR: 2.60e-04
2026-02-07 14:24:20 [INFO] src.training.train_clop: [Epoch 28][Step 450/670] Loss: 1.3111 | Acc_t2c: 0.816 | Acc_c2t: 0.781 | Temp: 0.0627 | LR: 2.60e-04
2026-02-07 14:24:20 [INFO] src.training.train_clop: [Epoch 28][Step 500/670] Loss: 1.3638 | Acc_t2c: 0.789 | Acc_c2t: 0.762 | Temp: 0.0628 | LR: 2.60e-04
2026-02-07 14:24:20 [INFO] src.training.train_clop: [Epoch 28][Step 550/670] Loss: 1.2979 | Acc_t2c: 0.812 | Acc_c2t: 0.801 | Temp: 0.0625 | LR: 2.60e-04
2026-02-07 14:24:21 [INFO] src.training.train_clop: [Epoch 28][Step 600/670] Loss: 1.3006 | Acc_t2c: 0.801 | Acc_c2t: 0.801 | Temp: 0.0625 | LR: 2.59e-04
2026-02-07 14:24:21 [INFO] src.training.train_clop: [Epoch 28][Step 650/670] Loss: 1.3650 | Acc_t2c: 0.773 | Acc_c2t: 0.758 | Temp: 0.0626 | LR: 2.59e-04
2026-02-07 14:24:21 [INFO] src.training.train_clop: 
============================================================
Epoch 28/100 (2.2s)
  Train Loss: 1.3195
  Val   Loss: 1.3577
  Val   Acc:  0.779
============================================================
2026-02-07 14:24:21 [INFO] src.training.train_clop:   ✓ New best model saved (val_loss=1.3577)
2026-02-07 14:24:21 [INFO] src.training.train_clop: [Epoch 29][Step 0/670] Loss: 1.3038 | Acc_t2c: 0.793 | Acc_c2t: 0.805 | Temp: 0.0627 | LR: 2.59e-04
2026-02-07 14:24:21 [INFO] src.training.train_clop: [Epoch 29][Step 50/670] Loss: 1.2913 | Acc_t2c: 0.805 | Acc_c2t: 0.797 | Temp: 0.0624 | LR: 2.59e-04
2026-02-07 14:24:21 [INFO] src.training.train_clop: [Epoch 29][Step 100/670] Loss: 1.3270 | Acc_t2c: 0.809 | Acc_c2t: 0.777 | Temp: 0.0628 | LR: 2.59e-04
2026-02-07 14:24:21 [INFO] src.training.train_clop: [Epoch 29][Step 150/670] Loss: 1.3384 | Acc_t2c: 0.789 | Acc_c2t: 0.777 | Temp: 0.0627 | LR: 2.58e-04
2026-02-07 14:24:22 [INFO] src.training.train_clop: [Epoch 29][Step 200/670] Loss: 1.3375 | Acc_t2c: 0.781 | Acc_c2t: 0.734 | Temp: 0.0624 | LR: 2.58e-04
2026-02-07 14:24:22 [INFO] src.training.train_clop: [Epoch 29][Step 250/670] Loss: 1.2810 | Acc_t2c: 0.812 | Acc_c2t: 0.805 | Temp: 0.0624 | LR: 2.58e-04
2026-02-07 14:24:22 [INFO] src.training.train_clop: [Epoch 29][Step 300/670] Loss: 1.3263 | Acc_t2c: 0.816 | Acc_c2t: 0.797 | Temp: 0.0624 | LR: 2.58e-04
2026-02-07 14:24:22 [INFO] src.training.train_clop: [Epoch 29][Step 350/670] Loss: 1.3070 | Acc_t2c: 0.801 | Acc_c2t: 0.770 | Temp: 0.0623 | LR: 2.57e-04
2026-02-07 14:24:22 [INFO] src.training.train_clop: [Epoch 29][Step 400/670] Loss: 1.3443 | Acc_t2c: 0.785 | Acc_c2t: 0.789 | Temp: 0.0623 | LR: 2.57e-04
2026-02-07 14:24:22 [INFO] src.training.train_clop: [Epoch 29][Step 450/670] Loss: 1.3618 | Acc_t2c: 0.789 | Acc_c2t: 0.770 | Temp: 0.0624 | LR: 2.57e-04
2026-02-07 14:24:23 [INFO] src.training.train_clop: [Epoch 29][Step 500/670] Loss: 1.2567 | Acc_t2c: 0.840 | Acc_c2t: 0.812 | Temp: 0.0622 | LR: 2.57e-04
2026-02-07 14:24:23 [INFO] src.training.train_clop: [Epoch 29][Step 550/670] Loss: 1.3883 | Acc_t2c: 0.770 | Acc_c2t: 0.738 | Temp: 0.0624 | LR: 2.56e-04
2026-02-07 14:24:23 [INFO] src.training.train_clop: [Epoch 29][Step 600/670] Loss: 1.3337 | Acc_t2c: 0.785 | Acc_c2t: 0.785 | Temp: 0.0626 | LR: 2.56e-04
2026-02-07 14:24:23 [INFO] src.training.train_clop: [Epoch 29][Step 650/670] Loss: 1.3103 | Acc_t2c: 0.801 | Acc_c2t: 0.785 | Temp: 0.0628 | LR: 2.56e-04
2026-02-07 14:24:23 [INFO] src.training.train_clop: 
============================================================
Epoch 29/100 (2.2s)
  Train Loss: 1.3193
  Val   Loss: 1.3582
  Val   Acc:  0.779
============================================================
2026-02-07 14:24:23 [INFO] src.training.train_clop: [Epoch 30][Step 0/670] Loss: 1.3489 | Acc_t2c: 0.781 | Acc_c2t: 0.773 | Temp: 0.0626 | LR: 2.56e-04
2026-02-07 14:24:23 [INFO] src.training.train_clop: [Epoch 30][Step 50/670] Loss: 1.2676 | Acc_t2c: 0.812 | Acc_c2t: 0.809 | Temp: 0.0627 | LR: 2.55e-04
2026-02-07 14:24:24 [INFO] src.training.train_clop: [Epoch 30][Step 100/670] Loss: 1.3114 | Acc_t2c: 0.805 | Acc_c2t: 0.766 | Temp: 0.0629 | LR: 2.55e-04
2026-02-07 14:24:24 [INFO] src.training.train_clop: [Epoch 30][Step 150/670] Loss: 1.3251 | Acc_t2c: 0.785 | Acc_c2t: 0.793 | Temp: 0.0628 | LR: 2.55e-04
2026-02-07 14:24:24 [INFO] src.training.train_clop: [Epoch 30][Step 200/670] Loss: 1.3102 | Acc_t2c: 0.797 | Acc_c2t: 0.781 | Temp: 0.0624 | LR: 2.55e-04
2026-02-07 14:24:24 [INFO] src.training.train_clop: [Epoch 30][Step 250/670] Loss: 1.2847 | Acc_t2c: 0.820 | Acc_c2t: 0.812 | Temp: 0.0628 | LR: 2.54e-04
2026-02-07 14:24:24 [INFO] src.training.train_clop: [Epoch 30][Step 300/670] Loss: 1.3462 | Acc_t2c: 0.773 | Acc_c2t: 0.746 | Temp: 0.0621 | LR: 2.54e-04
2026-02-07 14:24:24 [INFO] src.training.train_clop: [Epoch 30][Step 350/670] Loss: 1.3203 | Acc_t2c: 0.805 | Acc_c2t: 0.781 | Temp: 0.0624 | LR: 2.54e-04
2026-02-07 14:24:25 [INFO] src.training.train_clop: [Epoch 30][Step 400/670] Loss: 1.3368 | Acc_t2c: 0.793 | Acc_c2t: 0.754 | Temp: 0.0626 | LR: 2.54e-04
2026-02-07 14:24:25 [INFO] src.training.train_clop: [Epoch 30][Step 450/670] Loss: 1.2805 | Acc_t2c: 0.840 | Acc_c2t: 0.824 | Temp: 0.0624 | LR: 2.53e-04
2026-02-07 14:24:25 [INFO] src.training.train_clop: [Epoch 30][Step 500/670] Loss: 1.3971 | Acc_t2c: 0.766 | Acc_c2t: 0.734 | Temp: 0.0624 | LR: 2.53e-04
2026-02-07 14:24:25 [INFO] src.training.train_clop: [Epoch 30][Step 550/670] Loss: 1.3566 | Acc_t2c: 0.789 | Acc_c2t: 0.781 | Temp: 0.0624 | LR: 2.53e-04
2026-02-07 14:24:26 [INFO] src.training.train_clop: [Epoch 30][Step 600/670] Loss: 1.3954 | Acc_t2c: 0.738 | Acc_c2t: 0.762 | Temp: 0.0626 | LR: 2.52e-04
2026-02-07 14:24:26 [INFO] src.training.train_clop: [Epoch 30][Step 650/670] Loss: 1.3882 | Acc_t2c: 0.777 | Acc_c2t: 0.730 | Temp: 0.0624 | LR: 2.52e-04
2026-02-07 14:24:26 [INFO] src.training.train_clop: 
============================================================
Epoch 30/100 (2.7s)
  Train Loss: 1.3132
  Val   Loss: 1.3547
  Val   Acc:  0.782
============================================================
2026-02-07 14:24:26 [INFO] src.training.train_clop:   ✓ New best model saved (val_loss=1.3547)
2026-02-07 14:24:26 [INFO] src.training.train_clop: [Epoch 31][Step 0/670] Loss: 1.3210 | Acc_t2c: 0.781 | Acc_c2t: 0.758 | Temp: 0.0626 | LR: 2.52e-04
2026-02-07 14:24:26 [INFO] src.training.train_clop: [Epoch 31][Step 50/670] Loss: 1.2772 | Acc_t2c: 0.801 | Acc_c2t: 0.812 | Temp: 0.0623 | LR: 2.52e-04
2026-02-07 14:24:26 [INFO] src.training.train_clop: [Epoch 31][Step 100/670] Loss: 1.3401 | Acc_t2c: 0.785 | Acc_c2t: 0.754 | Temp: 0.0623 | LR: 2.52e-04
2026-02-07 14:24:26 [INFO] src.training.train_clop: [Epoch 31][Step 150/670] Loss: 1.2860 | Acc_t2c: 0.816 | Acc_c2t: 0.801 | Temp: 0.0625 | LR: 2.51e-04
2026-02-07 14:24:27 [INFO] src.training.train_clop: [Epoch 31][Step 200/670] Loss: 1.3223 | Acc_t2c: 0.789 | Acc_c2t: 0.805 | Temp: 0.0624 | LR: 2.51e-04
2026-02-07 14:24:27 [INFO] src.training.train_clop: [Epoch 31][Step 250/670] Loss: 1.2671 | Acc_t2c: 0.820 | Acc_c2t: 0.809 | Temp: 0.0623 | LR: 2.51e-04
2026-02-07 14:24:27 [INFO] src.training.train_clop: [Epoch 31][Step 300/670] Loss: 1.2834 | Acc_t2c: 0.789 | Acc_c2t: 0.801 | Temp: 0.0625 | LR: 2.50e-04
2026-02-07 14:24:27 [INFO] src.training.train_clop: [Epoch 31][Step 350/670] Loss: 1.3482 | Acc_t2c: 0.750 | Acc_c2t: 0.750 | Temp: 0.0624 | LR: 2.50e-04
2026-02-07 14:24:27 [INFO] src.training.train_clop: [Epoch 31][Step 400/670] Loss: 1.3450 | Acc_t2c: 0.777 | Acc_c2t: 0.758 | Temp: 0.0619 | LR: 2.50e-04
2026-02-07 14:24:27 [INFO] src.training.train_clop: [Epoch 31][Step 450/670] Loss: 1.2950 | Acc_t2c: 0.820 | Acc_c2t: 0.793 | Temp: 0.0627 | LR: 2.50e-04
2026-02-07 14:24:28 [INFO] src.training.train_clop: [Epoch 31][Step 500/670] Loss: 1.3074 | Acc_t2c: 0.797 | Acc_c2t: 0.789 | Temp: 0.0623 | LR: 2.49e-04
2026-02-07 14:24:28 [INFO] src.training.train_clop: [Epoch 31][Step 550/670] Loss: 1.2825 | Acc_t2c: 0.824 | Acc_c2t: 0.820 | Temp: 0.0625 | LR: 2.49e-04
2026-02-07 14:24:28 [INFO] src.training.train_clop: [Epoch 31][Step 600/670] Loss: 1.2902 | Acc_t2c: 0.797 | Acc_c2t: 0.777 | Temp: 0.0625 | LR: 2.49e-04
2026-02-07 14:24:28 [INFO] src.training.train_clop: [Epoch 31][Step 650/670] Loss: 1.2441 | Acc_t2c: 0.824 | Acc_c2t: 0.832 | Temp: 0.0626 | LR: 2.49e-04
2026-02-07 14:24:28 [INFO] src.training.train_clop: 
============================================================
Epoch 31/100 (2.2s)
  Train Loss: 1.3098
  Val   Loss: 1.3513
  Val   Acc:  0.781
============================================================
2026-02-07 14:24:28 [INFO] src.training.train_clop:   ✓ New best model saved (val_loss=1.3513)
2026-02-07 14:24:28 [INFO] src.training.train_clop: [Epoch 32][Step 0/670] Loss: 1.3872 | Acc_t2c: 0.754 | Acc_c2t: 0.746 | Temp: 0.0629 | LR: 2.48e-04
2026-02-07 14:24:28 [INFO] src.training.train_clop: [Epoch 32][Step 50/670] Loss: 1.2930 | Acc_t2c: 0.820 | Acc_c2t: 0.809 | Temp: 0.0623 | LR: 2.48e-04
2026-02-07 14:24:29 [INFO] src.training.train_clop: [Epoch 32][Step 100/670] Loss: 1.3199 | Acc_t2c: 0.789 | Acc_c2t: 0.789 | Temp: 0.0624 | LR: 2.48e-04
2026-02-07 14:24:29 [INFO] src.training.train_clop: [Epoch 32][Step 150/670] Loss: 1.3024 | Acc_t2c: 0.809 | Acc_c2t: 0.789 | Temp: 0.0630 | LR: 2.48e-04
2026-02-07 14:24:29 [INFO] src.training.train_clop: [Epoch 32][Step 200/670] Loss: 1.2317 | Acc_t2c: 0.848 | Acc_c2t: 0.805 | Temp: 0.0622 | LR: 2.47e-04
2026-02-07 14:24:29 [INFO] src.training.train_clop: [Epoch 32][Step 250/670] Loss: 1.3537 | Acc_t2c: 0.777 | Acc_c2t: 0.789 | Temp: 0.0621 | LR: 2.47e-04
2026-02-07 14:24:29 [INFO] src.training.train_clop: [Epoch 32][Step 300/670] Loss: 1.2990 | Acc_t2c: 0.777 | Acc_c2t: 0.777 | Temp: 0.0625 | LR: 2.47e-04
2026-02-07 14:24:29 [INFO] src.training.train_clop: [Epoch 32][Step 350/670] Loss: 1.3718 | Acc_t2c: 0.777 | Acc_c2t: 0.762 | Temp: 0.0623 | LR: 2.46e-04
2026-02-07 14:24:29 [INFO] src.training.train_clop: [Epoch 32][Step 400/670] Loss: 1.3054 | Acc_t2c: 0.789 | Acc_c2t: 0.773 | Temp: 0.0629 | LR: 2.46e-04
2026-02-07 14:24:30 [INFO] src.training.train_clop: [Epoch 32][Step 450/670] Loss: 1.2434 | Acc_t2c: 0.836 | Acc_c2t: 0.859 | Temp: 0.0625 | LR: 2.46e-04
2026-02-07 14:24:30 [INFO] src.training.train_clop: [Epoch 32][Step 500/670] Loss: 1.2885 | Acc_t2c: 0.805 | Acc_c2t: 0.805 | Temp: 0.0623 | LR: 2.46e-04
2026-02-07 14:24:30 [INFO] src.training.train_clop: [Epoch 32][Step 550/670] Loss: 1.3829 | Acc_t2c: 0.766 | Acc_c2t: 0.734 | Temp: 0.0624 | LR: 2.45e-04
2026-02-07 14:24:30 [INFO] src.training.train_clop: [Epoch 32][Step 600/670] Loss: 1.3237 | Acc_t2c: 0.812 | Acc_c2t: 0.773 | Temp: 0.0625 | LR: 2.45e-04
2026-02-07 14:24:30 [INFO] src.training.train_clop: [Epoch 32][Step 650/670] Loss: 1.3087 | Acc_t2c: 0.781 | Acc_c2t: 0.762 | Temp: 0.0625 | LR: 2.45e-04
2026-02-07 14:24:30 [INFO] src.training.train_clop: 
============================================================
Epoch 32/100 (2.2s)
  Train Loss: 1.3068
  Val   Loss: 1.3518
  Val   Acc:  0.781
============================================================
2026-02-07 14:24:30 [INFO] src.training.train_clop: [Epoch 33][Step 0/670] Loss: 1.3143 | Acc_t2c: 0.805 | Acc_c2t: 0.762 | Temp: 0.0626 | LR: 2.45e-04
2026-02-07 14:24:31 [INFO] src.training.train_clop: [Epoch 33][Step 50/670] Loss: 1.3327 | Acc_t2c: 0.758 | Acc_c2t: 0.777 | Temp: 0.0626 | LR: 2.44e-04
2026-02-07 14:24:31 [INFO] src.training.train_clop: [Epoch 33][Step 100/670] Loss: 1.2620 | Acc_t2c: 0.836 | Acc_c2t: 0.824 | Temp: 0.0620 | LR: 2.44e-04
2026-02-07 14:24:31 [INFO] src.training.train_clop: [Epoch 33][Step 150/670] Loss: 1.3141 | Acc_t2c: 0.789 | Acc_c2t: 0.754 | Temp: 0.0624 | LR: 2.44e-04
2026-02-07 14:24:31 [INFO] src.training.train_clop: [Epoch 33][Step 200/670] Loss: 1.3487 | Acc_t2c: 0.762 | Acc_c2t: 0.762 | Temp: 0.0627 | LR: 2.43e-04
2026-02-07 14:24:31 [INFO] src.training.train_clop: [Epoch 33][Step 250/670] Loss: 1.2978 | Acc_t2c: 0.801 | Acc_c2t: 0.793 | Temp: 0.0627 | LR: 2.43e-04
2026-02-07 14:24:31 [INFO] src.training.train_clop: [Epoch 33][Step 300/670] Loss: 1.3359 | Acc_t2c: 0.801 | Acc_c2t: 0.727 | Temp: 0.0624 | LR: 2.43e-04
2026-02-07 14:24:32 [INFO] src.training.train_clop: [Epoch 33][Step 350/670] Loss: 1.3188 | Acc_t2c: 0.793 | Acc_c2t: 0.766 | Temp: 0.0624 | LR: 2.43e-04
2026-02-07 14:24:32 [INFO] src.training.train_clop: [Epoch 33][Step 400/670] Loss: 1.3173 | Acc_t2c: 0.789 | Acc_c2t: 0.816 | Temp: 0.0623 | LR: 2.42e-04
2026-02-07 14:24:32 [INFO] src.training.train_clop: [Epoch 33][Step 450/670] Loss: 1.3407 | Acc_t2c: 0.789 | Acc_c2t: 0.785 | Temp: 0.0623 | LR: 2.42e-04
2026-02-07 14:24:32 [INFO] src.training.train_clop: [Epoch 33][Step 500/670] Loss: 1.3316 | Acc_t2c: 0.805 | Acc_c2t: 0.781 | Temp: 0.0621 | LR: 2.42e-04
2026-02-07 14:24:32 [INFO] src.training.train_clop: [Epoch 33][Step 550/670] Loss: 1.2551 | Acc_t2c: 0.832 | Acc_c2t: 0.852 | Temp: 0.0626 | LR: 2.41e-04
2026-02-07 14:24:33 [INFO] src.training.train_clop: [Epoch 33][Step 600/670] Loss: 1.2675 | Acc_t2c: 0.840 | Acc_c2t: 0.844 | Temp: 0.0622 | LR: 2.41e-04
2026-02-07 14:24:33 [INFO] src.training.train_clop: [Epoch 33][Step 650/670] Loss: 1.2879 | Acc_t2c: 0.809 | Acc_c2t: 0.793 | Temp: 0.0626 | LR: 2.41e-04
2026-02-07 14:24:33 [INFO] src.training.train_clop: 
============================================================
Epoch 33/100 (2.5s)
  Train Loss: 1.3057
  Val   Loss: 1.3463
  Val   Acc:  0.783
============================================================
2026-02-07 14:24:33 [INFO] src.training.train_clop:   ✓ New best model saved (val_loss=1.3463)
2026-02-07 14:24:33 [INFO] src.training.train_clop: [Epoch 34][Step 0/670] Loss: 1.2972 | Acc_t2c: 0.812 | Acc_c2t: 0.781 | Temp: 0.0625 | LR: 2.41e-04
2026-02-07 14:24:33 [INFO] src.training.train_clop: [Epoch 34][Step 50/670] Loss: 1.2819 | Acc_t2c: 0.828 | Acc_c2t: 0.793 | Temp: 0.0626 | LR: 2.40e-04
2026-02-07 14:24:33 [INFO] src.training.train_clop: [Epoch 34][Step 100/670] Loss: 1.3083 | Acc_t2c: 0.809 | Acc_c2t: 0.773 | Temp: 0.0626 | LR: 2.40e-04
2026-02-07 14:24:33 [INFO] src.training.train_clop: [Epoch 34][Step 150/670] Loss: 1.2519 | Acc_t2c: 0.812 | Acc_c2t: 0.824 | Temp: 0.0623 | LR: 2.40e-04
2026-02-07 14:24:34 [INFO] src.training.train_clop: [Epoch 34][Step 200/670] Loss: 1.2854 | Acc_t2c: 0.820 | Acc_c2t: 0.805 | Temp: 0.0622 | LR: 2.40e-04
2026-02-07 14:24:34 [INFO] src.training.train_clop: [Epoch 34][Step 250/670] Loss: 1.3536 | Acc_t2c: 0.777 | Acc_c2t: 0.738 | Temp: 0.0625 | LR: 2.39e-04
2026-02-07 14:24:34 [INFO] src.training.train_clop: [Epoch 34][Step 300/670] Loss: 1.2874 | Acc_t2c: 0.801 | Acc_c2t: 0.805 | Temp: 0.0623 | LR: 2.39e-04
2026-02-07 14:24:34 [INFO] src.training.train_clop: [Epoch 34][Step 350/670] Loss: 1.2627 | Acc_t2c: 0.828 | Acc_c2t: 0.816 | Temp: 0.0626 | LR: 2.39e-04
2026-02-07 14:24:34 [INFO] src.training.train_clop: [Epoch 34][Step 400/670] Loss: 1.3890 | Acc_t2c: 0.746 | Acc_c2t: 0.754 | Temp: 0.0622 | LR: 2.38e-04
2026-02-07 14:24:35 [INFO] src.training.train_clop: [Epoch 34][Step 450/670] Loss: 1.2921 | Acc_t2c: 0.812 | Acc_c2t: 0.789 | Temp: 0.0622 | LR: 2.38e-04
2026-02-07 14:24:35 [INFO] src.training.train_clop: [Epoch 34][Step 500/670] Loss: 1.3300 | Acc_t2c: 0.801 | Acc_c2t: 0.762 | Temp: 0.0626 | LR: 2.38e-04
2026-02-07 14:24:35 [INFO] src.training.train_clop: [Epoch 34][Step 550/670] Loss: 1.3267 | Acc_t2c: 0.766 | Acc_c2t: 0.770 | Temp: 0.0624 | LR: 2.38e-04
2026-02-07 14:24:35 [INFO] src.training.train_clop: [Epoch 34][Step 600/670] Loss: 1.3487 | Acc_t2c: 0.781 | Acc_c2t: 0.766 | Temp: 0.0624 | LR: 2.37e-04
2026-02-07 14:24:35 [INFO] src.training.train_clop: [Epoch 34][Step 650/670] Loss: 1.3565 | Acc_t2c: 0.785 | Acc_c2t: 0.754 | Temp: 0.0623 | LR: 2.37e-04
2026-02-07 14:24:36 [INFO] src.training.train_clop: 
============================================================
Epoch 34/100 (2.6s)
  Train Loss: 1.3027
  Val   Loss: 1.3459
  Val   Acc:  0.782
============================================================
2026-02-07 14:24:36 [INFO] src.training.train_clop:   ✓ New best model saved (val_loss=1.3459)
2026-02-07 14:24:36 [INFO] src.training.train_clop: [Epoch 35][Step 0/670] Loss: 1.3306 | Acc_t2c: 0.777 | Acc_c2t: 0.770 | Temp: 0.0629 | LR: 2.37e-04
2026-02-07 14:24:36 [INFO] src.training.train_clop: [Epoch 35][Step 50/670] Loss: 1.2425 | Acc_t2c: 0.828 | Acc_c2t: 0.816 | Temp: 0.0622 | LR: 2.36e-04
2026-02-07 14:24:36 [INFO] src.training.train_clop: [Epoch 35][Step 100/670] Loss: 1.2231 | Acc_t2c: 0.863 | Acc_c2t: 0.852 | Temp: 0.0623 | LR: 2.36e-04
2026-02-07 14:24:36 [INFO] src.training.train_clop: [Epoch 35][Step 150/670] Loss: 1.2946 | Acc_t2c: 0.801 | Acc_c2t: 0.801 | Temp: 0.0622 | LR: 2.36e-04
2026-02-07 14:24:36 [INFO] src.training.train_clop: [Epoch 35][Step 200/670] Loss: 1.2251 | Acc_t2c: 0.848 | Acc_c2t: 0.852 | Temp: 0.0625 | LR: 2.36e-04
2026-02-07 14:24:37 [INFO] src.training.train_clop: [Epoch 35][Step 250/670] Loss: 1.2923 | Acc_t2c: 0.801 | Acc_c2t: 0.820 | Temp: 0.0626 | LR: 2.35e-04
2026-02-07 14:24:37 [INFO] src.training.train_clop: [Epoch 35][Step 300/670] Loss: 1.3274 | Acc_t2c: 0.785 | Acc_c2t: 0.773 | Temp: 0.0624 | LR: 2.35e-04
2026-02-07 14:24:37 [INFO] src.training.train_clop: [Epoch 35][Step 350/670] Loss: 1.2569 | Acc_t2c: 0.836 | Acc_c2t: 0.828 | Temp: 0.0622 | LR: 2.35e-04
2026-02-07 14:24:37 [INFO] src.training.train_clop: [Epoch 35][Step 400/670] Loss: 1.3104 | Acc_t2c: 0.793 | Acc_c2t: 0.766 | Temp: 0.0624 | LR: 2.34e-04
2026-02-07 14:24:37 [INFO] src.training.train_clop: [Epoch 35][Step 450/670] Loss: 1.2565 | Acc_t2c: 0.801 | Acc_c2t: 0.824 | Temp: 0.0622 | LR: 2.34e-04
2026-02-07 14:24:38 [INFO] src.training.train_clop: [Epoch 35][Step 500/670] Loss: 1.2868 | Acc_t2c: 0.809 | Acc_c2t: 0.812 | Temp: 0.0626 | LR: 2.34e-04
2026-02-07 14:24:38 [INFO] src.training.train_clop: [Epoch 35][Step 550/670] Loss: 1.2792 | Acc_t2c: 0.832 | Acc_c2t: 0.801 | Temp: 0.0621 | LR: 2.33e-04
2026-02-07 14:24:38 [INFO] src.training.train_clop: [Epoch 35][Step 600/670] Loss: 1.3172 | Acc_t2c: 0.781 | Acc_c2t: 0.777 | Temp: 0.0626 | LR: 2.33e-04
2026-02-07 14:24:38 [INFO] src.training.train_clop: [Epoch 35][Step 650/670] Loss: 1.3366 | Acc_t2c: 0.797 | Acc_c2t: 0.781 | Temp: 0.0624 | LR: 2.33e-04
2026-02-07 14:24:38 [INFO] src.training.train_clop: 
============================================================
Epoch 35/100 (2.7s)
  Train Loss: 1.2993
  Val   Loss: 1.3480
  Val   Acc:  0.782
============================================================
2026-02-07 14:24:38 [INFO] src.training.train_clop: [Epoch 36][Step 0/670] Loss: 1.3538 | Acc_t2c: 0.762 | Acc_c2t: 0.781 | Temp: 0.0620 | LR: 2.33e-04
2026-02-07 14:24:39 [INFO] src.training.train_clop: [Epoch 36][Step 50/670] Loss: 1.3177 | Acc_t2c: 0.770 | Acc_c2t: 0.738 | Temp: 0.0621 | LR: 2.32e-04
2026-02-07 14:24:39 [INFO] src.training.train_clop: [Epoch 36][Step 100/670] Loss: 1.3226 | Acc_t2c: 0.754 | Acc_c2t: 0.738 | Temp: 0.0623 | LR: 2.32e-04
2026-02-07 14:24:39 [INFO] src.training.train_clop: [Epoch 36][Step 150/670] Loss: 1.2861 | Acc_t2c: 0.828 | Acc_c2t: 0.777 | Temp: 0.0621 | LR: 2.32e-04
2026-02-07 14:24:39 [INFO] src.training.train_clop: [Epoch 36][Step 200/670] Loss: 1.2646 | Acc_t2c: 0.816 | Acc_c2t: 0.781 | Temp: 0.0620 | LR: 2.31e-04
2026-02-07 14:24:39 [INFO] src.training.train_clop: [Epoch 36][Step 250/670] Loss: 1.2937 | Acc_t2c: 0.809 | Acc_c2t: 0.785 | Temp: 0.0619 | LR: 2.31e-04
2026-02-07 14:24:39 [INFO] src.training.train_clop: [Epoch 36][Step 300/670] Loss: 1.3265 | Acc_t2c: 0.773 | Acc_c2t: 0.754 | Temp: 0.0625 | LR: 2.31e-04
2026-02-07 14:24:40 [INFO] src.training.train_clop: [Epoch 36][Step 350/670] Loss: 1.2308 | Acc_t2c: 0.844 | Acc_c2t: 0.844 | Temp: 0.0624 | LR: 2.31e-04
2026-02-07 14:24:40 [INFO] src.training.train_clop: [Epoch 36][Step 400/670] Loss: 1.3430 | Acc_t2c: 0.773 | Acc_c2t: 0.797 | Temp: 0.0624 | LR: 2.30e-04
2026-02-07 14:24:40 [INFO] src.training.train_clop: [Epoch 36][Step 450/670] Loss: 1.2757 | Acc_t2c: 0.805 | Acc_c2t: 0.812 | Temp: 0.0622 | LR: 2.30e-04
2026-02-07 14:24:40 [INFO] src.training.train_clop: [Epoch 36][Step 500/670] Loss: 1.3075 | Acc_t2c: 0.781 | Acc_c2t: 0.801 | Temp: 0.0623 | LR: 2.30e-04
2026-02-07 14:24:40 [INFO] src.training.train_clop: [Epoch 36][Step 550/670] Loss: 1.3009 | Acc_t2c: 0.789 | Acc_c2t: 0.781 | Temp: 0.0623 | LR: 2.29e-04
2026-02-07 14:24:41 [INFO] src.training.train_clop: [Epoch 36][Step 600/670] Loss: 1.2763 | Acc_t2c: 0.789 | Acc_c2t: 0.812 | Temp: 0.0622 | LR: 2.29e-04
2026-02-07 14:24:41 [INFO] src.training.train_clop: [Epoch 36][Step 650/670] Loss: 1.2945 | Acc_t2c: 0.816 | Acc_c2t: 0.781 | Temp: 0.0623 | LR: 2.29e-04
2026-02-07 14:24:41 [INFO] src.training.train_clop: 
============================================================
Epoch 36/100 (2.5s)
  Train Loss: 1.2973
  Val   Loss: 1.3467
  Val   Acc:  0.783
============================================================
2026-02-07 14:24:41 [INFO] src.training.train_clop: [Epoch 37][Step 0/670] Loss: 1.2281 | Acc_t2c: 0.863 | Acc_c2t: 0.848 | Temp: 0.0621 | LR: 2.29e-04
2026-02-07 14:24:41 [INFO] src.training.train_clop: [Epoch 37][Step 50/670] Loss: 1.2611 | Acc_t2c: 0.840 | Acc_c2t: 0.836 | Temp: 0.0625 | LR: 2.28e-04
2026-02-07 14:24:41 [INFO] src.training.train_clop: [Epoch 37][Step 100/670] Loss: 1.3105 | Acc_t2c: 0.781 | Acc_c2t: 0.777 | Temp: 0.0623 | LR: 2.28e-04
2026-02-07 14:24:41 [INFO] src.training.train_clop: [Epoch 37][Step 150/670] Loss: 1.3519 | Acc_t2c: 0.781 | Acc_c2t: 0.773 | Temp: 0.0623 | LR: 2.28e-04
2026-02-07 14:24:42 [INFO] src.training.train_clop: [Epoch 37][Step 200/670] Loss: 1.3027 | Acc_t2c: 0.789 | Acc_c2t: 0.793 | Temp: 0.0619 | LR: 2.27e-04
2026-02-07 14:24:42 [INFO] src.training.train_clop: [Epoch 37][Step 250/670] Loss: 1.2896 | Acc_t2c: 0.789 | Acc_c2t: 0.781 | Temp: 0.0622 | LR: 2.27e-04
2026-02-07 14:24:42 [INFO] src.training.train_clop: [Epoch 37][Step 300/670] Loss: 1.3146 | Acc_t2c: 0.781 | Acc_c2t: 0.785 | Temp: 0.0625 | LR: 2.27e-04
2026-02-07 14:24:42 [INFO] src.training.train_clop: [Epoch 37][Step 350/670] Loss: 1.2820 | Acc_t2c: 0.832 | Acc_c2t: 0.840 | Temp: 0.0624 | LR: 2.26e-04
2026-02-07 14:24:42 [INFO] src.training.train_clop: [Epoch 37][Step 400/670] Loss: 1.3035 | Acc_t2c: 0.781 | Acc_c2t: 0.801 | Temp: 0.0621 | LR: 2.26e-04
2026-02-07 14:24:42 [INFO] src.training.train_clop: [Epoch 37][Step 450/670] Loss: 1.2944 | Acc_t2c: 0.793 | Acc_c2t: 0.789 | Temp: 0.0621 | LR: 2.26e-04
2026-02-07 14:24:42 [INFO] src.training.train_clop: [Epoch 37][Step 500/670] Loss: 1.2694 | Acc_t2c: 0.832 | Acc_c2t: 0.812 | Temp: 0.0625 | LR: 2.25e-04
2026-02-07 14:24:43 [INFO] src.training.train_clop: [Epoch 37][Step 550/670] Loss: 1.3214 | Acc_t2c: 0.777 | Acc_c2t: 0.801 | Temp: 0.0624 | LR: 2.25e-04
2026-02-07 14:24:43 [INFO] src.training.train_clop: [Epoch 37][Step 600/670] Loss: 1.3250 | Acc_t2c: 0.793 | Acc_c2t: 0.789 | Temp: 0.0624 | LR: 2.25e-04
2026-02-07 14:24:43 [INFO] src.training.train_clop: [Epoch 37][Step 650/670] Loss: 1.3015 | Acc_t2c: 0.801 | Acc_c2t: 0.773 | Temp: 0.0623 | LR: 2.24e-04
2026-02-07 14:24:43 [INFO] src.training.train_clop: 
============================================================
Epoch 37/100 (2.2s)
  Train Loss: 1.2951
  Val   Loss: 1.3429
  Val   Acc:  0.783
============================================================
2026-02-07 14:24:43 [INFO] src.training.train_clop:   ✓ New best model saved (val_loss=1.3429)
2026-02-07 14:24:43 [INFO] src.training.train_clop: [Epoch 38][Step 0/670] Loss: 1.2888 | Acc_t2c: 0.801 | Acc_c2t: 0.805 | Temp: 0.0625 | LR: 2.24e-04
2026-02-07 14:24:43 [INFO] src.training.train_clop: [Epoch 38][Step 50/670] Loss: 1.2218 | Acc_t2c: 0.848 | Acc_c2t: 0.809 | Temp: 0.0625 | LR: 2.24e-04
2026-02-07 14:24:44 [INFO] src.training.train_clop: [Epoch 38][Step 100/670] Loss: 1.3219 | Acc_t2c: 0.781 | Acc_c2t: 0.816 | Temp: 0.0627 | LR: 2.24e-04
2026-02-07 14:24:44 [INFO] src.training.train_clop: [Epoch 38][Step 150/670] Loss: 1.2955 | Acc_t2c: 0.797 | Acc_c2t: 0.793 | Temp: 0.0622 | LR: 2.23e-04
2026-02-07 14:24:44 [INFO] src.training.train_clop: [Epoch 38][Step 200/670] Loss: 1.3230 | Acc_t2c: 0.777 | Acc_c2t: 0.770 | Temp: 0.0621 | LR: 2.23e-04
2026-02-07 14:24:44 [INFO] src.training.train_clop: [Epoch 38][Step 250/670] Loss: 1.2455 | Acc_t2c: 0.824 | Acc_c2t: 0.832 | Temp: 0.0623 | LR: 2.23e-04
2026-02-07 14:24:44 [INFO] src.training.train_clop: [Epoch 38][Step 300/670] Loss: 1.3783 | Acc_t2c: 0.758 | Acc_c2t: 0.730 | Temp: 0.0628 | LR: 2.22e-04
2026-02-07 14:24:44 [INFO] src.training.train_clop: [Epoch 38][Step 350/670] Loss: 1.3648 | Acc_t2c: 0.777 | Acc_c2t: 0.734 | Temp: 0.0623 | LR: 2.22e-04
2026-02-07 14:24:45 [INFO] src.training.train_clop: [Epoch 38][Step 400/670] Loss: 1.3083 | Acc_t2c: 0.812 | Acc_c2t: 0.793 | Temp: 0.0624 | LR: 2.22e-04
2026-02-07 14:24:45 [INFO] src.training.train_clop: [Epoch 38][Step 450/670] Loss: 1.2508 | Acc_t2c: 0.816 | Acc_c2t: 0.789 | Temp: 0.0622 | LR: 2.21e-04
2026-02-07 14:24:45 [INFO] src.training.train_clop: [Epoch 38][Step 500/670] Loss: 1.2192 | Acc_t2c: 0.824 | Acc_c2t: 0.844 | Temp: 0.0623 | LR: 2.21e-04
2026-02-07 14:24:45 [INFO] src.training.train_clop: [Epoch 38][Step 550/670] Loss: 1.2885 | Acc_t2c: 0.801 | Acc_c2t: 0.797 | Temp: 0.0620 | LR: 2.21e-04
2026-02-07 14:24:45 [INFO] src.training.train_clop: [Epoch 38][Step 600/670] Loss: 1.3236 | Acc_t2c: 0.777 | Acc_c2t: 0.793 | Temp: 0.0622 | LR: 2.20e-04
2026-02-07 14:24:45 [INFO] src.training.train_clop: [Epoch 38][Step 650/670] Loss: 1.3703 | Acc_t2c: 0.777 | Acc_c2t: 0.738 | Temp: 0.0622 | LR: 2.20e-04
2026-02-07 14:24:46 [INFO] src.training.train_clop: 
============================================================
Epoch 38/100 (2.4s)
  Train Loss: 1.2924
  Val   Loss: 1.3474
  Val   Acc:  0.782
============================================================
2026-02-07 14:24:46 [INFO] src.training.train_clop: [Epoch 39][Step 0/670] Loss: 1.2822 | Acc_t2c: 0.824 | Acc_c2t: 0.809 | Temp: 0.0623 | LR: 2.20e-04
2026-02-07 14:24:46 [INFO] src.training.train_clop: [Epoch 39][Step 50/670] Loss: 1.3144 | Acc_t2c: 0.770 | Acc_c2t: 0.781 | Temp: 0.0621 | LR: 2.20e-04
2026-02-07 14:24:46 [INFO] src.training.train_clop: [Epoch 39][Step 100/670] Loss: 1.2412 | Acc_t2c: 0.809 | Acc_c2t: 0.836 | Temp: 0.0621 | LR: 2.19e-04
2026-02-07 14:24:46 [INFO] src.training.train_clop: [Epoch 39][Step 150/670] Loss: 1.3217 | Acc_t2c: 0.777 | Acc_c2t: 0.742 | Temp: 0.0623 | LR: 2.19e-04
2026-02-07 14:24:46 [INFO] src.training.train_clop: [Epoch 39][Step 200/670] Loss: 1.2200 | Acc_t2c: 0.836 | Acc_c2t: 0.836 | Temp: 0.0617 | LR: 2.19e-04
2026-02-07 14:24:46 [INFO] src.training.train_clop: [Epoch 39][Step 250/670] Loss: 1.3249 | Acc_t2c: 0.777 | Acc_c2t: 0.785 | Temp: 0.0621 | LR: 2.18e-04
2026-02-07 14:24:46 [INFO] src.training.train_clop: [Epoch 39][Step 300/670] Loss: 1.3007 | Acc_t2c: 0.820 | Acc_c2t: 0.789 | Temp: 0.0624 | LR: 2.18e-04
2026-02-07 14:24:47 [INFO] src.training.train_clop: [Epoch 39][Step 350/670] Loss: 1.2928 | Acc_t2c: 0.797 | Acc_c2t: 0.797 | Temp: 0.0622 | LR: 2.18e-04
2026-02-07 14:24:47 [INFO] src.training.train_clop: [Epoch 39][Step 400/670] Loss: 1.2877 | Acc_t2c: 0.793 | Acc_c2t: 0.777 | Temp: 0.0625 | LR: 2.17e-04
2026-02-07 14:24:47 [INFO] src.training.train_clop: [Epoch 39][Step 450/670] Loss: 1.2913 | Acc_t2c: 0.805 | Acc_c2t: 0.801 | Temp: 0.0620 | LR: 2.17e-04
2026-02-07 14:24:47 [INFO] src.training.train_clop: [Epoch 39][Step 500/670] Loss: 1.3082 | Acc_t2c: 0.797 | Acc_c2t: 0.793 | Temp: 0.0624 | LR: 2.17e-04
2026-02-07 14:24:47 [INFO] src.training.train_clop: [Epoch 39][Step 550/670] Loss: 1.3047 | Acc_t2c: 0.781 | Acc_c2t: 0.746 | Temp: 0.0623 | LR: 2.16e-04
2026-02-07 14:24:47 [INFO] src.training.train_clop: [Epoch 39][Step 600/670] Loss: 1.2678 | Acc_t2c: 0.812 | Acc_c2t: 0.805 | Temp: 0.0622 | LR: 2.16e-04
2026-02-07 14:24:48 [INFO] src.training.train_clop: [Epoch 39][Step 650/670] Loss: 1.3726 | Acc_t2c: 0.770 | Acc_c2t: 0.738 | Temp: 0.0621 | LR: 2.16e-04
2026-02-07 14:24:48 [INFO] src.training.train_clop: 
============================================================
Epoch 39/100 (2.1s)
  Train Loss: 1.2913
  Val   Loss: 1.3393
  Val   Acc:  0.783
============================================================
2026-02-07 14:24:48 [INFO] src.training.train_clop:   ✓ New best model saved (val_loss=1.3393)
2026-02-07 14:24:48 [INFO] src.training.train_clop: [Epoch 40][Step 0/670] Loss: 1.3057 | Acc_t2c: 0.793 | Acc_c2t: 0.773 | Temp: 0.0629 | LR: 2.16e-04
2026-02-07 14:24:48 [INFO] src.training.train_clop: [Epoch 40][Step 50/670] Loss: 1.2846 | Acc_t2c: 0.805 | Acc_c2t: 0.797 | Temp: 0.0625 | LR: 2.15e-04
2026-02-07 14:24:48 [INFO] src.training.train_clop: [Epoch 40][Step 100/670] Loss: 1.2685 | Acc_t2c: 0.824 | Acc_c2t: 0.809 | Temp: 0.0624 | LR: 2.15e-04
2026-02-07 14:24:48 [INFO] src.training.train_clop: [Epoch 40][Step 150/670] Loss: 1.2783 | Acc_t2c: 0.836 | Acc_c2t: 0.797 | Temp: 0.0625 | LR: 2.15e-04
2026-02-07 14:24:48 [INFO] src.training.train_clop: [Epoch 40][Step 200/670] Loss: 1.2727 | Acc_t2c: 0.820 | Acc_c2t: 0.820 | Temp: 0.0620 | LR: 2.14e-04
2026-02-07 14:24:48 [INFO] src.training.train_clop: [Epoch 40][Step 250/670] Loss: 1.2683 | Acc_t2c: 0.816 | Acc_c2t: 0.816 | Temp: 0.0621 | LR: 2.14e-04
2026-02-07 14:24:49 [INFO] src.training.train_clop: [Epoch 40][Step 300/670] Loss: 1.2716 | Acc_t2c: 0.820 | Acc_c2t: 0.797 | Temp: 0.0621 | LR: 2.14e-04
2026-02-07 14:24:49 [INFO] src.training.train_clop: [Epoch 40][Step 350/670] Loss: 1.2488 | Acc_t2c: 0.836 | Acc_c2t: 0.848 | Temp: 0.0623 | LR: 2.13e-04
2026-02-07 14:24:49 [INFO] src.training.train_clop: [Epoch 40][Step 400/670] Loss: 1.2233 | Acc_t2c: 0.824 | Acc_c2t: 0.855 | Temp: 0.0623 | LR: 2.13e-04
2026-02-07 14:24:49 [INFO] src.training.train_clop: [Epoch 40][Step 450/670] Loss: 1.3422 | Acc_t2c: 0.773 | Acc_c2t: 0.762 | Temp: 0.0620 | LR: 2.13e-04
2026-02-07 14:24:49 [INFO] src.training.train_clop: [Epoch 40][Step 500/670] Loss: 1.2936 | Acc_t2c: 0.809 | Acc_c2t: 0.773 | Temp: 0.0625 | LR: 2.12e-04
2026-02-07 14:24:49 [INFO] src.training.train_clop: [Epoch 40][Step 550/670] Loss: 1.2967 | Acc_t2c: 0.781 | Acc_c2t: 0.801 | Temp: 0.0622 | LR: 2.12e-04
2026-02-07 14:24:50 [INFO] src.training.train_clop: [Epoch 40][Step 600/670] Loss: 1.3253 | Acc_t2c: 0.797 | Acc_c2t: 0.777 | Temp: 0.0623 | LR: 2.12e-04
2026-02-07 14:24:50 [INFO] src.training.train_clop: [Epoch 40][Step 650/670] Loss: 1.3046 | Acc_t2c: 0.812 | Acc_c2t: 0.777 | Temp: 0.0620 | LR: 2.11e-04
2026-02-07 14:24:50 [INFO] src.training.train_clop: 
============================================================
Epoch 40/100 (2.2s)
  Train Loss: 1.2894
  Val   Loss: 1.3411
  Val   Acc:  0.783
============================================================
2026-02-07 14:24:50 [INFO] src.training.train_clop: [Epoch 41][Step 0/670] Loss: 1.2448 | Acc_t2c: 0.816 | Acc_c2t: 0.820 | Temp: 0.0622 | LR: 2.11e-04
2026-02-07 14:24:50 [INFO] src.training.train_clop: [Epoch 41][Step 50/670] Loss: 1.3161 | Acc_t2c: 0.805 | Acc_c2t: 0.777 | Temp: 0.0623 | LR: 2.11e-04
2026-02-07 14:24:50 [INFO] src.training.train_clop: [Epoch 41][Step 100/670] Loss: 1.2565 | Acc_t2c: 0.809 | Acc_c2t: 0.805 | Temp: 0.0623 | LR: 2.10e-04
2026-02-07 14:24:51 [INFO] src.training.train_clop: [Epoch 41][Step 150/670] Loss: 1.3136 | Acc_t2c: 0.785 | Acc_c2t: 0.797 | Temp: 0.0624 | LR: 2.10e-04
2026-02-07 14:24:51 [INFO] src.training.train_clop: [Epoch 41][Step 200/670] Loss: 1.2692 | Acc_t2c: 0.828 | Acc_c2t: 0.801 | Temp: 0.0623 | LR: 2.10e-04
2026-02-07 14:24:51 [INFO] src.training.train_clop: [Epoch 41][Step 250/670] Loss: 1.2859 | Acc_t2c: 0.809 | Acc_c2t: 0.777 | Temp: 0.0623 | LR: 2.09e-04
2026-02-07 14:24:51 [INFO] src.training.train_clop: [Epoch 41][Step 300/670] Loss: 1.2444 | Acc_t2c: 0.828 | Acc_c2t: 0.820 | Temp: 0.0622 | LR: 2.09e-04
2026-02-07 14:24:51 [INFO] src.training.train_clop: [Epoch 41][Step 350/670] Loss: 1.2851 | Acc_t2c: 0.785 | Acc_c2t: 0.781 | Temp: 0.0622 | LR: 2.09e-04
2026-02-07 14:24:51 [INFO] src.training.train_clop: [Epoch 41][Step 400/670] Loss: 1.2931 | Acc_t2c: 0.820 | Acc_c2t: 0.797 | Temp: 0.0624 | LR: 2.08e-04
2026-02-07 14:24:52 [INFO] src.training.train_clop: [Epoch 41][Step 450/670] Loss: 1.3102 | Acc_t2c: 0.781 | Acc_c2t: 0.777 | Temp: 0.0621 | LR: 2.08e-04
2026-02-07 14:24:52 [INFO] src.training.train_clop: [Epoch 41][Step 500/670] Loss: 1.2467 | Acc_t2c: 0.836 | Acc_c2t: 0.848 | Temp: 0.0621 | LR: 2.08e-04
2026-02-07 14:24:52 [INFO] src.training.train_clop: [Epoch 41][Step 550/670] Loss: 1.2536 | Acc_t2c: 0.820 | Acc_c2t: 0.824 | Temp: 0.0624 | LR: 2.07e-04
2026-02-07 14:24:52 [INFO] src.training.train_clop: [Epoch 41][Step 600/670] Loss: 1.3030 | Acc_t2c: 0.785 | Acc_c2t: 0.785 | Temp: 0.0621 | LR: 2.07e-04
2026-02-07 14:24:52 [INFO] src.training.train_clop: [Epoch 41][Step 650/670] Loss: 1.2557 | Acc_t2c: 0.809 | Acc_c2t: 0.836 | Temp: 0.0618 | LR: 2.07e-04
2026-02-07 14:24:53 [INFO] src.training.train_clop: 
============================================================
Epoch 41/100 (2.7s)
  Train Loss: 1.2875
  Val   Loss: 1.3423
  Val   Acc:  0.782
============================================================
2026-02-07 14:24:53 [INFO] src.training.train_clop: [Epoch 42][Step 0/670] Loss: 1.3077 | Acc_t2c: 0.797 | Acc_c2t: 0.770 | Temp: 0.0618 | LR: 2.07e-04
2026-02-07 14:24:53 [INFO] src.training.train_clop: [Epoch 42][Step 50/670] Loss: 1.2752 | Acc_t2c: 0.789 | Acc_c2t: 0.789 | Temp: 0.0620 | LR: 2.06e-04
2026-02-07 14:24:53 [INFO] src.training.train_clop: [Epoch 42][Step 100/670] Loss: 1.2378 | Acc_t2c: 0.848 | Acc_c2t: 0.820 | Temp: 0.0622 | LR: 2.06e-04
2026-02-07 14:24:53 [INFO] src.training.train_clop: [Epoch 42][Step 150/670] Loss: 1.3454 | Acc_t2c: 0.773 | Acc_c2t: 0.758 | Temp: 0.0621 | LR: 2.06e-04
2026-02-07 14:24:53 [INFO] src.training.train_clop: [Epoch 42][Step 200/670] Loss: 1.2904 | Acc_t2c: 0.812 | Acc_c2t: 0.805 | Temp: 0.0617 | LR: 2.05e-04
2026-02-07 14:24:54 [INFO] src.training.train_clop: [Epoch 42][Step 250/670] Loss: 1.2701 | Acc_t2c: 0.809 | Acc_c2t: 0.809 | Temp: 0.0618 | LR: 2.05e-04
2026-02-07 14:24:54 [INFO] src.training.train_clop: [Epoch 42][Step 300/670] Loss: 1.3150 | Acc_t2c: 0.797 | Acc_c2t: 0.797 | Temp: 0.0619 | LR: 2.05e-04
2026-02-07 14:24:54 [INFO] src.training.train_clop: [Epoch 42][Step 350/670] Loss: 1.2865 | Acc_t2c: 0.789 | Acc_c2t: 0.801 | Temp: 0.0621 | LR: 2.04e-04
2026-02-07 14:24:54 [INFO] src.training.train_clop: [Epoch 42][Step 400/670] Loss: 1.3081 | Acc_t2c: 0.793 | Acc_c2t: 0.770 | Temp: 0.0619 | LR: 2.04e-04
2026-02-07 14:24:54 [INFO] src.training.train_clop: [Epoch 42][Step 450/670] Loss: 1.2582 | Acc_t2c: 0.816 | Acc_c2t: 0.801 | Temp: 0.0618 | LR: 2.04e-04
2026-02-07 14:24:55 [INFO] src.training.train_clop: [Epoch 42][Step 500/670] Loss: 1.2864 | Acc_t2c: 0.801 | Acc_c2t: 0.812 | Temp: 0.0620 | LR: 2.03e-04
2026-02-07 14:24:55 [INFO] src.training.train_clop: [Epoch 42][Step 550/670] Loss: 1.2615 | Acc_t2c: 0.824 | Acc_c2t: 0.809 | Temp: 0.0618 | LR: 2.03e-04
2026-02-07 14:24:55 [INFO] src.training.train_clop: [Epoch 42][Step 600/670] Loss: 1.1936 | Acc_t2c: 0.852 | Acc_c2t: 0.848 | Temp: 0.0619 | LR: 2.03e-04
2026-02-07 14:24:55 [INFO] src.training.train_clop: [Epoch 42][Step 650/670] Loss: 1.3098 | Acc_t2c: 0.805 | Acc_c2t: 0.777 | Temp: 0.0619 | LR: 2.02e-04
2026-02-07 14:24:55 [INFO] src.training.train_clop: 
============================================================
Epoch 42/100 (2.6s)
  Train Loss: 1.2854
  Val   Loss: 1.3396
  Val   Acc:  0.784
============================================================
2026-02-07 14:24:55 [INFO] src.training.train_clop: [Epoch 43][Step 0/670] Loss: 1.3054 | Acc_t2c: 0.801 | Acc_c2t: 0.781 | Temp: 0.0619 | LR: 2.02e-04
2026-02-07 14:24:55 [INFO] src.training.train_clop: [Epoch 43][Step 50/670] Loss: 1.2256 | Acc_t2c: 0.820 | Acc_c2t: 0.832 | Temp: 0.0618 | LR: 2.02e-04
2026-02-07 14:24:56 [INFO] src.training.train_clop: [Epoch 43][Step 100/670] Loss: 1.2774 | Acc_t2c: 0.805 | Acc_c2t: 0.789 | Temp: 0.0620 | LR: 2.01e-04
2026-02-07 14:24:56 [INFO] src.training.train_clop: [Epoch 43][Step 150/670] Loss: 1.2702 | Acc_t2c: 0.797 | Acc_c2t: 0.801 | Temp: 0.0621 | LR: 2.01e-04
2026-02-07 14:24:56 [INFO] src.training.train_clop: [Epoch 43][Step 200/670] Loss: 1.2726 | Acc_t2c: 0.801 | Acc_c2t: 0.781 | Temp: 0.0619 | LR: 2.01e-04
2026-02-07 14:24:56 [INFO] src.training.train_clop: [Epoch 43][Step 250/670] Loss: 1.2779 | Acc_t2c: 0.809 | Acc_c2t: 0.773 | Temp: 0.0618 | LR: 2.00e-04
2026-02-07 14:24:56 [INFO] src.training.train_clop: [Epoch 43][Step 300/670] Loss: 1.2876 | Acc_t2c: 0.777 | Acc_c2t: 0.770 | Temp: 0.0618 | LR: 2.00e-04
2026-02-07 14:24:57 [INFO] src.training.train_clop: [Epoch 43][Step 350/670] Loss: 1.2416 | Acc_t2c: 0.812 | Acc_c2t: 0.820 | Temp: 0.0618 | LR: 2.00e-04
2026-02-07 14:24:57 [INFO] src.training.train_clop: [Epoch 43][Step 400/670] Loss: 1.2655 | Acc_t2c: 0.777 | Acc_c2t: 0.797 | Temp: 0.0623 | LR: 1.99e-04
2026-02-07 14:24:57 [INFO] src.training.train_clop: [Epoch 43][Step 450/670] Loss: 1.2813 | Acc_t2c: 0.809 | Acc_c2t: 0.789 | Temp: 0.0616 | LR: 1.99e-04
2026-02-07 14:24:57 [INFO] src.training.train_clop: [Epoch 43][Step 500/670] Loss: 1.2592 | Acc_t2c: 0.836 | Acc_c2t: 0.852 | Temp: 0.0621 | LR: 1.99e-04
2026-02-07 14:24:57 [INFO] src.training.train_clop: [Epoch 43][Step 550/670] Loss: 1.3017 | Acc_t2c: 0.797 | Acc_c2t: 0.777 | Temp: 0.0621 | LR: 1.98e-04
2026-02-07 14:24:58 [INFO] src.training.train_clop: [Epoch 43][Step 600/670] Loss: 1.2606 | Acc_t2c: 0.824 | Acc_c2t: 0.812 | Temp: 0.0618 | LR: 1.98e-04
2026-02-07 14:24:58 [INFO] src.training.train_clop: [Epoch 43][Step 650/670] Loss: 1.3084 | Acc_t2c: 0.785 | Acc_c2t: 0.789 | Temp: 0.0619 | LR: 1.98e-04
2026-02-07 14:24:58 [INFO] src.training.train_clop: 
============================================================
Epoch 43/100 (2.7s)
  Train Loss: 1.2829
  Val   Loss: 1.3359
  Val   Acc:  0.785
============================================================
2026-02-07 14:24:58 [INFO] src.training.train_clop:   ✓ New best model saved (val_loss=1.3359)
2026-02-07 14:24:58 [INFO] src.training.train_clop: [Epoch 44][Step 0/670] Loss: 1.2822 | Acc_t2c: 0.816 | Acc_c2t: 0.828 | Temp: 0.0618 | LR: 1.97e-04
2026-02-07 14:24:58 [INFO] src.training.train_clop: [Epoch 44][Step 50/670] Loss: 1.3006 | Acc_t2c: 0.812 | Acc_c2t: 0.781 | Temp: 0.0621 | LR: 1.97e-04
2026-02-07 14:24:58 [INFO] src.training.train_clop: [Epoch 44][Step 100/670] Loss: 1.2923 | Acc_t2c: 0.789 | Acc_c2t: 0.758 | Temp: 0.0618 | LR: 1.97e-04
2026-02-07 14:24:58 [INFO] src.training.train_clop: [Epoch 44][Step 150/670] Loss: 1.3075 | Acc_t2c: 0.773 | Acc_c2t: 0.777 | Temp: 0.0619 | LR: 1.96e-04
2026-02-07 14:24:59 [INFO] src.training.train_clop: [Epoch 44][Step 200/670] Loss: 1.2916 | Acc_t2c: 0.812 | Acc_c2t: 0.785 | Temp: 0.0618 | LR: 1.96e-04
2026-02-07 14:24:59 [INFO] src.training.train_clop: [Epoch 44][Step 250/670] Loss: 1.3097 | Acc_t2c: 0.797 | Acc_c2t: 0.801 | Temp: 0.0618 | LR: 1.96e-04
2026-02-07 14:24:59 [INFO] src.training.train_clop: [Epoch 44][Step 300/670] Loss: 1.2727 | Acc_t2c: 0.848 | Acc_c2t: 0.816 | Temp: 0.0616 | LR: 1.95e-04
2026-02-07 14:24:59 [INFO] src.training.train_clop: [Epoch 44][Step 350/670] Loss: 1.2823 | Acc_t2c: 0.801 | Acc_c2t: 0.816 | Temp: 0.0619 | LR: 1.95e-04
2026-02-07 14:24:59 [INFO] src.training.train_clop: [Epoch 44][Step 400/670] Loss: 1.2244 | Acc_t2c: 0.828 | Acc_c2t: 0.852 | Temp: 0.0614 | LR: 1.95e-04
2026-02-07 14:24:59 [INFO] src.training.train_clop: [Epoch 44][Step 450/670] Loss: 1.2272 | Acc_t2c: 0.855 | Acc_c2t: 0.863 | Temp: 0.0618 | LR: 1.94e-04
2026-02-07 14:25:00 [INFO] src.training.train_clop: [Epoch 44][Step 500/670] Loss: 1.2991 | Acc_t2c: 0.793 | Acc_c2t: 0.797 | Temp: 0.0617 | LR: 1.94e-04
2026-02-07 14:25:00 [INFO] src.training.train_clop: [Epoch 44][Step 550/670] Loss: 1.2509 | Acc_t2c: 0.844 | Acc_c2t: 0.836 | Temp: 0.0619 | LR: 1.94e-04
2026-02-07 14:25:00 [INFO] src.training.train_clop: [Epoch 44][Step 600/670] Loss: 1.2634 | Acc_t2c: 0.828 | Acc_c2t: 0.816 | Temp: 0.0618 | LR: 1.93e-04
2026-02-07 14:25:00 [INFO] src.training.train_clop: [Epoch 44][Step 650/670] Loss: 1.3086 | Acc_t2c: 0.770 | Acc_c2t: 0.770 | Temp: 0.0617 | LR: 1.93e-04
2026-02-07 14:25:00 [INFO] src.training.train_clop: 
============================================================
Epoch 44/100 (2.1s)
  Train Loss: 1.2803
  Val   Loss: 1.3358
  Val   Acc:  0.785
============================================================
2026-02-07 14:25:00 [INFO] src.training.train_clop:   ✓ New best model saved (val_loss=1.3358)
2026-02-07 14:25:00 [INFO] src.training.train_clop: [Epoch 45][Step 0/670] Loss: 1.2748 | Acc_t2c: 0.805 | Acc_c2t: 0.793 | Temp: 0.0618 | LR: 1.93e-04
2026-02-07 14:25:00 [INFO] src.training.train_clop: [Epoch 45][Step 50/670] Loss: 1.2835 | Acc_t2c: 0.816 | Acc_c2t: 0.793 | Temp: 0.0623 | LR: 1.92e-04
2026-02-07 14:25:01 [INFO] src.training.train_clop: [Epoch 45][Step 100/670] Loss: 1.2597 | Acc_t2c: 0.809 | Acc_c2t: 0.816 | Temp: 0.0619 | LR: 1.92e-04
2026-02-07 14:25:01 [INFO] src.training.train_clop: [Epoch 45][Step 150/670] Loss: 1.2171 | Acc_t2c: 0.848 | Acc_c2t: 0.875 | Temp: 0.0619 | LR: 1.92e-04
2026-02-07 14:25:01 [INFO] src.training.train_clop: [Epoch 45][Step 200/670] Loss: 1.2903 | Acc_t2c: 0.785 | Acc_c2t: 0.781 | Temp: 0.0618 | LR: 1.91e-04
2026-02-07 14:25:01 [INFO] src.training.train_clop: [Epoch 45][Step 250/670] Loss: 1.2887 | Acc_t2c: 0.805 | Acc_c2t: 0.750 | Temp: 0.0616 | LR: 1.91e-04
2026-02-07 14:25:01 [INFO] src.training.train_clop: [Epoch 45][Step 300/670] Loss: 1.2258 | Acc_t2c: 0.832 | Acc_c2t: 0.824 | Temp: 0.0617 | LR: 1.91e-04
2026-02-07 14:25:01 [INFO] src.training.train_clop: [Epoch 45][Step 350/670] Loss: 1.2770 | Acc_t2c: 0.809 | Acc_c2t: 0.793 | Temp: 0.0615 | LR: 1.90e-04
2026-02-07 14:25:01 [INFO] src.training.train_clop: [Epoch 45][Step 400/670] Loss: 1.3125 | Acc_t2c: 0.809 | Acc_c2t: 0.781 | Temp: 0.0615 | LR: 1.90e-04
2026-02-07 14:25:02 [INFO] src.training.train_clop: [Epoch 45][Step 450/670] Loss: 1.2671 | Acc_t2c: 0.809 | Acc_c2t: 0.805 | Temp: 0.0615 | LR: 1.90e-04
2026-02-07 14:25:02 [INFO] src.training.train_clop: [Epoch 45][Step 500/670] Loss: 1.1958 | Acc_t2c: 0.871 | Acc_c2t: 0.855 | Temp: 0.0617 | LR: 1.89e-04
2026-02-07 14:25:02 [INFO] src.training.train_clop: [Epoch 45][Step 550/670] Loss: 1.2693 | Acc_t2c: 0.816 | Acc_c2t: 0.816 | Temp: 0.0615 | LR: 1.89e-04
2026-02-07 14:25:02 [INFO] src.training.train_clop: [Epoch 45][Step 600/670] Loss: 1.2280 | Acc_t2c: 0.824 | Acc_c2t: 0.812 | Temp: 0.0614 | LR: 1.88e-04
2026-02-07 14:25:02 [INFO] src.training.train_clop: [Epoch 45][Step 650/670] Loss: 1.2822 | Acc_t2c: 0.805 | Acc_c2t: 0.762 | Temp: 0.0619 | LR: 1.88e-04
2026-02-07 14:25:03 [INFO] src.training.train_clop: 
============================================================
Epoch 45/100 (2.3s)
  Train Loss: 1.2791
  Val   Loss: 1.3360
  Val   Acc:  0.785
============================================================
2026-02-07 14:25:03 [INFO] src.training.train_clop: [Epoch 46][Step 0/670] Loss: 1.2253 | Acc_t2c: 0.824 | Acc_c2t: 0.844 | Temp: 0.0617 | LR: 1.88e-04
2026-02-07 14:25:03 [INFO] src.training.train_clop: [Epoch 46][Step 50/670] Loss: 1.2698 | Acc_t2c: 0.805 | Acc_c2t: 0.789 | Temp: 0.0617 | LR: 1.88e-04
2026-02-07 14:25:03 [INFO] src.training.train_clop: [Epoch 46][Step 100/670] Loss: 1.2199 | Acc_t2c: 0.848 | Acc_c2t: 0.871 | Temp: 0.0616 | LR: 1.87e-04
2026-02-07 14:25:03 [INFO] src.training.train_clop: [Epoch 46][Step 150/670] Loss: 1.2044 | Acc_t2c: 0.844 | Acc_c2t: 0.820 | Temp: 0.0617 | LR: 1.87e-04
2026-02-07 14:25:03 [INFO] src.training.train_clop: [Epoch 46][Step 200/670] Loss: 1.2598 | Acc_t2c: 0.809 | Acc_c2t: 0.801 | Temp: 0.0619 | LR: 1.87e-04
2026-02-07 14:25:03 [INFO] src.training.train_clop: [Epoch 46][Step 250/670] Loss: 1.2757 | Acc_t2c: 0.797 | Acc_c2t: 0.773 | Temp: 0.0618 | LR: 1.86e-04
2026-02-07 14:25:03 [INFO] src.training.train_clop: [Epoch 46][Step 300/670] Loss: 1.2847 | Acc_t2c: 0.809 | Acc_c2t: 0.805 | Temp: 0.0618 | LR: 1.86e-04
2026-02-07 14:25:04 [INFO] src.training.train_clop: [Epoch 46][Step 350/670] Loss: 1.2976 | Acc_t2c: 0.789 | Acc_c2t: 0.746 | Temp: 0.0619 | LR: 1.85e-04
2026-02-07 14:25:04 [INFO] src.training.train_clop: [Epoch 46][Step 400/670] Loss: 1.3294 | Acc_t2c: 0.773 | Acc_c2t: 0.758 | Temp: 0.0616 | LR: 1.85e-04
2026-02-07 14:25:04 [INFO] src.training.train_clop: [Epoch 46][Step 450/670] Loss: 1.3046 | Acc_t2c: 0.785 | Acc_c2t: 0.777 | Temp: 0.0620 | LR: 1.85e-04
2026-02-07 14:25:04 [INFO] src.training.train_clop: [Epoch 46][Step 500/670] Loss: 1.2940 | Acc_t2c: 0.793 | Acc_c2t: 0.797 | Temp: 0.0616 | LR: 1.84e-04
2026-02-07 14:25:04 [INFO] src.training.train_clop: [Epoch 46][Step 550/670] Loss: 1.2660 | Acc_t2c: 0.816 | Acc_c2t: 0.828 | Temp: 0.0612 | LR: 1.84e-04
2026-02-07 14:25:04 [INFO] src.training.train_clop: [Epoch 46][Step 600/670] Loss: 1.3102 | Acc_t2c: 0.762 | Acc_c2t: 0.797 | Temp: 0.0619 | LR: 1.84e-04
2026-02-07 14:25:05 [INFO] src.training.train_clop: [Epoch 46][Step 650/670] Loss: 1.2584 | Acc_t2c: 0.820 | Acc_c2t: 0.793 | Temp: 0.0621 | LR: 1.83e-04
2026-02-07 14:25:05 [INFO] src.training.train_clop: 
============================================================
Epoch 46/100 (2.2s)
  Train Loss: 1.2758
  Val   Loss: 1.3335
  Val   Acc:  0.785
============================================================
2026-02-07 14:25:05 [INFO] src.training.train_clop:   ✓ New best model saved (val_loss=1.3335)
2026-02-07 14:25:05 [INFO] src.training.train_clop: [Epoch 47][Step 0/670] Loss: 1.3067 | Acc_t2c: 0.781 | Acc_c2t: 0.781 | Temp: 0.0619 | LR: 1.83e-04
2026-02-07 14:25:05 [INFO] src.training.train_clop: [Epoch 47][Step 50/670] Loss: 1.2393 | Acc_t2c: 0.812 | Acc_c2t: 0.840 | Temp: 0.0617 | LR: 1.83e-04
2026-02-07 14:25:05 [INFO] src.training.train_clop: [Epoch 47][Step 100/670] Loss: 1.3169 | Acc_t2c: 0.789 | Acc_c2t: 0.762 | Temp: 0.0615 | LR: 1.82e-04
2026-02-07 14:25:05 [INFO] src.training.train_clop: [Epoch 47][Step 150/670] Loss: 1.1745 | Acc_t2c: 0.871 | Acc_c2t: 0.844 | Temp: 0.0617 | LR: 1.82e-04
2026-02-07 14:25:05 [INFO] src.training.train_clop: [Epoch 47][Step 200/670] Loss: 1.2551 | Acc_t2c: 0.816 | Acc_c2t: 0.801 | Temp: 0.0619 | LR: 1.82e-04
2026-02-07 14:25:06 [INFO] src.training.train_clop: [Epoch 47][Step 250/670] Loss: 1.3519 | Acc_t2c: 0.754 | Acc_c2t: 0.746 | Temp: 0.0619 | LR: 1.81e-04
2026-02-07 14:25:06 [INFO] src.training.train_clop: [Epoch 47][Step 300/670] Loss: 1.2556 | Acc_t2c: 0.828 | Acc_c2t: 0.812 | Temp: 0.0617 | LR: 1.81e-04
2026-02-07 14:25:06 [INFO] src.training.train_clop: [Epoch 47][Step 350/670] Loss: 1.3384 | Acc_t2c: 0.762 | Acc_c2t: 0.750 | Temp: 0.0619 | LR: 1.81e-04
2026-02-07 14:25:06 [INFO] src.training.train_clop: [Epoch 47][Step 400/670] Loss: 1.3086 | Acc_t2c: 0.805 | Acc_c2t: 0.797 | Temp: 0.0616 | LR: 1.80e-04
2026-02-07 14:25:06 [INFO] src.training.train_clop: [Epoch 47][Step 450/670] Loss: 1.3190 | Acc_t2c: 0.777 | Acc_c2t: 0.738 | Temp: 0.0619 | LR: 1.80e-04
2026-02-07 14:25:07 [INFO] src.training.train_clop: [Epoch 47][Step 500/670] Loss: 1.2489 | Acc_t2c: 0.824 | Acc_c2t: 0.797 | Temp: 0.0617 | LR: 1.80e-04
2026-02-07 14:25:07 [INFO] src.training.train_clop: [Epoch 47][Step 550/670] Loss: 1.2194 | Acc_t2c: 0.855 | Acc_c2t: 0.836 | Temp: 0.0613 | LR: 1.79e-04
2026-02-07 14:25:07 [INFO] src.training.train_clop: [Epoch 47][Step 600/670] Loss: 1.3207 | Acc_t2c: 0.770 | Acc_c2t: 0.781 | Temp: 0.0616 | LR: 1.79e-04
2026-02-07 14:25:07 [INFO] src.training.train_clop: [Epoch 47][Step 650/670] Loss: 1.2635 | Acc_t2c: 0.793 | Acc_c2t: 0.793 | Temp: 0.0616 | LR: 1.78e-04
2026-02-07 14:25:07 [INFO] src.training.train_clop: 
============================================================
Epoch 47/100 (2.6s)
  Train Loss: 1.2749
  Val   Loss: 1.3350
  Val   Acc:  0.784
============================================================
2026-02-07 14:25:07 [INFO] src.training.train_clop: [Epoch 48][Step 0/670] Loss: 1.3160 | Acc_t2c: 0.770 | Acc_c2t: 0.770 | Temp: 0.0616 | LR: 1.78e-04
2026-02-07 14:25:08 [INFO] src.training.train_clop: [Epoch 48][Step 50/670] Loss: 1.2589 | Acc_t2c: 0.805 | Acc_c2t: 0.824 | Temp: 0.0618 | LR: 1.78e-04
2026-02-07 14:25:08 [INFO] src.training.train_clop: [Epoch 48][Step 100/670] Loss: 1.2635 | Acc_t2c: 0.820 | Acc_c2t: 0.828 | Temp: 0.0617 | LR: 1.78e-04
2026-02-07 14:25:08 [INFO] src.training.train_clop: [Epoch 48][Step 150/670] Loss: 1.2720 | Acc_t2c: 0.812 | Acc_c2t: 0.785 | Temp: 0.0619 | LR: 1.77e-04
2026-02-07 14:25:08 [INFO] src.training.train_clop: [Epoch 48][Step 200/670] Loss: 1.2725 | Acc_t2c: 0.820 | Acc_c2t: 0.824 | Temp: 0.0616 | LR: 1.77e-04
2026-02-07 14:25:08 [INFO] src.training.train_clop: [Epoch 48][Step 250/670] Loss: 1.3230 | Acc_t2c: 0.773 | Acc_c2t: 0.777 | Temp: 0.0614 | LR: 1.77e-04
2026-02-07 14:25:08 [INFO] src.training.train_clop: [Epoch 48][Step 300/670] Loss: 1.2827 | Acc_t2c: 0.805 | Acc_c2t: 0.781 | Temp: 0.0614 | LR: 1.76e-04
2026-02-07 14:25:09 [INFO] src.training.train_clop: [Epoch 48][Step 350/670] Loss: 1.2080 | Acc_t2c: 0.848 | Acc_c2t: 0.852 | Temp: 0.0616 | LR: 1.76e-04
2026-02-07 14:25:09 [INFO] src.training.train_clop: [Epoch 48][Step 400/670] Loss: 1.2800 | Acc_t2c: 0.789 | Acc_c2t: 0.777 | Temp: 0.0618 | LR: 1.75e-04
2026-02-07 14:25:09 [INFO] src.training.train_clop: [Epoch 48][Step 450/670] Loss: 1.2767 | Acc_t2c: 0.809 | Acc_c2t: 0.832 | Temp: 0.0615 | LR: 1.75e-04
2026-02-07 14:25:09 [INFO] src.training.train_clop: [Epoch 48][Step 500/670] Loss: 1.3189 | Acc_t2c: 0.789 | Acc_c2t: 0.781 | Temp: 0.0615 | LR: 1.75e-04
2026-02-07 14:25:09 [INFO] src.training.train_clop: [Epoch 48][Step 550/670] Loss: 1.2580 | Acc_t2c: 0.816 | Acc_c2t: 0.828 | Temp: 0.0616 | LR: 1.74e-04
2026-02-07 14:25:10 [INFO] src.training.train_clop: [Epoch 48][Step 600/670] Loss: 1.3115 | Acc_t2c: 0.777 | Acc_c2t: 0.758 | Temp: 0.0614 | LR: 1.74e-04
2026-02-07 14:25:10 [INFO] src.training.train_clop: [Epoch 48][Step 650/670] Loss: 1.2821 | Acc_t2c: 0.805 | Acc_c2t: 0.781 | Temp: 0.0615 | LR: 1.74e-04
2026-02-07 14:25:10 [INFO] src.training.train_clop: 
============================================================
Epoch 48/100 (2.7s)
  Train Loss: 1.2728
  Val   Loss: 1.3332
  Val   Acc:  0.786
============================================================
2026-02-07 14:25:10 [INFO] src.training.train_clop:   ✓ New best model saved (val_loss=1.3332)
2026-02-07 14:25:10 [INFO] src.training.train_clop: [Epoch 49][Step 0/670] Loss: 1.2680 | Acc_t2c: 0.809 | Acc_c2t: 0.812 | Temp: 0.0616 | LR: 1.74e-04
2026-02-07 14:25:10 [INFO] src.training.train_clop: [Epoch 49][Step 50/670] Loss: 1.2457 | Acc_t2c: 0.809 | Acc_c2t: 0.801 | Temp: 0.0615 | LR: 1.73e-04
2026-02-07 14:25:10 [INFO] src.training.train_clop: [Epoch 49][Step 100/670] Loss: 1.2448 | Acc_t2c: 0.805 | Acc_c2t: 0.789 | Temp: 0.0615 | LR: 1.73e-04
2026-02-07 14:25:11 [INFO] src.training.train_clop: [Epoch 49][Step 150/670] Loss: 1.2801 | Acc_t2c: 0.781 | Acc_c2t: 0.762 | Temp: 0.0617 | LR: 1.72e-04
2026-02-07 14:25:11 [INFO] src.training.train_clop: [Epoch 49][Step 200/670] Loss: 1.2435 | Acc_t2c: 0.805 | Acc_c2t: 0.789 | Temp: 0.0614 | LR: 1.72e-04
2026-02-07 14:25:11 [INFO] src.training.train_clop: [Epoch 49][Step 250/670] Loss: 1.2897 | Acc_t2c: 0.785 | Acc_c2t: 0.789 | Temp: 0.0615 | LR: 1.72e-04
2026-02-07 14:25:11 [INFO] src.training.train_clop: [Epoch 49][Step 300/670] Loss: 1.2183 | Acc_t2c: 0.848 | Acc_c2t: 0.840 | Temp: 0.0614 | LR: 1.71e-04
2026-02-07 14:25:11 [INFO] src.training.train_clop: [Epoch 49][Step 350/670] Loss: 1.2933 | Acc_t2c: 0.824 | Acc_c2t: 0.777 | Temp: 0.0614 | LR: 1.71e-04
2026-02-07 14:25:11 [INFO] src.training.train_clop: [Epoch 49][Step 400/670] Loss: 1.2718 | Acc_t2c: 0.789 | Acc_c2t: 0.801 | Temp: 0.0614 | LR: 1.71e-04
2026-02-07 14:25:11 [INFO] src.training.train_clop: [Epoch 49][Step 450/670] Loss: 1.3131 | Acc_t2c: 0.777 | Acc_c2t: 0.785 | Temp: 0.0614 | LR: 1.70e-04
2026-02-07 14:25:12 [INFO] src.training.train_clop: [Epoch 49][Step 500/670] Loss: 1.2671 | Acc_t2c: 0.840 | Acc_c2t: 0.824 | Temp: 0.0616 | LR: 1.70e-04
2026-02-07 14:25:12 [INFO] src.training.train_clop: [Epoch 49][Step 550/670] Loss: 1.2314 | Acc_t2c: 0.836 | Acc_c2t: 0.809 | Temp: 0.0614 | LR: 1.70e-04
2026-02-07 14:25:12 [INFO] src.training.train_clop: [Epoch 49][Step 600/670] Loss: 1.2508 | Acc_t2c: 0.820 | Acc_c2t: 0.805 | Temp: 0.0614 | LR: 1.69e-04
2026-02-07 14:25:12 [INFO] src.training.train_clop: [Epoch 49][Step 650/670] Loss: 1.2569 | Acc_t2c: 0.844 | Acc_c2t: 0.812 | Temp: 0.0613 | LR: 1.69e-04
2026-02-07 14:25:12 [INFO] src.training.train_clop: 
============================================================
Epoch 49/100 (2.1s)
  Train Loss: 1.2714
  Val   Loss: 1.3325
  Val   Acc:  0.786
============================================================
2026-02-07 14:25:12 [INFO] src.training.train_clop:   ✓ New best model saved (val_loss=1.3325)
2026-02-07 14:25:12 [INFO] src.training.train_clop: [Epoch 50][Step 0/670] Loss: 1.2132 | Acc_t2c: 0.836 | Acc_c2t: 0.832 | Temp: 0.0615 | LR: 1.69e-04
2026-02-07 14:25:12 [INFO] src.training.train_clop: [Epoch 50][Step 50/670] Loss: 1.2493 | Acc_t2c: 0.797 | Acc_c2t: 0.777 | Temp: 0.0613 | LR: 1.68e-04
2026-02-07 14:25:13 [INFO] src.training.train_clop: [Epoch 50][Step 100/670] Loss: 1.3105 | Acc_t2c: 0.777 | Acc_c2t: 0.762 | Temp: 0.0614 | LR: 1.68e-04
2026-02-07 14:25:13 [INFO] src.training.train_clop: [Epoch 50][Step 150/670] Loss: 1.2456 | Acc_t2c: 0.824 | Acc_c2t: 0.801 | Temp: 0.0612 | LR: 1.68e-04
2026-02-07 14:25:13 [INFO] src.training.train_clop: [Epoch 50][Step 200/670] Loss: 1.2748 | Acc_t2c: 0.797 | Acc_c2t: 0.812 | Temp: 0.0613 | LR: 1.67e-04
2026-02-07 14:25:13 [INFO] src.training.train_clop: [Epoch 50][Step 250/670] Loss: 1.2955 | Acc_t2c: 0.797 | Acc_c2t: 0.773 | Temp: 0.0614 | LR: 1.67e-04
2026-02-07 14:25:13 [INFO] src.training.train_clop: [Epoch 50][Step 300/670] Loss: 1.3037 | Acc_t2c: 0.793 | Acc_c2t: 0.789 | Temp: 0.0612 | LR: 1.66e-04
2026-02-07 14:25:13 [INFO] src.training.train_clop: [Epoch 50][Step 350/670] Loss: 1.2926 | Acc_t2c: 0.781 | Acc_c2t: 0.777 | Temp: 0.0614 | LR: 1.66e-04
2026-02-07 14:25:14 [INFO] src.training.train_clop: [Epoch 50][Step 400/670] Loss: 1.2073 | Acc_t2c: 0.867 | Acc_c2t: 0.844 | Temp: 0.0612 | LR: 1.66e-04
2026-02-07 14:25:14 [INFO] src.training.train_clop: [Epoch 50][Step 450/670] Loss: 1.2515 | Acc_t2c: 0.812 | Acc_c2t: 0.805 | Temp: 0.0611 | LR: 1.65e-04
2026-02-07 14:25:14 [INFO] src.training.train_clop: [Epoch 50][Step 500/670] Loss: 1.2232 | Acc_t2c: 0.824 | Acc_c2t: 0.828 | Temp: 0.0610 | LR: 1.65e-04
2026-02-07 14:25:14 [INFO] src.training.train_clop: [Epoch 50][Step 550/670] Loss: 1.2998 | Acc_t2c: 0.801 | Acc_c2t: 0.781 | Temp: 0.0613 | LR: 1.65e-04
2026-02-07 14:25:14 [INFO] src.training.train_clop: [Epoch 50][Step 600/670] Loss: 1.3323 | Acc_t2c: 0.766 | Acc_c2t: 0.781 | Temp: 0.0614 | LR: 1.64e-04
2026-02-07 14:25:15 [INFO] src.training.train_clop: [Epoch 50][Step 650/670] Loss: 1.3137 | Acc_t2c: 0.773 | Acc_c2t: 0.754 | Temp: 0.0615 | LR: 1.64e-04
2026-02-07 14:25:15 [INFO] src.training.train_clop: 
============================================================
Epoch 50/100 (2.5s)
  Train Loss: 1.2701
  Val   Loss: 1.3336
  Val   Acc:  0.785
============================================================
2026-02-07 14:25:15 [INFO] src.training.train_clop: [Epoch 51][Step 0/670] Loss: 1.2696 | Acc_t2c: 0.832 | Acc_c2t: 0.816 | Temp: 0.0611 | LR: 1.64e-04
2026-02-07 14:25:15 [INFO] src.training.train_clop: [Epoch 51][Step 50/670] Loss: 1.2242 | Acc_t2c: 0.824 | Acc_c2t: 0.805 | Temp: 0.0611 | LR: 1.63e-04
2026-02-07 14:25:15 [INFO] src.training.train_clop: [Epoch 51][Step 100/670] Loss: 1.2761 | Acc_t2c: 0.789 | Acc_c2t: 0.781 | Temp: 0.0612 | LR: 1.63e-04
2026-02-07 14:25:15 [INFO] src.training.train_clop: [Epoch 51][Step 150/670] Loss: 1.3213 | Acc_t2c: 0.777 | Acc_c2t: 0.758 | Temp: 0.0613 | LR: 1.63e-04
2026-02-07 14:25:15 [INFO] src.training.train_clop: [Epoch 51][Step 200/670] Loss: 1.2174 | Acc_t2c: 0.832 | Acc_c2t: 0.824 | Temp: 0.0612 | LR: 1.62e-04
2026-02-07 14:25:16 [INFO] src.training.train_clop: [Epoch 51][Step 250/670] Loss: 1.2652 | Acc_t2c: 0.809 | Acc_c2t: 0.809 | Temp: 0.0611 | LR: 1.62e-04
2026-02-07 14:25:16 [INFO] src.training.train_clop: [Epoch 51][Step 300/670] Loss: 1.2741 | Acc_t2c: 0.797 | Acc_c2t: 0.793 | Temp: 0.0613 | LR: 1.62e-04
2026-02-07 14:25:16 [INFO] src.training.train_clop: [Epoch 51][Step 350/670] Loss: 1.3970 | Acc_t2c: 0.723 | Acc_c2t: 0.715 | Temp: 0.0612 | LR: 1.61e-04
2026-02-07 14:25:16 [INFO] src.training.train_clop: [Epoch 51][Step 400/670] Loss: 1.3193 | Acc_t2c: 0.785 | Acc_c2t: 0.766 | Temp: 0.0610 | LR: 1.61e-04
2026-02-07 14:25:16 [INFO] src.training.train_clop: [Epoch 51][Step 450/670] Loss: 1.2585 | Acc_t2c: 0.812 | Acc_c2t: 0.805 | Temp: 0.0611 | LR: 1.60e-04
2026-02-07 14:25:16 [INFO] src.training.train_clop: [Epoch 51][Step 500/670] Loss: 1.2352 | Acc_t2c: 0.824 | Acc_c2t: 0.805 | Temp: 0.0611 | LR: 1.60e-04
2026-02-07 14:25:17 [INFO] src.training.train_clop: [Epoch 51][Step 550/670] Loss: 1.2297 | Acc_t2c: 0.828 | Acc_c2t: 0.828 | Temp: 0.0610 | LR: 1.60e-04
2026-02-07 14:25:17 [INFO] src.training.train_clop: [Epoch 51][Step 600/670] Loss: 1.2618 | Acc_t2c: 0.836 | Acc_c2t: 0.820 | Temp: 0.0612 | LR: 1.59e-04
2026-02-07 14:25:17 [INFO] src.training.train_clop: [Epoch 51][Step 650/670] Loss: 1.3152 | Acc_t2c: 0.770 | Acc_c2t: 0.750 | Temp: 0.0611 | LR: 1.59e-04
2026-02-07 14:25:17 [INFO] src.training.train_clop: 
============================================================
Epoch 51/100 (2.2s)
  Train Loss: 1.2680
  Val   Loss: 1.3306
  Val   Acc:  0.786
============================================================
2026-02-07 14:25:17 [INFO] src.training.train_clop:   ✓ New best model saved (val_loss=1.3306)
2026-02-07 14:25:17 [INFO] src.training.train_clop: [Epoch 52][Step 0/670] Loss: 1.3242 | Acc_t2c: 0.777 | Acc_c2t: 0.773 | Temp: 0.0612 | LR: 1.59e-04
2026-02-07 14:25:17 [INFO] src.training.train_clop: [Epoch 52][Step 50/670] Loss: 1.2293 | Acc_t2c: 0.828 | Acc_c2t: 0.801 | Temp: 0.0612 | LR: 1.58e-04
2026-02-07 14:25:17 [INFO] src.training.train_clop: [Epoch 52][Step 100/670] Loss: 1.2446 | Acc_t2c: 0.820 | Acc_c2t: 0.824 | Temp: 0.0615 | LR: 1.58e-04
2026-02-07 14:25:18 [INFO] src.training.train_clop: [Epoch 52][Step 150/670] Loss: 1.2693 | Acc_t2c: 0.793 | Acc_c2t: 0.789 | Temp: 0.0611 | LR: 1.58e-04
2026-02-07 14:25:18 [INFO] src.training.train_clop: [Epoch 52][Step 200/670] Loss: 1.2484 | Acc_t2c: 0.801 | Acc_c2t: 0.832 | Temp: 0.0611 | LR: 1.57e-04
2026-02-07 14:25:18 [INFO] src.training.train_clop: [Epoch 52][Step 250/670] Loss: 1.2041 | Acc_t2c: 0.828 | Acc_c2t: 0.816 | Temp: 0.0613 | LR: 1.57e-04
2026-02-07 14:25:18 [INFO] src.training.train_clop: [Epoch 52][Step 300/670] Loss: 1.2801 | Acc_t2c: 0.797 | Acc_c2t: 0.789 | Temp: 0.0615 | LR: 1.57e-04
2026-02-07 14:25:18 [INFO] src.training.train_clop: [Epoch 52][Step 350/670] Loss: 1.2690 | Acc_t2c: 0.805 | Acc_c2t: 0.805 | Temp: 0.0611 | LR: 1.56e-04
2026-02-07 14:25:18 [INFO] src.training.train_clop: [Epoch 52][Step 400/670] Loss: 1.2671 | Acc_t2c: 0.816 | Acc_c2t: 0.797 | Temp: 0.0611 | LR: 1.56e-04
2026-02-07 14:25:19 [INFO] src.training.train_clop: [Epoch 52][Step 450/670] Loss: 1.2668 | Acc_t2c: 0.820 | Acc_c2t: 0.785 | Temp: 0.0613 | LR: 1.56e-04
2026-02-07 14:25:19 [INFO] src.training.train_clop: [Epoch 52][Step 500/670] Loss: 1.3055 | Acc_t2c: 0.781 | Acc_c2t: 0.758 | Temp: 0.0613 | LR: 1.55e-04
2026-02-07 14:25:19 [INFO] src.training.train_clop: [Epoch 52][Step 550/670] Loss: 1.1963 | Acc_t2c: 0.855 | Acc_c2t: 0.867 | Temp: 0.0612 | LR: 1.55e-04
2026-02-07 14:25:19 [INFO] src.training.train_clop: [Epoch 52][Step 600/670] Loss: 1.2935 | Acc_t2c: 0.797 | Acc_c2t: 0.777 | Temp: 0.0612 | LR: 1.54e-04
2026-02-07 14:25:19 [INFO] src.training.train_clop: [Epoch 52][Step 650/670] Loss: 1.2826 | Acc_t2c: 0.797 | Acc_c2t: 0.812 | Temp: 0.0610 | LR: 1.54e-04
2026-02-07 14:25:19 [INFO] src.training.train_clop: 
============================================================
Epoch 52/100 (2.5s)
  Train Loss: 1.2681
  Val   Loss: 1.3298
  Val   Acc:  0.786
============================================================
2026-02-07 14:25:20 [INFO] src.training.train_clop:   ✓ New best model saved (val_loss=1.3298)
2026-02-07 14:25:20 [INFO] src.training.train_clop: [Epoch 53][Step 0/670] Loss: 1.2538 | Acc_t2c: 0.793 | Acc_c2t: 0.812 | Temp: 0.0610 | LR: 1.54e-04
2026-02-07 14:25:20 [INFO] src.training.train_clop: [Epoch 53][Step 50/670] Loss: 1.1764 | Acc_t2c: 0.879 | Acc_c2t: 0.863 | Temp: 0.0612 | LR: 1.54e-04
2026-02-07 14:25:20 [INFO] src.training.train_clop: [Epoch 53][Step 100/670] Loss: 1.2150 | Acc_t2c: 0.832 | Acc_c2t: 0.828 | Temp: 0.0614 | LR: 1.53e-04
2026-02-07 14:25:20 [INFO] src.training.train_clop: [Epoch 53][Step 150/670] Loss: 1.2640 | Acc_t2c: 0.809 | Acc_c2t: 0.816 | Temp: 0.0612 | LR: 1.53e-04
2026-02-07 14:25:20 [INFO] src.training.train_clop: [Epoch 53][Step 200/670] Loss: 1.2788 | Acc_t2c: 0.809 | Acc_c2t: 0.773 | Temp: 0.0611 | LR: 1.52e-04
2026-02-07 14:25:21 [INFO] src.training.train_clop: [Epoch 53][Step 250/670] Loss: 1.2302 | Acc_t2c: 0.805 | Acc_c2t: 0.812 | Temp: 0.0610 | LR: 1.52e-04
2026-02-07 14:25:21 [INFO] src.training.train_clop: [Epoch 53][Step 300/670] Loss: 1.2531 | Acc_t2c: 0.816 | Acc_c2t: 0.797 | Temp: 0.0612 | LR: 1.52e-04
2026-02-07 14:25:21 [INFO] src.training.train_clop: [Epoch 53][Step 350/670] Loss: 1.2768 | Acc_t2c: 0.793 | Acc_c2t: 0.793 | Temp: 0.0608 | LR: 1.51e-04
2026-02-07 14:25:21 [INFO] src.training.train_clop: [Epoch 53][Step 400/670] Loss: 1.2743 | Acc_t2c: 0.812 | Acc_c2t: 0.785 | Temp: 0.0609 | LR: 1.51e-04
2026-02-07 14:25:21 [INFO] src.training.train_clop: [Epoch 53][Step 450/670] Loss: 1.2432 | Acc_t2c: 0.816 | Acc_c2t: 0.793 | Temp: 0.0611 | LR: 1.51e-04
2026-02-07 14:25:21 [INFO] src.training.train_clop: [Epoch 53][Step 500/670] Loss: 1.2992 | Acc_t2c: 0.805 | Acc_c2t: 0.816 | Temp: 0.0613 | LR: 1.50e-04
2026-02-07 14:25:22 [INFO] src.training.train_clop: [Epoch 53][Step 550/670] Loss: 1.2573 | Acc_t2c: 0.812 | Acc_c2t: 0.801 | Temp: 0.0609 | LR: 1.50e-04
2026-02-07 14:25:22 [INFO] src.training.train_clop: [Epoch 53][Step 600/670] Loss: 1.2415 | Acc_t2c: 0.832 | Acc_c2t: 0.801 | Temp: 0.0611 | LR: 1.50e-04
2026-02-07 14:25:22 [INFO] src.training.train_clop: [Epoch 53][Step 650/670] Loss: 1.2971 | Acc_t2c: 0.781 | Acc_c2t: 0.789 | Temp: 0.0610 | LR: 1.49e-04
2026-02-07 14:25:22 [INFO] src.training.train_clop: 
============================================================
Epoch 53/100 (2.6s)
  Train Loss: 1.2636
  Val   Loss: 1.3300
  Val   Acc:  0.785
============================================================
2026-02-07 14:25:22 [INFO] src.training.train_clop: [Epoch 54][Step 0/670] Loss: 1.2815 | Acc_t2c: 0.797 | Acc_c2t: 0.789 | Temp: 0.0611 | LR: 1.49e-04
2026-02-07 14:25:22 [INFO] src.training.train_clop: [Epoch 54][Step 50/670] Loss: 1.2346 | Acc_t2c: 0.840 | Acc_c2t: 0.824 | Temp: 0.0611 | LR: 1.49e-04
2026-02-07 14:25:22 [INFO] src.training.train_clop: [Epoch 54][Step 100/670] Loss: 1.2605 | Acc_t2c: 0.805 | Acc_c2t: 0.793 | Temp: 0.0609 | LR: 1.48e-04
2026-02-07 14:25:23 [INFO] src.training.train_clop: [Epoch 54][Step 150/670] Loss: 1.2388 | Acc_t2c: 0.824 | Acc_c2t: 0.801 | Temp: 0.0610 | LR: 1.48e-04
2026-02-07 14:25:23 [INFO] src.training.train_clop: [Epoch 54][Step 200/670] Loss: 1.2229 | Acc_t2c: 0.840 | Acc_c2t: 0.852 | Temp: 0.0611 | LR: 1.48e-04
2026-02-07 14:25:23 [INFO] src.training.train_clop: [Epoch 54][Step 250/670] Loss: 1.2622 | Acc_t2c: 0.816 | Acc_c2t: 0.789 | Temp: 0.0608 | LR: 1.47e-04
2026-02-07 14:25:23 [INFO] src.training.train_clop: [Epoch 54][Step 300/670] Loss: 1.2656 | Acc_t2c: 0.812 | Acc_c2t: 0.812 | Temp: 0.0608 | LR: 1.47e-04
2026-02-07 14:25:23 [INFO] src.training.train_clop: [Epoch 54][Step 350/670] Loss: 1.2823 | Acc_t2c: 0.785 | Acc_c2t: 0.754 | Temp: 0.0609 | LR: 1.46e-04
2026-02-07 14:25:23 [INFO] src.training.train_clop: [Epoch 54][Step 400/670] Loss: 1.2230 | Acc_t2c: 0.824 | Acc_c2t: 0.809 | Temp: 0.0611 | LR: 1.46e-04
2026-02-07 14:25:24 [INFO] src.training.train_clop: [Epoch 54][Step 450/670] Loss: 1.3012 | Acc_t2c: 0.777 | Acc_c2t: 0.766 | Temp: 0.0609 | LR: 1.46e-04
2026-02-07 14:25:24 [INFO] src.training.train_clop: [Epoch 54][Step 500/670] Loss: 1.2831 | Acc_t2c: 0.812 | Acc_c2t: 0.777 | Temp: 0.0610 | LR: 1.45e-04
2026-02-07 14:25:24 [INFO] src.training.train_clop: [Epoch 54][Step 550/670] Loss: 1.2742 | Acc_t2c: 0.809 | Acc_c2t: 0.820 | Temp: 0.0607 | LR: 1.45e-04
2026-02-07 14:25:24 [INFO] src.training.train_clop: [Epoch 54][Step 600/670] Loss: 1.2747 | Acc_t2c: 0.801 | Acc_c2t: 0.820 | Temp: 0.0607 | LR: 1.45e-04
2026-02-07 14:25:24 [INFO] src.training.train_clop: [Epoch 54][Step 650/670] Loss: 1.2717 | Acc_t2c: 0.793 | Acc_c2t: 0.789 | Temp: 0.0611 | LR: 1.44e-04
2026-02-07 14:25:24 [INFO] src.training.train_clop: 
============================================================
Epoch 54/100 (2.4s)
  Train Loss: 1.2647
  Val   Loss: 1.3294
  Val   Acc:  0.786
============================================================
2026-02-07 14:25:25 [INFO] src.training.train_clop:   ✓ New best model saved (val_loss=1.3294)
2026-02-07 14:25:25 [INFO] src.training.train_clop: [Epoch 55][Step 0/670] Loss: 1.2508 | Acc_t2c: 0.812 | Acc_c2t: 0.789 | Temp: 0.0609 | LR: 1.44e-04
2026-02-07 14:25:25 [INFO] src.training.train_clop: [Epoch 55][Step 50/670] Loss: 1.2233 | Acc_t2c: 0.840 | Acc_c2t: 0.840 | Temp: 0.0608 | LR: 1.44e-04
2026-02-07 14:25:25 [INFO] src.training.train_clop: [Epoch 55][Step 100/670] Loss: 1.2440 | Acc_t2c: 0.820 | Acc_c2t: 0.801 | Temp: 0.0608 | LR: 1.43e-04
2026-02-07 14:25:25 [INFO] src.training.train_clop: [Epoch 55][Step 150/670] Loss: 1.2540 | Acc_t2c: 0.816 | Acc_c2t: 0.793 | Temp: 0.0609 | LR: 1.43e-04
2026-02-07 14:25:25 [INFO] src.training.train_clop: [Epoch 55][Step 200/670] Loss: 1.2610 | Acc_t2c: 0.793 | Acc_c2t: 0.797 | Temp: 0.0607 | LR: 1.43e-04
2026-02-07 14:25:25 [INFO] src.training.train_clop: [Epoch 55][Step 250/670] Loss: 1.2423 | Acc_t2c: 0.812 | Acc_c2t: 0.820 | Temp: 0.0608 | LR: 1.42e-04
2026-02-07 14:25:26 [INFO] src.training.train_clop: [Epoch 55][Step 300/670] Loss: 1.2918 | Acc_t2c: 0.812 | Acc_c2t: 0.809 | Temp: 0.0609 | LR: 1.42e-04
2026-02-07 14:25:26 [INFO] src.training.train_clop: [Epoch 55][Step 350/670] Loss: 1.2903 | Acc_t2c: 0.801 | Acc_c2t: 0.801 | Temp: 0.0611 | LR: 1.42e-04
2026-02-07 14:25:26 [INFO] src.training.train_clop: [Epoch 55][Step 400/670] Loss: 1.2359 | Acc_t2c: 0.852 | Acc_c2t: 0.828 | Temp: 0.0609 | LR: 1.41e-04
2026-02-07 14:25:26 [INFO] src.training.train_clop: [Epoch 55][Step 450/670] Loss: 1.2573 | Acc_t2c: 0.816 | Acc_c2t: 0.805 | Temp: 0.0608 | LR: 1.41e-04
2026-02-07 14:25:26 [INFO] src.training.train_clop: [Epoch 55][Step 500/670] Loss: 1.2512 | Acc_t2c: 0.812 | Acc_c2t: 0.785 | Temp: 0.0610 | LR: 1.40e-04
2026-02-07 14:25:26 [INFO] src.training.train_clop: [Epoch 55][Step 550/670] Loss: 1.2681 | Acc_t2c: 0.828 | Acc_c2t: 0.801 | Temp: 0.0607 | LR: 1.40e-04
2026-02-07 14:25:26 [INFO] src.training.train_clop: [Epoch 55][Step 600/670] Loss: 1.3341 | Acc_t2c: 0.738 | Acc_c2t: 0.758 | Temp: 0.0607 | LR: 1.40e-04
2026-02-07 14:25:27 [INFO] src.training.train_clop: [Epoch 55][Step 650/670] Loss: 1.3060 | Acc_t2c: 0.805 | Acc_c2t: 0.770 | Temp: 0.0607 | LR: 1.39e-04
2026-02-07 14:25:27 [INFO] src.training.train_clop: 
============================================================
Epoch 55/100 (2.3s)
  Train Loss: 1.2592
  Val   Loss: 1.3290
  Val   Acc:  0.786
============================================================
2026-02-07 14:25:27 [INFO] src.training.train_clop:   ✓ New best model saved (val_loss=1.3290)
2026-02-07 14:25:27 [INFO] src.training.train_clop: [Epoch 56][Step 0/670] Loss: 1.2464 | Acc_t2c: 0.824 | Acc_c2t: 0.828 | Temp: 0.0609 | LR: 1.39e-04
2026-02-07 14:25:27 [INFO] src.training.train_clop: [Epoch 56][Step 50/670] Loss: 1.2797 | Acc_t2c: 0.805 | Acc_c2t: 0.777 | Temp: 0.0610 | LR: 1.39e-04
2026-02-07 14:25:27 [INFO] src.training.train_clop: [Epoch 56][Step 100/670] Loss: 1.2706 | Acc_t2c: 0.793 | Acc_c2t: 0.812 | Temp: 0.0608 | LR: 1.38e-04
2026-02-07 14:25:27 [INFO] src.training.train_clop: [Epoch 56][Step 150/670] Loss: 1.3111 | Acc_t2c: 0.773 | Acc_c2t: 0.781 | Temp: 0.0608 | LR: 1.38e-04
2026-02-07 14:25:27 [INFO] src.training.train_clop: [Epoch 56][Step 200/670] Loss: 1.2395 | Acc_t2c: 0.828 | Acc_c2t: 0.809 | Temp: 0.0609 | LR: 1.38e-04
2026-02-07 14:25:28 [INFO] src.training.train_clop: [Epoch 56][Step 250/670] Loss: 1.2437 | Acc_t2c: 0.828 | Acc_c2t: 0.809 | Temp: 0.0606 | LR: 1.37e-04
2026-02-07 14:25:28 [INFO] src.training.train_clop: [Epoch 56][Step 300/670] Loss: 1.2981 | Acc_t2c: 0.789 | Acc_c2t: 0.781 | Temp: 0.0608 | LR: 1.37e-04
2026-02-07 14:25:28 [INFO] src.training.train_clop: [Epoch 56][Step 350/670] Loss: 1.2172 | Acc_t2c: 0.840 | Acc_c2t: 0.820 | Temp: 0.0610 | LR: 1.37e-04
2026-02-07 14:25:28 [INFO] src.training.train_clop: [Epoch 56][Step 400/670] Loss: 1.2834 | Acc_t2c: 0.801 | Acc_c2t: 0.770 | Temp: 0.0607 | LR: 1.36e-04
2026-02-07 14:25:28 [INFO] src.training.train_clop: [Epoch 56][Step 450/670] Loss: 1.3233 | Acc_t2c: 0.770 | Acc_c2t: 0.746 | Temp: 0.0606 | LR: 1.36e-04
2026-02-07 14:25:28 [INFO] src.training.train_clop: [Epoch 56][Step 500/670] Loss: 1.2207 | Acc_t2c: 0.824 | Acc_c2t: 0.816 | Temp: 0.0610 | LR: 1.36e-04
2026-02-07 14:25:29 [INFO] src.training.train_clop: [Epoch 56][Step 550/670] Loss: 1.2518 | Acc_t2c: 0.809 | Acc_c2t: 0.820 | Temp: 0.0608 | LR: 1.35e-04
2026-02-07 14:25:29 [INFO] src.training.train_clop: [Epoch 56][Step 600/670] Loss: 1.2737 | Acc_t2c: 0.801 | Acc_c2t: 0.781 | Temp: 0.0605 | LR: 1.35e-04
2026-02-07 14:25:29 [INFO] src.training.train_clop: [Epoch 56][Step 650/670] Loss: 1.3264 | Acc_t2c: 0.777 | Acc_c2t: 0.762 | Temp: 0.0606 | LR: 1.34e-04
2026-02-07 14:25:29 [INFO] src.training.train_clop: 
============================================================
Epoch 56/100 (2.2s)
  Train Loss: 1.2607
  Val   Loss: 1.3282
  Val   Acc:  0.786
============================================================
2026-02-07 14:25:29 [INFO] src.training.train_clop:   ✓ New best model saved (val_loss=1.3282)
2026-02-07 14:25:29 [INFO] src.training.train_clop: [Epoch 57][Step 0/670] Loss: 1.2999 | Acc_t2c: 0.797 | Acc_c2t: 0.789 | Temp: 0.0608 | LR: 1.34e-04
2026-02-07 14:25:29 [INFO] src.training.train_clop: [Epoch 57][Step 50/670] Loss: 1.2369 | Acc_t2c: 0.832 | Acc_c2t: 0.809 | Temp: 0.0608 | LR: 1.34e-04
2026-02-07 14:25:29 [INFO] src.training.train_clop: [Epoch 57][Step 100/670] Loss: 1.2882 | Acc_t2c: 0.812 | Acc_c2t: 0.789 | Temp: 0.0608 | LR: 1.34e-04
2026-02-07 14:25:30 [INFO] src.training.train_clop: [Epoch 57][Step 150/670] Loss: 1.2699 | Acc_t2c: 0.797 | Acc_c2t: 0.773 | Temp: 0.0607 | LR: 1.33e-04
2026-02-07 14:25:30 [INFO] src.training.train_clop: [Epoch 57][Step 200/670] Loss: 1.3134 | Acc_t2c: 0.785 | Acc_c2t: 0.762 | Temp: 0.0608 | LR: 1.33e-04
2026-02-07 14:25:30 [INFO] src.training.train_clop: [Epoch 57][Step 250/670] Loss: 1.2769 | Acc_t2c: 0.789 | Acc_c2t: 0.766 | Temp: 0.0608 | LR: 1.33e-04
2026-02-07 14:25:30 [INFO] src.training.train_clop: [Epoch 57][Step 300/670] Loss: 1.2527 | Acc_t2c: 0.812 | Acc_c2t: 0.801 | Temp: 0.0606 | LR: 1.32e-04
2026-02-07 14:25:30 [INFO] src.training.train_clop: [Epoch 57][Step 350/670] Loss: 1.2514 | Acc_t2c: 0.824 | Acc_c2t: 0.812 | Temp: 0.0608 | LR: 1.32e-04
2026-02-07 14:25:30 [INFO] src.training.train_clop: [Epoch 57][Step 400/670] Loss: 1.2323 | Acc_t2c: 0.832 | Acc_c2t: 0.809 | Temp: 0.0608 | LR: 1.31e-04
2026-02-07 14:25:30 [INFO] src.training.train_clop: [Epoch 57][Step 450/670] Loss: 1.2927 | Acc_t2c: 0.793 | Acc_c2t: 0.793 | Temp: 0.0607 | LR: 1.31e-04
2026-02-07 14:25:31 [INFO] src.training.train_clop: [Epoch 57][Step 500/670] Loss: 1.2889 | Acc_t2c: 0.789 | Acc_c2t: 0.758 | Temp: 0.0607 | LR: 1.31e-04
2026-02-07 14:25:31 [INFO] src.training.train_clop: [Epoch 57][Step 550/670] Loss: 1.1710 | Acc_t2c: 0.879 | Acc_c2t: 0.891 | Temp: 0.0604 | LR: 1.30e-04
2026-02-07 14:25:31 [INFO] src.training.train_clop: [Epoch 57][Step 600/670] Loss: 1.2324 | Acc_t2c: 0.820 | Acc_c2t: 0.812 | Temp: 0.0607 | LR: 1.30e-04
2026-02-07 14:25:31 [INFO] src.training.train_clop: [Epoch 57][Step 650/670] Loss: 1.2383 | Acc_t2c: 0.844 | Acc_c2t: 0.828 | Temp: 0.0608 | LR: 1.30e-04
2026-02-07 14:25:31 [INFO] src.training.train_clop: 
============================================================
Epoch 57/100 (2.1s)
  Train Loss: 1.2588
  Val   Loss: 1.3279
  Val   Acc:  0.787
============================================================
2026-02-07 14:25:31 [INFO] src.training.train_clop:   ✓ New best model saved (val_loss=1.3279)
2026-02-07 14:25:31 [INFO] src.training.train_clop: [Epoch 58][Step 0/670] Loss: 1.3221 | Acc_t2c: 0.781 | Acc_c2t: 0.742 | Temp: 0.0606 | LR: 1.29e-04
2026-02-07 14:25:31 [INFO] src.training.train_clop: [Epoch 58][Step 50/670] Loss: 1.2611 | Acc_t2c: 0.805 | Acc_c2t: 0.812 | Temp: 0.0610 | LR: 1.29e-04
2026-02-07 14:25:32 [INFO] src.training.train_clop: [Epoch 58][Step 100/670] Loss: 1.2806 | Acc_t2c: 0.801 | Acc_c2t: 0.766 | Temp: 0.0609 | LR: 1.29e-04
2026-02-07 14:25:32 [INFO] src.training.train_clop: [Epoch 58][Step 150/670] Loss: 1.2345 | Acc_t2c: 0.824 | Acc_c2t: 0.848 | Temp: 0.0609 | LR: 1.28e-04
2026-02-07 14:25:32 [INFO] src.training.train_clop: [Epoch 58][Step 200/670] Loss: 1.2498 | Acc_t2c: 0.832 | Acc_c2t: 0.809 | Temp: 0.0606 | LR: 1.28e-04
2026-02-07 14:25:32 [INFO] src.training.train_clop: [Epoch 58][Step 250/670] Loss: 1.2514 | Acc_t2c: 0.832 | Acc_c2t: 0.809 | Temp: 0.0608 | LR: 1.28e-04
2026-02-07 14:25:32 [INFO] src.training.train_clop: [Epoch 58][Step 300/670] Loss: 1.2526 | Acc_t2c: 0.820 | Acc_c2t: 0.812 | Temp: 0.0604 | LR: 1.27e-04
2026-02-07 14:25:32 [INFO] src.training.train_clop: [Epoch 58][Step 350/670] Loss: 1.2835 | Acc_t2c: 0.785 | Acc_c2t: 0.777 | Temp: 0.0607 | LR: 1.27e-04
2026-02-07 14:25:32 [INFO] src.training.train_clop: [Epoch 58][Step 400/670] Loss: 1.2476 | Acc_t2c: 0.832 | Acc_c2t: 0.828 | Temp: 0.0607 | LR: 1.27e-04
2026-02-07 14:25:33 [INFO] src.training.train_clop: [Epoch 58][Step 450/670] Loss: 1.2169 | Acc_t2c: 0.832 | Acc_c2t: 0.812 | Temp: 0.0603 | LR: 1.26e-04
2026-02-07 14:25:33 [INFO] src.training.train_clop: [Epoch 58][Step 500/670] Loss: 1.2712 | Acc_t2c: 0.809 | Acc_c2t: 0.789 | Temp: 0.0604 | LR: 1.26e-04
2026-02-07 14:25:33 [INFO] src.training.train_clop: [Epoch 58][Step 550/670] Loss: 1.2992 | Acc_t2c: 0.789 | Acc_c2t: 0.797 | Temp: 0.0605 | LR: 1.25e-04
2026-02-07 14:25:33 [INFO] src.training.train_clop: [Epoch 58][Step 600/670] Loss: 1.2602 | Acc_t2c: 0.793 | Acc_c2t: 0.785 | Temp: 0.0606 | LR: 1.25e-04
2026-02-07 14:25:33 [INFO] src.training.train_clop: [Epoch 58][Step 650/670] Loss: 1.2615 | Acc_t2c: 0.816 | Acc_c2t: 0.809 | Temp: 0.0606 | LR: 1.25e-04
2026-02-07 14:25:34 [INFO] src.training.train_clop: 
============================================================
Epoch 58/100 (2.3s)
  Train Loss: 1.2551
  Val   Loss: 1.3288
  Val   Acc:  0.786
============================================================
2026-02-07 14:25:34 [INFO] src.training.train_clop: [Epoch 59][Step 0/670] Loss: 1.2683 | Acc_t2c: 0.805 | Acc_c2t: 0.793 | Temp: 0.0606 | LR: 1.25e-04
2026-02-07 14:25:34 [INFO] src.training.train_clop: [Epoch 59][Step 50/670] Loss: 1.1867 | Acc_t2c: 0.867 | Acc_c2t: 0.875 | Temp: 0.0607 | LR: 1.24e-04
2026-02-07 14:25:34 [INFO] src.training.train_clop: [Epoch 59][Step 100/670] Loss: 1.2359 | Acc_t2c: 0.812 | Acc_c2t: 0.809 | Temp: 0.0607 | LR: 1.24e-04
2026-02-07 14:25:34 [INFO] src.training.train_clop: [Epoch 59][Step 150/670] Loss: 1.2245 | Acc_t2c: 0.816 | Acc_c2t: 0.824 | Temp: 0.0607 | LR: 1.24e-04
2026-02-07 14:25:34 [INFO] src.training.train_clop: [Epoch 59][Step 200/670] Loss: 1.2611 | Acc_t2c: 0.812 | Acc_c2t: 0.797 | Temp: 0.0606 | LR: 1.23e-04
2026-02-07 14:25:34 [INFO] src.training.train_clop: [Epoch 59][Step 250/670] Loss: 1.2715 | Acc_t2c: 0.809 | Acc_c2t: 0.797 | Temp: 0.0606 | LR: 1.23e-04
2026-02-07 14:25:34 [INFO] src.training.train_clop: [Epoch 59][Step 300/670] Loss: 1.2346 | Acc_t2c: 0.797 | Acc_c2t: 0.785 | Temp: 0.0605 | LR: 1.22e-04
2026-02-07 14:25:35 [INFO] src.training.train_clop: [Epoch 59][Step 350/670] Loss: 1.2112 | Acc_t2c: 0.836 | Acc_c2t: 0.836 | Temp: 0.0606 | LR: 1.22e-04
2026-02-07 14:25:35 [INFO] src.training.train_clop: [Epoch 59][Step 400/670] Loss: 1.2182 | Acc_t2c: 0.844 | Acc_c2t: 0.812 | Temp: 0.0604 | LR: 1.22e-04
2026-02-07 14:25:35 [INFO] src.training.train_clop: [Epoch 59][Step 450/670] Loss: 1.2300 | Acc_t2c: 0.828 | Acc_c2t: 0.801 | Temp: 0.0605 | LR: 1.21e-04
2026-02-07 14:25:35 [INFO] src.training.train_clop: [Epoch 59][Step 500/670] Loss: 1.3380 | Acc_t2c: 0.781 | Acc_c2t: 0.766 | Temp: 0.0606 | LR: 1.21e-04
2026-02-07 14:25:35 [INFO] src.training.train_clop: [Epoch 59][Step 550/670] Loss: 1.2836 | Acc_t2c: 0.781 | Acc_c2t: 0.801 | Temp: 0.0607 | LR: 1.21e-04
2026-02-07 14:25:35 [INFO] src.training.train_clop: [Epoch 59][Step 600/670] Loss: 1.2227 | Acc_t2c: 0.828 | Acc_c2t: 0.789 | Temp: 0.0603 | LR: 1.20e-04
2026-02-07 14:25:36 [INFO] src.training.train_clop: [Epoch 59][Step 650/670] Loss: 1.2765 | Acc_t2c: 0.793 | Acc_c2t: 0.770 | Temp: 0.0603 | LR: 1.20e-04
2026-02-07 14:25:36 [INFO] src.training.train_clop: 
============================================================
Epoch 59/100 (2.1s)
  Train Loss: 1.2545
  Val   Loss: 1.3254
  Val   Acc:  0.787
============================================================
2026-02-07 14:25:36 [INFO] src.training.train_clop:   ✓ New best model saved (val_loss=1.3254)
2026-02-07 14:25:36 [INFO] src.training.train_clop: [Epoch 60][Step 0/670] Loss: 1.2400 | Acc_t2c: 0.828 | Acc_c2t: 0.824 | Temp: 0.0605 | LR: 1.20e-04
2026-02-07 14:25:36 [INFO] src.training.train_clop: [Epoch 60][Step 50/670] Loss: 1.2311 | Acc_t2c: 0.828 | Acc_c2t: 0.824 | Temp: 0.0605 | LR: 1.19e-04
2026-02-07 14:25:36 [INFO] src.training.train_clop: [Epoch 60][Step 100/670] Loss: 1.2218 | Acc_t2c: 0.828 | Acc_c2t: 0.828 | Temp: 0.0606 | LR: 1.19e-04
2026-02-07 14:25:36 [INFO] src.training.train_clop: [Epoch 60][Step 150/670] Loss: 1.2545 | Acc_t2c: 0.797 | Acc_c2t: 0.816 | Temp: 0.0604 | LR: 1.19e-04
2026-02-07 14:25:36 [INFO] src.training.train_clop: [Epoch 60][Step 200/670] Loss: 1.2622 | Acc_t2c: 0.797 | Acc_c2t: 0.789 | Temp: 0.0604 | LR: 1.18e-04
2026-02-07 14:25:37 [INFO] src.training.train_clop: [Epoch 60][Step 250/670] Loss: 1.2449 | Acc_t2c: 0.824 | Acc_c2t: 0.805 | Temp: 0.0604 | LR: 1.18e-04
2026-02-07 14:25:37 [INFO] src.training.train_clop: [Epoch 60][Step 300/670] Loss: 1.2440 | Acc_t2c: 0.824 | Acc_c2t: 0.812 | Temp: 0.0602 | LR: 1.18e-04
2026-02-07 14:25:37 [INFO] src.training.train_clop: [Epoch 60][Step 350/670] Loss: 1.2866 | Acc_t2c: 0.781 | Acc_c2t: 0.777 | Temp: 0.0606 | LR: 1.17e-04
2026-02-07 14:25:37 [INFO] src.training.train_clop: [Epoch 60][Step 400/670] Loss: 1.2269 | Acc_t2c: 0.832 | Acc_c2t: 0.816 | Temp: 0.0604 | LR: 1.17e-04
2026-02-07 14:25:37 [INFO] src.training.train_clop: [Epoch 60][Step 450/670] Loss: 1.2164 | Acc_t2c: 0.836 | Acc_c2t: 0.820 | Temp: 0.0603 | LR: 1.17e-04
2026-02-07 14:25:37 [INFO] src.training.train_clop: [Epoch 60][Step 500/670] Loss: 1.2406 | Acc_t2c: 0.824 | Acc_c2t: 0.828 | Temp: 0.0604 | LR: 1.16e-04
2026-02-07 14:25:38 [INFO] src.training.train_clop: [Epoch 60][Step 550/670] Loss: 1.2182 | Acc_t2c: 0.832 | Acc_c2t: 0.785 | Temp: 0.0604 | LR: 1.16e-04
2026-02-07 14:25:38 [INFO] src.training.train_clop: [Epoch 60][Step 600/670] Loss: 1.2446 | Acc_t2c: 0.824 | Acc_c2t: 0.809 | Temp: 0.0604 | LR: 1.16e-04
2026-02-07 14:25:38 [INFO] src.training.train_clop: [Epoch 60][Step 650/670] Loss: 1.2147 | Acc_t2c: 0.848 | Acc_c2t: 0.852 | Temp: 0.0604 | LR: 1.15e-04
2026-02-07 14:25:38 [INFO] src.training.train_clop: 
============================================================
Epoch 60/100 (2.5s)
  Train Loss: 1.2548
  Val   Loss: 1.3229
  Val   Acc:  0.787
============================================================
2026-02-07 14:25:38 [INFO] src.training.train_clop:   ✓ New best model saved (val_loss=1.3229)
2026-02-07 14:25:38 [INFO] src.training.train_clop: [Epoch 61][Step 0/670] Loss: 1.3530 | Acc_t2c: 0.746 | Acc_c2t: 0.742 | Temp: 0.0606 | LR: 1.15e-04
2026-02-07 14:25:39 [INFO] src.training.train_clop: [Epoch 61][Step 50/670] Loss: 1.2026 | Acc_t2c: 0.840 | Acc_c2t: 0.844 | Temp: 0.0603 | LR: 1.15e-04
2026-02-07 14:25:39 [INFO] src.training.train_clop: [Epoch 61][Step 100/670] Loss: 1.2684 | Acc_t2c: 0.797 | Acc_c2t: 0.793 | Temp: 0.0603 | LR: 1.14e-04
2026-02-07 14:25:39 [INFO] src.training.train_clop: [Epoch 61][Step 150/670] Loss: 1.3031 | Acc_t2c: 0.758 | Acc_c2t: 0.773 | Temp: 0.0603 | LR: 1.14e-04
2026-02-07 14:25:39 [INFO] src.training.train_clop: [Epoch 61][Step 200/670] Loss: 1.2769 | Acc_t2c: 0.797 | Acc_c2t: 0.773 | Temp: 0.0603 | LR: 1.14e-04
2026-02-07 14:25:39 [INFO] src.training.train_clop: [Epoch 61][Step 250/670] Loss: 1.2848 | Acc_t2c: 0.789 | Acc_c2t: 0.797 | Temp: 0.0601 | LR: 1.13e-04
2026-02-07 14:25:39 [INFO] src.training.train_clop: [Epoch 61][Step 300/670] Loss: 1.2267 | Acc_t2c: 0.820 | Acc_c2t: 0.816 | Temp: 0.0603 | LR: 1.13e-04
2026-02-07 14:25:40 [INFO] src.training.train_clop: [Epoch 61][Step 350/670] Loss: 1.2595 | Acc_t2c: 0.812 | Acc_c2t: 0.820 | Temp: 0.0601 | LR: 1.13e-04
2026-02-07 14:25:40 [INFO] src.training.train_clop: [Epoch 61][Step 400/670] Loss: 1.2670 | Acc_t2c: 0.793 | Acc_c2t: 0.773 | Temp: 0.0602 | LR: 1.12e-04
2026-02-07 14:25:40 [INFO] src.training.train_clop: [Epoch 61][Step 450/670] Loss: 1.2455 | Acc_t2c: 0.820 | Acc_c2t: 0.793 | Temp: 0.0602 | LR: 1.12e-04
2026-02-07 14:25:40 [INFO] src.training.train_clop: [Epoch 61][Step 500/670] Loss: 1.2435 | Acc_t2c: 0.840 | Acc_c2t: 0.816 | Temp: 0.0604 | LR: 1.11e-04
2026-02-07 14:25:40 [INFO] src.training.train_clop: [Epoch 61][Step 550/670] Loss: 1.1470 | Acc_t2c: 0.895 | Acc_c2t: 0.871 | Temp: 0.0600 | LR: 1.11e-04
2026-02-07 14:25:40 [INFO] src.training.train_clop: [Epoch 61][Step 600/670] Loss: 1.2374 | Acc_t2c: 0.832 | Acc_c2t: 0.816 | Temp: 0.0603 | LR: 1.11e-04
2026-02-07 14:25:41 [INFO] src.training.train_clop: [Epoch 61][Step 650/670] Loss: 1.2104 | Acc_t2c: 0.848 | Acc_c2t: 0.844 | Temp: 0.0602 | LR: 1.10e-04
2026-02-07 14:25:41 [INFO] src.training.train_clop: 
============================================================
Epoch 61/100 (2.5s)
  Train Loss: 1.2526
  Val   Loss: 1.3243
  Val   Acc:  0.787
============================================================
2026-02-07 14:25:41 [INFO] src.training.train_clop: [Epoch 62][Step 0/670] Loss: 1.2443 | Acc_t2c: 0.816 | Acc_c2t: 0.824 | Temp: 0.0605 | LR: 1.10e-04
2026-02-07 14:25:41 [INFO] src.training.train_clop: [Epoch 62][Step 50/670] Loss: 1.2612 | Acc_t2c: 0.816 | Acc_c2t: 0.801 | Temp: 0.0604 | LR: 1.10e-04
2026-02-07 14:25:41 [INFO] src.training.train_clop: [Epoch 62][Step 100/670] Loss: 1.2378 | Acc_t2c: 0.816 | Acc_c2t: 0.801 | Temp: 0.0604 | LR: 1.10e-04
2026-02-07 14:25:41 [INFO] src.training.train_clop: [Epoch 62][Step 150/670] Loss: 1.2541 | Acc_t2c: 0.789 | Acc_c2t: 0.816 | Temp: 0.0603 | LR: 1.09e-04
2026-02-07 14:25:42 [INFO] src.training.train_clop: [Epoch 62][Step 200/670] Loss: 1.2946 | Acc_t2c: 0.793 | Acc_c2t: 0.781 | Temp: 0.0602 | LR: 1.09e-04
2026-02-07 14:25:42 [INFO] src.training.train_clop: [Epoch 62][Step 250/670] Loss: 1.2272 | Acc_t2c: 0.820 | Acc_c2t: 0.797 | Temp: 0.0607 | LR: 1.09e-04
2026-02-07 14:25:42 [INFO] src.training.train_clop: [Epoch 62][Step 300/670] Loss: 1.2197 | Acc_t2c: 0.828 | Acc_c2t: 0.812 | Temp: 0.0603 | LR: 1.08e-04
2026-02-07 14:25:42 [INFO] src.training.train_clop: [Epoch 62][Step 350/670] Loss: 1.2680 | Acc_t2c: 0.789 | Acc_c2t: 0.789 | Temp: 0.0600 | LR: 1.08e-04
2026-02-07 14:25:42 [INFO] src.training.train_clop: [Epoch 62][Step 400/670] Loss: 1.2464 | Acc_t2c: 0.809 | Acc_c2t: 0.801 | Temp: 0.0600 | LR: 1.07e-04
2026-02-07 14:25:42 [INFO] src.training.train_clop: [Epoch 62][Step 450/670] Loss: 1.2573 | Acc_t2c: 0.812 | Acc_c2t: 0.777 | Temp: 0.0602 | LR: 1.07e-04
2026-02-07 14:25:43 [INFO] src.training.train_clop: [Epoch 62][Step 500/670] Loss: 1.2661 | Acc_t2c: 0.781 | Acc_c2t: 0.816 | Temp: 0.0604 | LR: 1.07e-04
2026-02-07 14:25:43 [INFO] src.training.train_clop: [Epoch 62][Step 550/670] Loss: 1.3181 | Acc_t2c: 0.785 | Acc_c2t: 0.773 | Temp: 0.0602 | LR: 1.06e-04
2026-02-07 14:25:43 [INFO] src.training.train_clop: [Epoch 62][Step 600/670] Loss: 1.2589 | Acc_t2c: 0.801 | Acc_c2t: 0.801 | Temp: 0.0602 | LR: 1.06e-04
2026-02-07 14:25:43 [INFO] src.training.train_clop: [Epoch 62][Step 650/670] Loss: 1.2210 | Acc_t2c: 0.820 | Acc_c2t: 0.809 | Temp: 0.0602 | LR: 1.06e-04
2026-02-07 14:25:43 [INFO] src.training.train_clop: 
============================================================
Epoch 62/100 (2.5s)
  Train Loss: 1.2527
  Val   Loss: 1.3255
  Val   Acc:  0.787
============================================================
2026-02-07 14:25:43 [INFO] src.training.train_clop: [Epoch 63][Step 0/670] Loss: 1.2392 | Acc_t2c: 0.828 | Acc_c2t: 0.840 | Temp: 0.0602 | LR: 1.06e-04
2026-02-07 14:25:44 [INFO] src.training.train_clop: [Epoch 63][Step 50/670] Loss: 1.2356 | Acc_t2c: 0.816 | Acc_c2t: 0.832 | Temp: 0.0602 | LR: 1.05e-04
2026-02-07 14:25:44 [INFO] src.training.train_clop: [Epoch 63][Step 100/670] Loss: 1.2789 | Acc_t2c: 0.801 | Acc_c2t: 0.785 | Temp: 0.0603 | LR: 1.05e-04
2026-02-07 14:25:44 [INFO] src.training.train_clop: [Epoch 63][Step 150/670] Loss: 1.2860 | Acc_t2c: 0.805 | Acc_c2t: 0.766 | Temp: 0.0601 | LR: 1.05e-04
2026-02-07 14:25:44 [INFO] src.training.train_clop: [Epoch 63][Step 200/670] Loss: 1.2261 | Acc_t2c: 0.812 | Acc_c2t: 0.836 | Temp: 0.0605 | LR: 1.04e-04
2026-02-07 14:25:44 [INFO] src.training.train_clop: [Epoch 63][Step 250/670] Loss: 1.2174 | Acc_t2c: 0.836 | Acc_c2t: 0.812 | Temp: 0.0604 | LR: 1.04e-04
2026-02-07 14:25:44 [INFO] src.training.train_clop: [Epoch 63][Step 300/670] Loss: 1.2326 | Acc_t2c: 0.801 | Acc_c2t: 0.824 | Temp: 0.0601 | LR: 1.04e-04
2026-02-07 14:25:45 [INFO] src.training.train_clop: [Epoch 63][Step 350/670] Loss: 1.2419 | Acc_t2c: 0.828 | Acc_c2t: 0.809 | Temp: 0.0603 | LR: 1.03e-04
2026-02-07 14:25:45 [INFO] src.training.train_clop: [Epoch 63][Step 400/670] Loss: 1.2315 | Acc_t2c: 0.820 | Acc_c2t: 0.828 | Temp: 0.0601 | LR: 1.03e-04
2026-02-07 14:25:45 [INFO] src.training.train_clop: [Epoch 63][Step 450/670] Loss: 1.2969 | Acc_t2c: 0.789 | Acc_c2t: 0.781 | Temp: 0.0602 | LR: 1.02e-04
2026-02-07 14:25:45 [INFO] src.training.train_clop: [Epoch 63][Step 500/670] Loss: 1.3191 | Acc_t2c: 0.785 | Acc_c2t: 0.770 | Temp: 0.0601 | LR: 1.02e-04
2026-02-07 14:25:45 [INFO] src.training.train_clop: [Epoch 63][Step 550/670] Loss: 1.2681 | Acc_t2c: 0.816 | Acc_c2t: 0.762 | Temp: 0.0601 | LR: 1.02e-04
2026-02-07 14:25:46 [INFO] src.training.train_clop: [Epoch 63][Step 600/670] Loss: 1.2989 | Acc_t2c: 0.789 | Acc_c2t: 0.758 | Temp: 0.0602 | LR: 1.01e-04
2026-02-07 14:25:46 [INFO] src.training.train_clop: [Epoch 63][Step 650/670] Loss: 1.3013 | Acc_t2c: 0.766 | Acc_c2t: 0.762 | Temp: 0.0600 | LR: 1.01e-04
2026-02-07 14:25:46 [INFO] src.training.train_clop: 
============================================================
Epoch 63/100 (2.6s)
  Train Loss: 1.2490
  Val   Loss: 1.3243
  Val   Acc:  0.788
============================================================
2026-02-07 14:25:46 [INFO] src.training.train_clop: [Epoch 64][Step 0/670] Loss: 1.2531 | Acc_t2c: 0.789 | Acc_c2t: 0.809 | Temp: 0.0600 | LR: 1.01e-04
2026-02-07 14:25:46 [INFO] src.training.train_clop: [Epoch 64][Step 50/670] Loss: 1.2550 | Acc_t2c: 0.801 | Acc_c2t: 0.777 | Temp: 0.0603 | LR: 1.01e-04
2026-02-07 14:25:46 [INFO] src.training.train_clop: [Epoch 64][Step 100/670] Loss: 1.2043 | Acc_t2c: 0.836 | Acc_c2t: 0.836 | Temp: 0.0602 | LR: 1.00e-04
2026-02-07 14:25:46 [INFO] src.training.train_clop: [Epoch 64][Step 150/670] Loss: 1.2764 | Acc_t2c: 0.801 | Acc_c2t: 0.816 | Temp: 0.0604 | LR: 9.99e-05
2026-02-07 14:25:47 [INFO] src.training.train_clop: [Epoch 64][Step 200/670] Loss: 1.2471 | Acc_t2c: 0.832 | Acc_c2t: 0.820 | Temp: 0.0601 | LR: 9.96e-05
2026-02-07 14:25:47 [INFO] src.training.train_clop: [Epoch 64][Step 250/670] Loss: 1.2427 | Acc_t2c: 0.828 | Acc_c2t: 0.832 | Temp: 0.0600 | LR: 9.92e-05
2026-02-07 14:25:47 [INFO] src.training.train_clop: [Epoch 64][Step 300/670] Loss: 1.2555 | Acc_t2c: 0.781 | Acc_c2t: 0.809 | Temp: 0.0599 | LR: 9.89e-05
2026-02-07 14:25:47 [INFO] src.training.train_clop: [Epoch 64][Step 350/670] Loss: 1.2196 | Acc_t2c: 0.848 | Acc_c2t: 0.836 | Temp: 0.0599 | LR: 9.86e-05
2026-02-07 14:25:47 [INFO] src.training.train_clop: [Epoch 64][Step 400/670] Loss: 1.2348 | Acc_t2c: 0.816 | Acc_c2t: 0.836 | Temp: 0.0601 | LR: 9.82e-05
2026-02-07 14:25:48 [INFO] src.training.train_clop: [Epoch 64][Step 450/670] Loss: 1.2443 | Acc_t2c: 0.812 | Acc_c2t: 0.801 | Temp: 0.0600 | LR: 9.79e-05
2026-02-07 14:25:48 [INFO] src.training.train_clop: [Epoch 64][Step 500/670] Loss: 1.2177 | Acc_t2c: 0.828 | Acc_c2t: 0.805 | Temp: 0.0601 | LR: 9.75e-05
2026-02-07 14:25:48 [INFO] src.training.train_clop: [Epoch 64][Step 550/670] Loss: 1.2644 | Acc_t2c: 0.812 | Acc_c2t: 0.789 | Temp: 0.0603 | LR: 9.72e-05
2026-02-07 14:25:48 [INFO] src.training.train_clop: [Epoch 64][Step 600/670] Loss: 1.2039 | Acc_t2c: 0.859 | Acc_c2t: 0.867 | Temp: 0.0602 | LR: 9.68e-05
2026-02-07 14:25:48 [INFO] src.training.train_clop: [Epoch 64][Step 650/670] Loss: 1.2515 | Acc_t2c: 0.801 | Acc_c2t: 0.793 | Temp: 0.0600 | LR: 9.65e-05
2026-02-07 14:25:48 [INFO] src.training.train_clop: 
============================================================
Epoch 64/100 (2.6s)
  Train Loss: 1.2488
  Val   Loss: 1.3249
  Val   Acc:  0.788
============================================================
2026-02-07 14:25:48 [INFO] src.training.train_clop: [Epoch 65][Step 0/670] Loss: 1.2356 | Acc_t2c: 0.832 | Acc_c2t: 0.793 | Temp: 0.0599 | LR: 9.64e-05
2026-02-07 14:25:49 [INFO] src.training.train_clop: [Epoch 65][Step 50/670] Loss: 1.2478 | Acc_t2c: 0.812 | Acc_c2t: 0.793 | Temp: 0.0600 | LR: 9.60e-05
2026-02-07 14:25:49 [INFO] src.training.train_clop: [Epoch 65][Step 100/670] Loss: 1.2454 | Acc_t2c: 0.820 | Acc_c2t: 0.828 | Temp: 0.0600 | LR: 9.57e-05
2026-02-07 14:25:49 [INFO] src.training.train_clop: [Epoch 65][Step 150/670] Loss: 1.2621 | Acc_t2c: 0.824 | Acc_c2t: 0.836 | Temp: 0.0600 | LR: 9.54e-05
2026-02-07 14:25:49 [INFO] src.training.train_clop: [Epoch 65][Step 200/670] Loss: 1.2365 | Acc_t2c: 0.809 | Acc_c2t: 0.805 | Temp: 0.0602 | LR: 9.50e-05
2026-02-07 14:25:49 [INFO] src.training.train_clop: [Epoch 65][Step 250/670] Loss: 1.2438 | Acc_t2c: 0.805 | Acc_c2t: 0.781 | Temp: 0.0601 | LR: 9.47e-05
2026-02-07 14:25:49 [INFO] src.training.train_clop: [Epoch 65][Step 300/670] Loss: 1.2917 | Acc_t2c: 0.789 | Acc_c2t: 0.762 | Temp: 0.0600 | LR: 9.43e-05
2026-02-07 14:25:50 [INFO] src.training.train_clop: [Epoch 65][Step 350/670] Loss: 1.2348 | Acc_t2c: 0.820 | Acc_c2t: 0.816 | Temp: 0.0599 | LR: 9.40e-05
2026-02-07 14:25:50 [INFO] src.training.train_clop: [Epoch 65][Step 400/670] Loss: 1.2371 | Acc_t2c: 0.820 | Acc_c2t: 0.812 | Temp: 0.0600 | LR: 9.37e-05
2026-02-07 14:25:50 [INFO] src.training.train_clop: [Epoch 65][Step 450/670] Loss: 1.2586 | Acc_t2c: 0.816 | Acc_c2t: 0.801 | Temp: 0.0597 | LR: 9.33e-05
2026-02-07 14:25:50 [INFO] src.training.train_clop: [Epoch 65][Step 500/670] Loss: 1.2828 | Acc_t2c: 0.773 | Acc_c2t: 0.789 | Temp: 0.0598 | LR: 9.30e-05
2026-02-07 14:25:50 [INFO] src.training.train_clop: [Epoch 65][Step 550/670] Loss: 1.2613 | Acc_t2c: 0.805 | Acc_c2t: 0.785 | Temp: 0.0601 | LR: 9.26e-05
2026-02-07 14:25:50 [INFO] src.training.train_clop: [Epoch 65][Step 600/670] Loss: 1.2148 | Acc_t2c: 0.848 | Acc_c2t: 0.867 | Temp: 0.0599 | LR: 9.23e-05
2026-02-07 14:25:50 [INFO] src.training.train_clop: [Epoch 65][Step 650/670] Loss: 1.2126 | Acc_t2c: 0.820 | Acc_c2t: 0.828 | Temp: 0.0600 | LR: 9.20e-05
2026-02-07 14:25:51 [INFO] src.training.train_clop: 
============================================================
Epoch 65/100 (2.3s)
  Train Loss: 1.2477
  Val   Loss: 1.3238
  Val   Acc:  0.788
============================================================
2026-02-07 14:25:51 [INFO] src.training.train_clop: [Epoch 66][Step 0/670] Loss: 1.2381 | Acc_t2c: 0.824 | Acc_c2t: 0.789 | Temp: 0.0600 | LR: 9.18e-05
2026-02-07 14:25:51 [INFO] src.training.train_clop: [Epoch 66][Step 50/670] Loss: 1.2376 | Acc_t2c: 0.824 | Acc_c2t: 0.816 | Temp: 0.0600 | LR: 9.15e-05
2026-02-07 14:25:51 [INFO] src.training.train_clop: [Epoch 66][Step 100/670] Loss: 1.2646 | Acc_t2c: 0.797 | Acc_c2t: 0.812 | Temp: 0.0599 | LR: 9.12e-05
2026-02-07 14:25:51 [INFO] src.training.train_clop: [Epoch 66][Step 150/670] Loss: 1.2644 | Acc_t2c: 0.820 | Acc_c2t: 0.801 | Temp: 0.0599 | LR: 9.08e-05
2026-02-07 14:25:51 [INFO] src.training.train_clop: [Epoch 66][Step 200/670] Loss: 1.2334 | Acc_t2c: 0.812 | Acc_c2t: 0.789 | Temp: 0.0599 | LR: 9.05e-05
2026-02-07 14:25:52 [INFO] src.training.train_clop: [Epoch 66][Step 250/670] Loss: 1.2564 | Acc_t2c: 0.797 | Acc_c2t: 0.773 | Temp: 0.0600 | LR: 9.02e-05
2026-02-07 14:25:52 [INFO] src.training.train_clop: [Epoch 66][Step 300/670] Loss: 1.2970 | Acc_t2c: 0.762 | Acc_c2t: 0.746 | Temp: 0.0599 | LR: 8.98e-05
2026-02-07 14:25:52 [INFO] src.training.train_clop: [Epoch 66][Step 350/670] Loss: 1.2372 | Acc_t2c: 0.840 | Acc_c2t: 0.812 | Temp: 0.0598 | LR: 8.95e-05
2026-02-07 14:25:52 [INFO] src.training.train_clop: [Epoch 66][Step 400/670] Loss: 1.2483 | Acc_t2c: 0.809 | Acc_c2t: 0.816 | Temp: 0.0601 | LR: 8.92e-05
2026-02-07 14:25:52 [INFO] src.training.train_clop: [Epoch 66][Step 450/670] Loss: 1.2732 | Acc_t2c: 0.801 | Acc_c2t: 0.785 | Temp: 0.0600 | LR: 8.88e-05
2026-02-07 14:25:53 [INFO] src.training.train_clop: [Epoch 66][Step 500/670] Loss: 1.2766 | Acc_t2c: 0.797 | Acc_c2t: 0.777 | Temp: 0.0600 | LR: 8.85e-05
2026-02-07 14:25:53 [INFO] src.training.train_clop: [Epoch 66][Step 550/670] Loss: 1.2051 | Acc_t2c: 0.828 | Acc_c2t: 0.840 | Temp: 0.0600 | LR: 8.82e-05
2026-02-07 14:25:53 [INFO] src.training.train_clop: [Epoch 66][Step 600/670] Loss: 1.2807 | Acc_t2c: 0.809 | Acc_c2t: 0.793 | Temp: 0.0600 | LR: 8.78e-05
2026-02-07 14:25:53 [INFO] src.training.train_clop: [Epoch 66][Step 650/670] Loss: 1.2659 | Acc_t2c: 0.805 | Acc_c2t: 0.793 | Temp: 0.0598 | LR: 8.75e-05
2026-02-07 14:25:53 [INFO] src.training.train_clop: 
============================================================
Epoch 66/100 (2.6s)
  Train Loss: 1.2470
  Val   Loss: 1.3224
  Val   Acc:  0.788
============================================================
2026-02-07 14:25:53 [INFO] src.training.train_clop:   ✓ New best model saved (val_loss=1.3224)
2026-02-07 14:25:53 [INFO] src.training.train_clop: [Epoch 67][Step 0/670] Loss: 1.2304 | Acc_t2c: 0.828 | Acc_c2t: 0.855 | Temp: 0.0598 | LR: 8.74e-05
2026-02-07 14:25:54 [INFO] src.training.train_clop: [Epoch 67][Step 50/670] Loss: 1.2537 | Acc_t2c: 0.801 | Acc_c2t: 0.793 | Temp: 0.0600 | LR: 8.70e-05
2026-02-07 14:25:54 [INFO] src.training.train_clop: [Epoch 67][Step 100/670] Loss: 1.2319 | Acc_t2c: 0.809 | Acc_c2t: 0.844 | Temp: 0.0598 | LR: 8.67e-05
2026-02-07 14:25:54 [INFO] src.training.train_clop: [Epoch 67][Step 150/670] Loss: 1.1807 | Acc_t2c: 0.867 | Acc_c2t: 0.863 | Temp: 0.0599 | LR: 8.64e-05
2026-02-07 14:25:54 [INFO] src.training.train_clop: [Epoch 67][Step 200/670] Loss: 1.2338 | Acc_t2c: 0.812 | Acc_c2t: 0.836 | Temp: 0.0598 | LR: 8.61e-05
2026-02-07 14:25:54 [INFO] src.training.train_clop: [Epoch 67][Step 250/670] Loss: 1.2752 | Acc_t2c: 0.762 | Acc_c2t: 0.801 | Temp: 0.0600 | LR: 8.57e-05
2026-02-07 14:25:54 [INFO] src.training.train_clop: [Epoch 67][Step 300/670] Loss: 1.2536 | Acc_t2c: 0.816 | Acc_c2t: 0.812 | Temp: 0.0599 | LR: 8.54e-05
2026-02-07 14:25:54 [INFO] src.training.train_clop: [Epoch 67][Step 350/670] Loss: 1.3073 | Acc_t2c: 0.758 | Acc_c2t: 0.727 | Temp: 0.0599 | LR: 8.51e-05
2026-02-07 14:25:55 [INFO] src.training.train_clop: [Epoch 67][Step 400/670] Loss: 1.2136 | Acc_t2c: 0.836 | Acc_c2t: 0.816 | Temp: 0.0598 | LR: 8.47e-05
2026-02-07 14:25:55 [INFO] src.training.train_clop: [Epoch 67][Step 450/670] Loss: 1.2064 | Acc_t2c: 0.828 | Acc_c2t: 0.828 | Temp: 0.0597 | LR: 8.44e-05
2026-02-07 14:25:55 [INFO] src.training.train_clop: [Epoch 67][Step 500/670] Loss: 1.2169 | Acc_t2c: 0.840 | Acc_c2t: 0.836 | Temp: 0.0597 | LR: 8.41e-05
2026-02-07 14:25:55 [INFO] src.training.train_clop: [Epoch 67][Step 550/670] Loss: 1.2561 | Acc_t2c: 0.820 | Acc_c2t: 0.828 | Temp: 0.0598 | LR: 8.38e-05
2026-02-07 14:25:55 [INFO] src.training.train_clop: [Epoch 67][Step 600/670] Loss: 1.2664 | Acc_t2c: 0.785 | Acc_c2t: 0.789 | Temp: 0.0596 | LR: 8.34e-05
2026-02-07 14:25:56 [INFO] src.training.train_clop: [Epoch 67][Step 650/670] Loss: 1.2418 | Acc_t2c: 0.816 | Acc_c2t: 0.801 | Temp: 0.0598 | LR: 8.31e-05
2026-02-07 14:25:56 [INFO] src.training.train_clop: 
============================================================
Epoch 67/100 (2.3s)
  Train Loss: 1.2455
  Val   Loss: 1.3208
  Val   Acc:  0.787
============================================================
2026-02-07 14:25:56 [INFO] src.training.train_clop:   ✓ New best model saved (val_loss=1.3208)
2026-02-07 14:25:56 [INFO] src.training.train_clop: [Epoch 68][Step 0/670] Loss: 1.2226 | Acc_t2c: 0.836 | Acc_c2t: 0.801 | Temp: 0.0598 | LR: 8.30e-05
2026-02-07 14:25:56 [INFO] src.training.train_clop: [Epoch 68][Step 50/670] Loss: 1.2750 | Acc_t2c: 0.797 | Acc_c2t: 0.793 | Temp: 0.0598 | LR: 8.27e-05
2026-02-07 14:25:56 [INFO] src.training.train_clop: [Epoch 68][Step 100/670] Loss: 1.2083 | Acc_t2c: 0.832 | Acc_c2t: 0.828 | Temp: 0.0599 | LR: 8.23e-05
2026-02-07 14:25:56 [INFO] src.training.train_clop: [Epoch 68][Step 150/670] Loss: 1.2258 | Acc_t2c: 0.840 | Acc_c2t: 0.812 | Temp: 0.0598 | LR: 8.20e-05
2026-02-07 14:25:56 [INFO] src.training.train_clop: [Epoch 68][Step 200/670] Loss: 1.2544 | Acc_t2c: 0.801 | Acc_c2t: 0.797 | Temp: 0.0598 | LR: 8.17e-05
2026-02-07 14:25:57 [INFO] src.training.train_clop: [Epoch 68][Step 250/670] Loss: 1.2739 | Acc_t2c: 0.801 | Acc_c2t: 0.785 | Temp: 0.0598 | LR: 8.14e-05
2026-02-07 14:25:57 [INFO] src.training.train_clop: [Epoch 68][Step 300/670] Loss: 1.2138 | Acc_t2c: 0.848 | Acc_c2t: 0.844 | Temp: 0.0597 | LR: 8.10e-05
2026-02-07 14:25:57 [INFO] src.training.train_clop: [Epoch 68][Step 350/670] Loss: 1.2578 | Acc_t2c: 0.824 | Acc_c2t: 0.801 | Temp: 0.0596 | LR: 8.07e-05
2026-02-07 14:25:57 [INFO] src.training.train_clop: [Epoch 68][Step 400/670] Loss: 1.2527 | Acc_t2c: 0.777 | Acc_c2t: 0.781 | Temp: 0.0596 | LR: 8.04e-05
2026-02-07 14:25:57 [INFO] src.training.train_clop: [Epoch 68][Step 450/670] Loss: 1.2482 | Acc_t2c: 0.805 | Acc_c2t: 0.793 | Temp: 0.0598 | LR: 8.01e-05
2026-02-07 14:25:57 [INFO] src.training.train_clop: [Epoch 68][Step 500/670] Loss: 1.2022 | Acc_t2c: 0.844 | Acc_c2t: 0.824 | Temp: 0.0596 | LR: 7.98e-05
2026-02-07 14:25:58 [INFO] src.training.train_clop: [Epoch 68][Step 550/670] Loss: 1.2584 | Acc_t2c: 0.805 | Acc_c2t: 0.816 | Temp: 0.0597 | LR: 7.94e-05
2026-02-07 14:25:58 [INFO] src.training.train_clop: [Epoch 68][Step 600/670] Loss: 1.2486 | Acc_t2c: 0.820 | Acc_c2t: 0.820 | Temp: 0.0597 | LR: 7.91e-05
2026-02-07 14:25:58 [INFO] src.training.train_clop: [Epoch 68][Step 650/670] Loss: 1.2269 | Acc_t2c: 0.855 | Acc_c2t: 0.836 | Temp: 0.0597 | LR: 7.88e-05
2026-02-07 14:25:58 [INFO] src.training.train_clop: 
============================================================
Epoch 68/100 (2.4s)
  Train Loss: 1.2446
  Val   Loss: 1.3213
  Val   Acc:  0.788
============================================================
2026-02-07 14:25:58 [INFO] src.training.train_clop: [Epoch 69][Step 0/670] Loss: 1.2501 | Acc_t2c: 0.805 | Acc_c2t: 0.781 | Temp: 0.0598 | LR: 7.87e-05
2026-02-07 14:25:58 [INFO] src.training.train_clop: [Epoch 69][Step 50/670] Loss: 1.2257 | Acc_t2c: 0.809 | Acc_c2t: 0.805 | Temp: 0.0597 | LR: 7.83e-05
2026-02-07 14:25:58 [INFO] src.training.train_clop: [Epoch 69][Step 100/670] Loss: 1.2304 | Acc_t2c: 0.824 | Acc_c2t: 0.801 | Temp: 0.0598 | LR: 7.80e-05
2026-02-07 14:25:59 [INFO] src.training.train_clop: [Epoch 69][Step 150/670] Loss: 1.2767 | Acc_t2c: 0.797 | Acc_c2t: 0.781 | Temp: 0.0597 | LR: 7.77e-05
2026-02-07 14:25:59 [INFO] src.training.train_clop: [Epoch 69][Step 200/670] Loss: 1.2717 | Acc_t2c: 0.789 | Acc_c2t: 0.793 | Temp: 0.0599 | LR: 7.74e-05
2026-02-07 14:25:59 [INFO] src.training.train_clop: [Epoch 69][Step 250/670] Loss: 1.1979 | Acc_t2c: 0.844 | Acc_c2t: 0.828 | Temp: 0.0597 | LR: 7.71e-05
2026-02-07 14:25:59 [INFO] src.training.train_clop: [Epoch 69][Step 300/670] Loss: 1.2248 | Acc_t2c: 0.836 | Acc_c2t: 0.828 | Temp: 0.0598 | LR: 7.68e-05
2026-02-07 14:25:59 [INFO] src.training.train_clop: [Epoch 69][Step 350/670] Loss: 1.2479 | Acc_t2c: 0.805 | Acc_c2t: 0.809 | Temp: 0.0597 | LR: 7.64e-05
2026-02-07 14:25:59 [INFO] src.training.train_clop: [Epoch 69][Step 400/670] Loss: 1.2309 | Acc_t2c: 0.812 | Acc_c2t: 0.809 | Temp: 0.0597 | LR: 7.61e-05
2026-02-07 14:26:00 [INFO] src.training.train_clop: [Epoch 69][Step 450/670] Loss: 1.2028 | Acc_t2c: 0.828 | Acc_c2t: 0.820 | Temp: 0.0596 | LR: 7.58e-05
2026-02-07 14:26:00 [INFO] src.training.train_clop: [Epoch 69][Step 500/670] Loss: 1.2992 | Acc_t2c: 0.770 | Acc_c2t: 0.758 | Temp: 0.0598 | LR: 7.55e-05
2026-02-07 14:26:00 [INFO] src.training.train_clop: [Epoch 69][Step 550/670] Loss: 1.2726 | Acc_t2c: 0.793 | Acc_c2t: 0.840 | Temp: 0.0598 | LR: 7.52e-05
2026-02-07 14:26:00 [INFO] src.training.train_clop: [Epoch 69][Step 600/670] Loss: 1.1501 | Acc_t2c: 0.875 | Acc_c2t: 0.859 | Temp: 0.0598 | LR: 7.49e-05
2026-02-07 14:26:00 [INFO] src.training.train_clop: [Epoch 69][Step 650/670] Loss: 1.2369 | Acc_t2c: 0.801 | Acc_c2t: 0.828 | Temp: 0.0597 | LR: 7.46e-05
2026-02-07 14:26:00 [INFO] src.training.train_clop: 
============================================================
Epoch 69/100 (2.2s)
  Train Loss: 1.2432
  Val   Loss: 1.3212
  Val   Acc:  0.789
============================================================
2026-02-07 14:26:00 [INFO] src.training.train_clop: [Epoch 70][Step 0/670] Loss: 1.2705 | Acc_t2c: 0.805 | Acc_c2t: 0.801 | Temp: 0.0596 | LR: 7.44e-05
2026-02-07 14:26:01 [INFO] src.training.train_clop: [Epoch 70][Step 50/670] Loss: 1.2359 | Acc_t2c: 0.824 | Acc_c2t: 0.809 | Temp: 0.0597 | LR: 7.41e-05
2026-02-07 14:26:01 [INFO] src.training.train_clop: [Epoch 70][Step 100/670] Loss: 1.2261 | Acc_t2c: 0.809 | Acc_c2t: 0.816 | Temp: 0.0597 | LR: 7.38e-05
2026-02-07 14:26:01 [INFO] src.training.train_clop: [Epoch 70][Step 150/670] Loss: 1.2991 | Acc_t2c: 0.789 | Acc_c2t: 0.754 | Temp: 0.0595 | LR: 7.35e-05
2026-02-07 14:26:01 [INFO] src.training.train_clop: [Epoch 70][Step 200/670] Loss: 1.2416 | Acc_t2c: 0.816 | Acc_c2t: 0.820 | Temp: 0.0598 | LR: 7.32e-05
2026-02-07 14:26:01 [INFO] src.training.train_clop: [Epoch 70][Step 250/670] Loss: 1.2691 | Acc_t2c: 0.785 | Acc_c2t: 0.789 | Temp: 0.0595 | LR: 7.29e-05
2026-02-07 14:26:01 [INFO] src.training.train_clop: [Epoch 70][Step 300/670] Loss: 1.2478 | Acc_t2c: 0.820 | Acc_c2t: 0.828 | Temp: 0.0597 | LR: 7.26e-05
2026-02-07 14:26:01 [INFO] src.training.train_clop: [Epoch 70][Step 350/670] Loss: 1.1908 | Acc_t2c: 0.855 | Acc_c2t: 0.863 | Temp: 0.0595 | LR: 7.22e-05
2026-02-07 14:26:02 [INFO] src.training.train_clop: [Epoch 70][Step 400/670] Loss: 1.2087 | Acc_t2c: 0.836 | Acc_c2t: 0.820 | Temp: 0.0595 | LR: 7.19e-05
2026-02-07 14:26:02 [INFO] src.training.train_clop: [Epoch 70][Step 450/670] Loss: 1.2417 | Acc_t2c: 0.801 | Acc_c2t: 0.816 | Temp: 0.0594 | LR: 7.16e-05
2026-02-07 14:26:02 [INFO] src.training.train_clop: [Epoch 70][Step 500/670] Loss: 1.1924 | Acc_t2c: 0.836 | Acc_c2t: 0.824 | Temp: 0.0595 | LR: 7.13e-05
2026-02-07 14:26:02 [INFO] src.training.train_clop: [Epoch 70][Step 550/670] Loss: 1.2295 | Acc_t2c: 0.816 | Acc_c2t: 0.812 | Temp: 0.0595 | LR: 7.10e-05
2026-02-07 14:26:02 [INFO] src.training.train_clop: [Epoch 70][Step 600/670] Loss: 1.2507 | Acc_t2c: 0.820 | Acc_c2t: 0.809 | Temp: 0.0594 | LR: 7.07e-05
2026-02-07 14:26:02 [INFO] src.training.train_clop: [Epoch 70][Step 650/670] Loss: 1.2857 | Acc_t2c: 0.785 | Acc_c2t: 0.785 | Temp: 0.0596 | LR: 7.04e-05
2026-02-07 14:26:02 [INFO] src.training.train_clop: 
============================================================
Epoch 70/100 (2.2s)
  Train Loss: 1.2421
  Val   Loss: 1.3204
  Val   Acc:  0.788
============================================================
2026-02-07 14:26:03 [INFO] src.training.train_clop:   ✓ New best model saved (val_loss=1.3204)
2026-02-07 14:26:03 [INFO] src.training.train_clop: [Epoch 71][Step 0/670] Loss: 1.2485 | Acc_t2c: 0.809 | Acc_c2t: 0.805 | Temp: 0.0595 | LR: 7.03e-05
2026-02-07 14:26:03 [INFO] src.training.train_clop: [Epoch 71][Step 50/670] Loss: 1.2172 | Acc_t2c: 0.836 | Acc_c2t: 0.828 | Temp: 0.0596 | LR: 7.00e-05
2026-02-07 14:26:03 [INFO] src.training.train_clop: [Epoch 71][Step 100/670] Loss: 1.2400 | Acc_t2c: 0.820 | Acc_c2t: 0.805 | Temp: 0.0596 | LR: 6.97e-05
2026-02-07 14:26:03 [INFO] src.training.train_clop: [Epoch 71][Step 150/670] Loss: 1.2193 | Acc_t2c: 0.824 | Acc_c2t: 0.824 | Temp: 0.0596 | LR: 6.94e-05
2026-02-07 14:26:03 [INFO] src.training.train_clop: [Epoch 71][Step 200/670] Loss: 1.2399 | Acc_t2c: 0.797 | Acc_c2t: 0.781 | Temp: 0.0594 | LR: 6.90e-05
2026-02-07 14:26:03 [INFO] src.training.train_clop: [Epoch 71][Step 250/670] Loss: 1.2927 | Acc_t2c: 0.777 | Acc_c2t: 0.789 | Temp: 0.0595 | LR: 6.87e-05
2026-02-07 14:26:04 [INFO] src.training.train_clop: [Epoch 71][Step 300/670] Loss: 1.2691 | Acc_t2c: 0.797 | Acc_c2t: 0.777 | Temp: 0.0596 | LR: 6.84e-05
2026-02-07 14:26:04 [INFO] src.training.train_clop: [Epoch 71][Step 350/670] Loss: 1.2580 | Acc_t2c: 0.801 | Acc_c2t: 0.781 | Temp: 0.0593 | LR: 6.81e-05
2026-02-07 14:26:04 [INFO] src.training.train_clop: [Epoch 71][Step 400/670] Loss: 1.2036 | Acc_t2c: 0.852 | Acc_c2t: 0.848 | Temp: 0.0594 | LR: 6.78e-05
2026-02-07 14:26:04 [INFO] src.training.train_clop: [Epoch 71][Step 450/670] Loss: 1.2704 | Acc_t2c: 0.781 | Acc_c2t: 0.785 | Temp: 0.0595 | LR: 6.75e-05
2026-02-07 14:26:04 [INFO] src.training.train_clop: [Epoch 71][Step 500/670] Loss: 1.2484 | Acc_t2c: 0.816 | Acc_c2t: 0.844 | Temp: 0.0594 | LR: 6.72e-05
2026-02-07 14:26:04 [INFO] src.training.train_clop: [Epoch 71][Step 550/670] Loss: 1.2730 | Acc_t2c: 0.809 | Acc_c2t: 0.785 | Temp: 0.0595 | LR: 6.69e-05
2026-02-07 14:26:05 [INFO] src.training.train_clop: [Epoch 71][Step 600/670] Loss: 1.1940 | Acc_t2c: 0.848 | Acc_c2t: 0.824 | Temp: 0.0594 | LR: 6.66e-05
2026-02-07 14:26:05 [INFO] src.training.train_clop: [Epoch 71][Step 650/670] Loss: 1.3028 | Acc_t2c: 0.781 | Acc_c2t: 0.785 | Temp: 0.0595 | LR: 6.63e-05
2026-02-07 14:26:05 [INFO] src.training.train_clop: 
============================================================
Epoch 71/100 (2.4s)
  Train Loss: 1.2431
  Val   Loss: 1.3188
  Val   Acc:  0.789
============================================================
2026-02-07 14:26:05 [INFO] src.training.train_clop:   ✓ New best model saved (val_loss=1.3188)
2026-02-07 14:26:05 [INFO] src.training.train_clop: [Epoch 72][Step 0/670] Loss: 1.2940 | Acc_t2c: 0.785 | Acc_c2t: 0.781 | Temp: 0.0596 | LR: 6.62e-05
2026-02-07 14:26:05 [INFO] src.training.train_clop: [Epoch 72][Step 50/670] Loss: 1.2858 | Acc_t2c: 0.789 | Acc_c2t: 0.773 | Temp: 0.0597 | LR: 6.59e-05
2026-02-07 14:26:05 [INFO] src.training.train_clop: [Epoch 72][Step 100/670] Loss: 1.2406 | Acc_t2c: 0.820 | Acc_c2t: 0.789 | Temp: 0.0596 | LR: 6.56e-05
2026-02-07 14:26:06 [INFO] src.training.train_clop: [Epoch 72][Step 150/670] Loss: 1.2444 | Acc_t2c: 0.816 | Acc_c2t: 0.816 | Temp: 0.0593 | LR: 6.53e-05
2026-02-07 14:26:06 [INFO] src.training.train_clop: [Epoch 72][Step 200/670] Loss: 1.2131 | Acc_t2c: 0.836 | Acc_c2t: 0.809 | Temp: 0.0593 | LR: 6.50e-05
2026-02-07 14:26:06 [INFO] src.training.train_clop: [Epoch 72][Step 250/670] Loss: 1.2000 | Acc_t2c: 0.859 | Acc_c2t: 0.844 | Temp: 0.0594 | LR: 6.47e-05
2026-02-07 14:26:06 [INFO] src.training.train_clop: [Epoch 72][Step 300/670] Loss: 1.2382 | Acc_t2c: 0.805 | Acc_c2t: 0.793 | Temp: 0.0595 | LR: 6.44e-05
2026-02-07 14:26:06 [INFO] src.training.train_clop: [Epoch 72][Step 350/670] Loss: 1.2195 | Acc_t2c: 0.832 | Acc_c2t: 0.805 | Temp: 0.0595 | LR: 6.41e-05
2026-02-07 14:26:06 [INFO] src.training.train_clop: [Epoch 72][Step 400/670] Loss: 1.1923 | Acc_t2c: 0.844 | Acc_c2t: 0.836 | Temp: 0.0593 | LR: 6.38e-05
2026-02-07 14:26:06 [INFO] src.training.train_clop: [Epoch 72][Step 450/670] Loss: 1.2684 | Acc_t2c: 0.789 | Acc_c2t: 0.781 | Temp: 0.0595 | LR: 6.35e-05
2026-02-07 14:26:07 [INFO] src.training.train_clop: [Epoch 72][Step 500/670] Loss: 1.2060 | Acc_t2c: 0.844 | Acc_c2t: 0.840 | Temp: 0.0593 | LR: 6.32e-05
2026-02-07 14:26:07 [INFO] src.training.train_clop: [Epoch 72][Step 550/670] Loss: 1.2328 | Acc_t2c: 0.801 | Acc_c2t: 0.797 | Temp: 0.0594 | LR: 6.29e-05
2026-02-07 14:26:07 [INFO] src.training.train_clop: [Epoch 72][Step 600/670] Loss: 1.2248 | Acc_t2c: 0.840 | Acc_c2t: 0.809 | Temp: 0.0596 | LR: 6.26e-05
2026-02-07 14:26:07 [INFO] src.training.train_clop: [Epoch 72][Step 650/670] Loss: 1.2496 | Acc_t2c: 0.797 | Acc_c2t: 0.820 | Temp: 0.0594 | LR: 6.24e-05
2026-02-07 14:26:07 [INFO] src.training.train_clop: 
============================================================
Epoch 72/100 (2.4s)
  Train Loss: 1.2418
  Val   Loss: 1.3198
  Val   Acc:  0.788
============================================================
2026-02-07 14:26:07 [INFO] src.training.train_clop: [Epoch 73][Step 0/670] Loss: 1.2642 | Acc_t2c: 0.805 | Acc_c2t: 0.785 | Temp: 0.0594 | LR: 6.22e-05
2026-02-07 14:26:08 [INFO] src.training.train_clop: [Epoch 73][Step 50/670] Loss: 1.2101 | Acc_t2c: 0.840 | Acc_c2t: 0.859 | Temp: 0.0596 | LR: 6.19e-05
2026-02-07 14:26:08 [INFO] src.training.train_clop: [Epoch 73][Step 100/670] Loss: 1.2454 | Acc_t2c: 0.816 | Acc_c2t: 0.805 | Temp: 0.0594 | LR: 6.16e-05
2026-02-07 14:26:08 [INFO] src.training.train_clop: [Epoch 73][Step 150/670] Loss: 1.2859 | Acc_t2c: 0.766 | Acc_c2t: 0.785 | Temp: 0.0594 | LR: 6.14e-05
2026-02-07 14:26:08 [INFO] src.training.train_clop: [Epoch 73][Step 200/670] Loss: 1.2256 | Acc_t2c: 0.828 | Acc_c2t: 0.812 | Temp: 0.0594 | LR: 6.11e-05
2026-02-07 14:26:08 [INFO] src.training.train_clop: [Epoch 73][Step 250/670] Loss: 1.2744 | Acc_t2c: 0.781 | Acc_c2t: 0.770 | Temp: 0.0593 | LR: 6.08e-05
2026-02-07 14:26:09 [INFO] src.training.train_clop: [Epoch 73][Step 300/670] Loss: 1.2447 | Acc_t2c: 0.812 | Acc_c2t: 0.797 | Temp: 0.0594 | LR: 6.05e-05
2026-02-07 14:26:09 [INFO] src.training.train_clop: [Epoch 73][Step 350/670] Loss: 1.2362 | Acc_t2c: 0.809 | Acc_c2t: 0.805 | Temp: 0.0592 | LR: 6.02e-05
2026-02-07 14:26:09 [INFO] src.training.train_clop: [Epoch 73][Step 400/670] Loss: 1.2298 | Acc_t2c: 0.828 | Acc_c2t: 0.820 | Temp: 0.0593 | LR: 5.99e-05
2026-02-07 14:26:09 [INFO] src.training.train_clop: [Epoch 73][Step 450/670] Loss: 1.2459 | Acc_t2c: 0.805 | Acc_c2t: 0.809 | Temp: 0.0594 | LR: 5.96e-05
2026-02-07 14:26:09 [INFO] src.training.train_clop: [Epoch 73][Step 500/670] Loss: 1.2346 | Acc_t2c: 0.801 | Acc_c2t: 0.797 | Temp: 0.0593 | LR: 5.93e-05
2026-02-07 14:26:09 [INFO] src.training.train_clop: [Epoch 73][Step 550/670] Loss: 1.1856 | Acc_t2c: 0.836 | Acc_c2t: 0.848 | Temp: 0.0593 | LR: 5.90e-05
2026-02-07 14:26:10 [INFO] src.training.train_clop: [Epoch 73][Step 600/670] Loss: 1.2684 | Acc_t2c: 0.797 | Acc_c2t: 0.785 | Temp: 0.0593 | LR: 5.88e-05
2026-02-07 14:26:10 [INFO] src.training.train_clop: [Epoch 73][Step 650/670] Loss: 1.2450 | Acc_t2c: 0.820 | Acc_c2t: 0.797 | Temp: 0.0592 | LR: 5.85e-05
2026-02-07 14:26:10 [INFO] src.training.train_clop: 
============================================================
Epoch 73/100 (2.6s)
  Train Loss: 1.2406
  Val   Loss: 1.3197
  Val   Acc:  0.788
============================================================
2026-02-07 14:26:10 [INFO] src.training.train_clop: [Epoch 74][Step 0/670] Loss: 1.2093 | Acc_t2c: 0.836 | Acc_c2t: 0.836 | Temp: 0.0594 | LR: 5.84e-05
2026-02-07 14:26:10 [INFO] src.training.train_clop: [Epoch 74][Step 50/670] Loss: 1.3144 | Acc_t2c: 0.777 | Acc_c2t: 0.770 | Temp: 0.0594 | LR: 5.81e-05
2026-02-07 14:26:10 [INFO] src.training.train_clop: [Epoch 74][Step 100/670] Loss: 1.2036 | Acc_t2c: 0.832 | Acc_c2t: 0.852 | Temp: 0.0595 | LR: 5.78e-05
2026-02-07 14:26:11 [INFO] src.training.train_clop: [Epoch 74][Step 150/670] Loss: 1.2595 | Acc_t2c: 0.805 | Acc_c2t: 0.816 | Temp: 0.0595 | LR: 5.75e-05
2026-02-07 14:26:11 [INFO] src.training.train_clop: [Epoch 74][Step 200/670] Loss: 1.2151 | Acc_t2c: 0.816 | Acc_c2t: 0.809 | Temp: 0.0593 | LR: 5.72e-05
2026-02-07 14:26:11 [INFO] src.training.train_clop: [Epoch 74][Step 250/670] Loss: 1.1636 | Acc_t2c: 0.871 | Acc_c2t: 0.855 | Temp: 0.0593 | LR: 5.69e-05
2026-02-07 14:26:11 [INFO] src.training.train_clop: [Epoch 74][Step 300/670] Loss: 1.2596 | Acc_t2c: 0.816 | Acc_c2t: 0.797 | Temp: 0.0592 | LR: 5.67e-05
2026-02-07 14:26:11 [INFO] src.training.train_clop: [Epoch 74][Step 350/670] Loss: 1.2536 | Acc_t2c: 0.785 | Acc_c2t: 0.809 | Temp: 0.0592 | LR: 5.64e-05
2026-02-07 14:26:12 [INFO] src.training.train_clop: [Epoch 74][Step 400/670] Loss: 1.2286 | Acc_t2c: 0.828 | Acc_c2t: 0.832 | Temp: 0.0593 | LR: 5.61e-05
2026-02-07 14:26:12 [INFO] src.training.train_clop: [Epoch 74][Step 450/670] Loss: 1.2040 | Acc_t2c: 0.836 | Acc_c2t: 0.844 | Temp: 0.0593 | LR: 5.58e-05
2026-02-07 14:26:12 [INFO] src.training.train_clop: [Epoch 74][Step 500/670] Loss: 1.2254 | Acc_t2c: 0.816 | Acc_c2t: 0.805 | Temp: 0.0594 | LR: 5.55e-05
2026-02-07 14:26:12 [INFO] src.training.train_clop: [Epoch 74][Step 550/670] Loss: 1.2430 | Acc_t2c: 0.824 | Acc_c2t: 0.812 | Temp: 0.0594 | LR: 5.53e-05
2026-02-07 14:26:12 [INFO] src.training.train_clop: [Epoch 74][Step 600/670] Loss: 1.3008 | Acc_t2c: 0.770 | Acc_c2t: 0.773 | Temp: 0.0593 | LR: 5.50e-05
2026-02-07 14:26:13 [INFO] src.training.train_clop: [Epoch 74][Step 650/670] Loss: 1.2003 | Acc_t2c: 0.859 | Acc_c2t: 0.855 | Temp: 0.0593 | LR: 5.47e-05
2026-02-07 14:26:13 [INFO] src.training.train_clop: 
============================================================
Epoch 74/100 (2.8s)
  Train Loss: 1.2398
  Val   Loss: 1.3182
  Val   Acc:  0.789
============================================================
2026-02-07 14:26:13 [INFO] src.training.train_clop:   ✓ New best model saved (val_loss=1.3182)
2026-02-07 14:26:13 [INFO] src.training.train_clop: [Epoch 75][Step 0/670] Loss: 1.2416 | Acc_t2c: 0.816 | Acc_c2t: 0.801 | Temp: 0.0593 | LR: 5.46e-05
2026-02-07 14:26:13 [INFO] src.training.train_clop: [Epoch 75][Step 50/670] Loss: 1.2518 | Acc_t2c: 0.801 | Acc_c2t: 0.801 | Temp: 0.0593 | LR: 5.43e-05
2026-02-07 14:26:13 [INFO] src.training.train_clop: [Epoch 75][Step 100/670] Loss: 1.2405 | Acc_t2c: 0.805 | Acc_c2t: 0.809 | Temp: 0.0592 | LR: 5.40e-05
2026-02-07 14:26:13 [INFO] src.training.train_clop: [Epoch 75][Step 150/670] Loss: 1.2078 | Acc_t2c: 0.844 | Acc_c2t: 0.832 | Temp: 0.0593 | LR: 5.38e-05
2026-02-07 14:26:14 [INFO] src.training.train_clop: [Epoch 75][Step 200/670] Loss: 1.2849 | Acc_t2c: 0.762 | Acc_c2t: 0.770 | Temp: 0.0592 | LR: 5.35e-05
2026-02-07 14:26:14 [INFO] src.training.train_clop: [Epoch 75][Step 250/670] Loss: 1.2510 | Acc_t2c: 0.809 | Acc_c2t: 0.812 | Temp: 0.0593 | LR: 5.32e-05
2026-02-07 14:26:14 [INFO] src.training.train_clop: [Epoch 75][Step 300/670] Loss: 1.3043 | Acc_t2c: 0.758 | Acc_c2t: 0.754 | Temp: 0.0593 | LR: 5.29e-05
2026-02-07 14:26:14 [INFO] src.training.train_clop: [Epoch 75][Step 350/670] Loss: 1.2431 | Acc_t2c: 0.809 | Acc_c2t: 0.793 | Temp: 0.0592 | LR: 5.27e-05
2026-02-07 14:26:15 [INFO] src.training.train_clop: [Epoch 75][Step 400/670] Loss: 1.2079 | Acc_t2c: 0.836 | Acc_c2t: 0.805 | Temp: 0.0593 | LR: 5.24e-05
2026-02-07 14:26:15 [INFO] src.training.train_clop: [Epoch 75][Step 450/670] Loss: 1.2114 | Acc_t2c: 0.828 | Acc_c2t: 0.785 | Temp: 0.0593 | LR: 5.21e-05
2026-02-07 14:26:15 [INFO] src.training.train_clop: [Epoch 75][Step 500/670] Loss: 1.2789 | Acc_t2c: 0.785 | Acc_c2t: 0.777 | Temp: 0.0593 | LR: 5.18e-05
2026-02-07 14:26:15 [INFO] src.training.train_clop: [Epoch 75][Step 550/670] Loss: 1.2272 | Acc_t2c: 0.832 | Acc_c2t: 0.824 | Temp: 0.0592 | LR: 5.16e-05
2026-02-07 14:26:15 [INFO] src.training.train_clop: [Epoch 75][Step 600/670] Loss: 1.2269 | Acc_t2c: 0.816 | Acc_c2t: 0.812 | Temp: 0.0593 | LR: 5.13e-05
2026-02-07 14:26:16 [INFO] src.training.train_clop: [Epoch 75][Step 650/670] Loss: 1.2607 | Acc_t2c: 0.805 | Acc_c2t: 0.797 | Temp: 0.0592 | LR: 5.10e-05
2026-02-07 14:26:16 [INFO] src.training.train_clop: 
============================================================
Epoch 75/100 (3.0s)
  Train Loss: 1.2372
  Val   Loss: 1.3182
  Val   Acc:  0.788
============================================================
2026-02-07 14:26:16 [INFO] src.training.train_clop: [Epoch 76][Step 0/670] Loss: 1.2630 | Acc_t2c: 0.805 | Acc_c2t: 0.734 | Temp: 0.0593 | LR: 5.09e-05
2026-02-07 14:26:16 [INFO] src.training.train_clop: [Epoch 76][Step 50/670] Loss: 1.1760 | Acc_t2c: 0.852 | Acc_c2t: 0.832 | Temp: 0.0593 | LR: 5.06e-05
2026-02-07 14:26:16 [INFO] src.training.train_clop: [Epoch 76][Step 100/670] Loss: 1.1938 | Acc_t2c: 0.836 | Acc_c2t: 0.832 | Temp: 0.0593 | LR: 5.04e-05
2026-02-07 14:26:16 [INFO] src.training.train_clop: [Epoch 76][Step 150/670] Loss: 1.2126 | Acc_t2c: 0.801 | Acc_c2t: 0.812 | Temp: 0.0592 | LR: 5.01e-05
2026-02-07 14:26:16 [INFO] src.training.train_clop: [Epoch 76][Step 200/670] Loss: 1.2831 | Acc_t2c: 0.797 | Acc_c2t: 0.777 | Temp: 0.0594 | LR: 4.98e-05
2026-02-07 14:26:17 [INFO] src.training.train_clop: [Epoch 76][Step 250/670] Loss: 1.2449 | Acc_t2c: 0.816 | Acc_c2t: 0.824 | Temp: 0.0594 | LR: 4.96e-05
2026-02-07 14:26:17 [INFO] src.training.train_clop: [Epoch 76][Step 300/670] Loss: 1.2820 | Acc_t2c: 0.781 | Acc_c2t: 0.785 | Temp: 0.0593 | LR: 4.93e-05
2026-02-07 14:26:17 [INFO] src.training.train_clop: [Epoch 76][Step 350/670] Loss: 1.2723 | Acc_t2c: 0.805 | Acc_c2t: 0.812 | Temp: 0.0593 | LR: 4.90e-05
2026-02-07 14:26:17 [INFO] src.training.train_clop: [Epoch 76][Step 400/670] Loss: 1.2679 | Acc_t2c: 0.777 | Acc_c2t: 0.781 | Temp: 0.0592 | LR: 4.88e-05
2026-02-07 14:26:17 [INFO] src.training.train_clop: [Epoch 76][Step 450/670] Loss: 1.2592 | Acc_t2c: 0.797 | Acc_c2t: 0.801 | Temp: 0.0590 | LR: 4.85e-05
2026-02-07 14:26:18 [INFO] src.training.train_clop: [Epoch 76][Step 500/670] Loss: 1.2223 | Acc_t2c: 0.824 | Acc_c2t: 0.840 | Temp: 0.0593 | LR: 4.83e-05
2026-02-07 14:26:18 [INFO] src.training.train_clop: [Epoch 76][Step 550/670] Loss: 1.1704 | Acc_t2c: 0.863 | Acc_c2t: 0.867 | Temp: 0.0593 | LR: 4.80e-05
2026-02-07 14:26:18 [INFO] src.training.train_clop: [Epoch 76][Step 600/670] Loss: 1.3139 | Acc_t2c: 0.781 | Acc_c2t: 0.770 | Temp: 0.0592 | LR: 4.77e-05
2026-02-07 14:26:18 [INFO] src.training.train_clop: [Epoch 76][Step 650/670] Loss: 1.2061 | Acc_t2c: 0.848 | Acc_c2t: 0.840 | Temp: 0.0593 | LR: 4.75e-05
2026-02-07 14:26:18 [INFO] src.training.train_clop: 
============================================================
Epoch 76/100 (2.5s)
  Train Loss: 1.2370
  Val   Loss: 1.3171
  Val   Acc:  0.789
============================================================
2026-02-07 14:26:18 [INFO] src.training.train_clop:   ✓ New best model saved (val_loss=1.3171)
2026-02-07 14:26:18 [INFO] src.training.train_clop: [Epoch 77][Step 0/670] Loss: 1.2080 | Acc_t2c: 0.812 | Acc_c2t: 0.793 | Temp: 0.0594 | LR: 4.74e-05
2026-02-07 14:26:19 [INFO] src.training.train_clop: [Epoch 77][Step 50/670] Loss: 1.1869 | Acc_t2c: 0.848 | Acc_c2t: 0.844 | Temp: 0.0593 | LR: 4.71e-05
2026-02-07 14:26:19 [INFO] src.training.train_clop: [Epoch 77][Step 100/670] Loss: 1.3046 | Acc_t2c: 0.758 | Acc_c2t: 0.770 | Temp: 0.0594 | LR: 4.68e-05
2026-02-07 14:26:19 [INFO] src.training.train_clop: [Epoch 77][Step 150/670] Loss: 1.2549 | Acc_t2c: 0.801 | Acc_c2t: 0.773 | Temp: 0.0592 | LR: 4.66e-05
2026-02-07 14:26:19 [INFO] src.training.train_clop: [Epoch 77][Step 200/670] Loss: 1.1993 | Acc_t2c: 0.832 | Acc_c2t: 0.855 | Temp: 0.0591 | LR: 4.63e-05
2026-02-07 14:26:19 [INFO] src.training.train_clop: [Epoch 77][Step 250/670] Loss: 1.2421 | Acc_t2c: 0.805 | Acc_c2t: 0.781 | Temp: 0.0592 | LR: 4.61e-05
2026-02-07 14:26:19 [INFO] src.training.train_clop: [Epoch 77][Step 300/670] Loss: 1.2007 | Acc_t2c: 0.836 | Acc_c2t: 0.812 | Temp: 0.0592 | LR: 4.58e-05
2026-02-07 14:26:19 [INFO] src.training.train_clop: [Epoch 77][Step 350/670] Loss: 1.2434 | Acc_t2c: 0.809 | Acc_c2t: 0.789 | Temp: 0.0592 | LR: 4.55e-05
2026-02-07 14:26:20 [INFO] src.training.train_clop: [Epoch 77][Step 400/670] Loss: 1.2957 | Acc_t2c: 0.793 | Acc_c2t: 0.789 | Temp: 0.0591 | LR: 4.53e-05
2026-02-07 14:26:20 [INFO] src.training.train_clop: [Epoch 77][Step 450/670] Loss: 1.2062 | Acc_t2c: 0.805 | Acc_c2t: 0.816 | Temp: 0.0593 | LR: 4.50e-05
2026-02-07 14:26:20 [INFO] src.training.train_clop: [Epoch 77][Step 500/670] Loss: 1.2408 | Acc_t2c: 0.816 | Acc_c2t: 0.805 | Temp: 0.0591 | LR: 4.48e-05
2026-02-07 14:26:20 [INFO] src.training.train_clop: [Epoch 77][Step 550/670] Loss: 1.2280 | Acc_t2c: 0.809 | Acc_c2t: 0.816 | Temp: 0.0592 | LR: 4.45e-05
2026-02-07 14:26:20 [INFO] src.training.train_clop: [Epoch 77][Step 600/670] Loss: 1.1814 | Acc_t2c: 0.863 | Acc_c2t: 0.848 | Temp: 0.0591 | LR: 4.43e-05
2026-02-07 14:26:20 [INFO] src.training.train_clop: [Epoch 77][Step 650/670] Loss: 1.2312 | Acc_t2c: 0.812 | Acc_c2t: 0.789 | Temp: 0.0591 | LR: 4.40e-05
2026-02-07 14:26:21 [INFO] src.training.train_clop: 
============================================================
Epoch 77/100 (2.2s)
  Train Loss: 1.2364
  Val   Loss: 1.3189
  Val   Acc:  0.789
============================================================
2026-02-07 14:26:21 [INFO] src.training.train_clop: [Epoch 78][Step 0/670] Loss: 1.2018 | Acc_t2c: 0.863 | Acc_c2t: 0.859 | Temp: 0.0590 | LR: 4.39e-05
2026-02-07 14:26:21 [INFO] src.training.train_clop: [Epoch 78][Step 50/670] Loss: 1.2785 | Acc_t2c: 0.801 | Acc_c2t: 0.793 | Temp: 0.0591 | LR: 4.37e-05
2026-02-07 14:26:21 [INFO] src.training.train_clop: [Epoch 78][Step 100/670] Loss: 1.2685 | Acc_t2c: 0.797 | Acc_c2t: 0.781 | Temp: 0.0592 | LR: 4.34e-05
2026-02-07 14:26:21 [INFO] src.training.train_clop: [Epoch 78][Step 150/670] Loss: 1.2025 | Acc_t2c: 0.844 | Acc_c2t: 0.848 | Temp: 0.0592 | LR: 4.32e-05
2026-02-07 14:26:21 [INFO] src.training.train_clop: [Epoch 78][Step 200/670] Loss: 1.2428 | Acc_t2c: 0.812 | Acc_c2t: 0.777 | Temp: 0.0592 | LR: 4.29e-05
2026-02-07 14:26:22 [INFO] src.training.train_clop: [Epoch 78][Step 250/670] Loss: 1.2372 | Acc_t2c: 0.816 | Acc_c2t: 0.824 | Temp: 0.0592 | LR: 4.27e-05
2026-02-07 14:26:22 [INFO] src.training.train_clop: [Epoch 78][Step 300/670] Loss: 1.2115 | Acc_t2c: 0.820 | Acc_c2t: 0.809 | Temp: 0.0591 | LR: 4.24e-05
2026-02-07 14:26:22 [INFO] src.training.train_clop: [Epoch 78][Step 350/670] Loss: 1.1974 | Acc_t2c: 0.828 | Acc_c2t: 0.820 | Temp: 0.0592 | LR: 4.22e-05
2026-02-07 14:26:22 [INFO] src.training.train_clop: [Epoch 78][Step 400/670] Loss: 1.2266 | Acc_t2c: 0.812 | Acc_c2t: 0.824 | Temp: 0.0590 | LR: 4.19e-05
2026-02-07 14:26:22 [INFO] src.training.train_clop: [Epoch 78][Step 450/670] Loss: 1.2401 | Acc_t2c: 0.801 | Acc_c2t: 0.793 | Temp: 0.0590 | LR: 4.17e-05
2026-02-07 14:26:23 [INFO] src.training.train_clop: [Epoch 78][Step 500/670] Loss: 1.3057 | Acc_t2c: 0.762 | Acc_c2t: 0.746 | Temp: 0.0591 | LR: 4.14e-05
2026-02-07 14:26:23 [INFO] src.training.train_clop: [Epoch 78][Step 550/670] Loss: 1.2745 | Acc_t2c: 0.801 | Acc_c2t: 0.789 | Temp: 0.0591 | LR: 4.12e-05
2026-02-07 14:26:23 [INFO] src.training.train_clop: [Epoch 78][Step 600/670] Loss: 1.2828 | Acc_t2c: 0.781 | Acc_c2t: 0.770 | Temp: 0.0590 | LR: 4.09e-05
2026-02-07 14:26:23 [INFO] src.training.train_clop: [Epoch 78][Step 650/670] Loss: 1.3069 | Acc_t2c: 0.781 | Acc_c2t: 0.754 | Temp: 0.0591 | LR: 4.07e-05
2026-02-07 14:26:23 [INFO] src.training.train_clop: 
============================================================
Epoch 78/100 (2.7s)
  Train Loss: 1.2357
  Val   Loss: 1.3171
  Val   Acc:  0.788
============================================================
2026-02-07 14:26:23 [INFO] src.training.train_clop: [Epoch 79][Step 0/670] Loss: 1.2131 | Acc_t2c: 0.832 | Acc_c2t: 0.824 | Temp: 0.0591 | LR: 4.06e-05
2026-02-07 14:26:23 [INFO] src.training.train_clop: [Epoch 79][Step 50/670] Loss: 1.1930 | Acc_t2c: 0.848 | Acc_c2t: 0.801 | Temp: 0.0592 | LR: 4.03e-05
2026-02-07 14:26:24 [INFO] src.training.train_clop: [Epoch 79][Step 100/670] Loss: 1.1943 | Acc_t2c: 0.836 | Acc_c2t: 0.824 | Temp: 0.0590 | LR: 4.01e-05
2026-02-07 14:26:24 [INFO] src.training.train_clop: [Epoch 79][Step 150/670] Loss: 1.2852 | Acc_t2c: 0.773 | Acc_c2t: 0.762 | Temp: 0.0592 | LR: 3.99e-05
2026-02-07 14:26:24 [INFO] src.training.train_clop: [Epoch 79][Step 200/670] Loss: 1.2324 | Acc_t2c: 0.809 | Acc_c2t: 0.809 | Temp: 0.0591 | LR: 3.96e-05
2026-02-07 14:26:24 [INFO] src.training.train_clop: [Epoch 79][Step 250/670] Loss: 1.2393 | Acc_t2c: 0.816 | Acc_c2t: 0.836 | Temp: 0.0592 | LR: 3.94e-05
2026-02-07 14:26:24 [INFO] src.training.train_clop: [Epoch 79][Step 300/670] Loss: 1.1315 | Acc_t2c: 0.879 | Acc_c2t: 0.875 | Temp: 0.0590 | LR: 3.91e-05
2026-02-07 14:26:24 [INFO] src.training.train_clop: [Epoch 79][Step 350/670] Loss: 1.2261 | Acc_t2c: 0.824 | Acc_c2t: 0.848 | Temp: 0.0591 | LR: 3.89e-05
2026-02-07 14:26:25 [INFO] src.training.train_clop: [Epoch 79][Step 400/670] Loss: 1.2487 | Acc_t2c: 0.801 | Acc_c2t: 0.793 | Temp: 0.0590 | LR: 3.87e-05
2026-02-07 14:26:25 [INFO] src.training.train_clop: [Epoch 79][Step 450/670] Loss: 1.2943 | Acc_t2c: 0.809 | Acc_c2t: 0.766 | Temp: 0.0592 | LR: 3.84e-05
2026-02-07 14:26:25 [INFO] src.training.train_clop: [Epoch 79][Step 500/670] Loss: 1.2267 | Acc_t2c: 0.832 | Acc_c2t: 0.828 | Temp: 0.0590 | LR: 3.82e-05
2026-02-07 14:26:25 [INFO] src.training.train_clop: [Epoch 79][Step 550/670] Loss: 1.2480 | Acc_t2c: 0.816 | Acc_c2t: 0.793 | Temp: 0.0591 | LR: 3.80e-05
2026-02-07 14:26:25 [INFO] src.training.train_clop: [Epoch 79][Step 600/670] Loss: 1.1938 | Acc_t2c: 0.824 | Acc_c2t: 0.820 | Temp: 0.0591 | LR: 3.77e-05
2026-02-07 14:26:25 [INFO] src.training.train_clop: [Epoch 79][Step 650/670] Loss: 1.1849 | Acc_t2c: 0.867 | Acc_c2t: 0.859 | Temp: 0.0591 | LR: 3.75e-05
2026-02-07 14:26:25 [INFO] src.training.train_clop: 
============================================================
Epoch 79/100 (2.2s)
  Train Loss: 1.2354
  Val   Loss: 1.3167
  Val   Acc:  0.789
============================================================
2026-02-07 14:26:26 [INFO] src.training.train_clop:   ✓ New best model saved (val_loss=1.3167)
2026-02-07 14:26:26 [INFO] src.training.train_clop: [Epoch 80][Step 0/670] Loss: 1.2511 | Acc_t2c: 0.797 | Acc_c2t: 0.809 | Temp: 0.0591 | LR: 3.74e-05
2026-02-07 14:26:26 [INFO] src.training.train_clop: [Epoch 80][Step 50/670] Loss: 1.2490 | Acc_t2c: 0.785 | Acc_c2t: 0.785 | Temp: 0.0592 | LR: 3.72e-05
2026-02-07 14:26:26 [INFO] src.training.train_clop: [Epoch 80][Step 100/670] Loss: 1.2390 | Acc_t2c: 0.824 | Acc_c2t: 0.785 | Temp: 0.0592 | LR: 3.69e-05
2026-02-07 14:26:26 [INFO] src.training.train_clop: [Epoch 80][Step 150/670] Loss: 1.2263 | Acc_t2c: 0.836 | Acc_c2t: 0.816 | Temp: 0.0591 | LR: 3.67e-05
2026-02-07 14:26:26 [INFO] src.training.train_clop: [Epoch 80][Step 200/670] Loss: 1.2811 | Acc_t2c: 0.793 | Acc_c2t: 0.793 | Temp: 0.0591 | LR: 3.65e-05
2026-02-07 14:26:26 [INFO] src.training.train_clop: [Epoch 80][Step 250/670] Loss: 1.2089 | Acc_t2c: 0.836 | Acc_c2t: 0.812 | Temp: 0.0591 | LR: 3.62e-05
2026-02-07 14:26:26 [INFO] src.training.train_clop: [Epoch 80][Step 300/670] Loss: 1.2282 | Acc_t2c: 0.816 | Acc_c2t: 0.805 | Temp: 0.0591 | LR: 3.60e-05
2026-02-07 14:26:27 [INFO] src.training.train_clop: [Epoch 80][Step 350/670] Loss: 1.2047 | Acc_t2c: 0.840 | Acc_c2t: 0.832 | Temp: 0.0592 | LR: 3.58e-05
2026-02-07 14:26:27 [INFO] src.training.train_clop: [Epoch 80][Step 400/670] Loss: 1.2104 | Acc_t2c: 0.812 | Acc_c2t: 0.836 | Temp: 0.0590 | LR: 3.55e-05
2026-02-07 14:26:27 [INFO] src.training.train_clop: [Epoch 80][Step 450/670] Loss: 1.2409 | Acc_t2c: 0.820 | Acc_c2t: 0.840 | Temp: 0.0590 | LR: 3.53e-05
2026-02-07 14:26:27 [INFO] src.training.train_clop: [Epoch 80][Step 500/670] Loss: 1.2018 | Acc_t2c: 0.832 | Acc_c2t: 0.828 | Temp: 0.0590 | LR: 3.51e-05
2026-02-07 14:26:27 [INFO] src.training.train_clop: [Epoch 80][Step 550/670] Loss: 1.2386 | Acc_t2c: 0.809 | Acc_c2t: 0.828 | Temp: 0.0591 | LR: 3.49e-05
2026-02-07 14:26:27 [INFO] src.training.train_clop: [Epoch 80][Step 600/670] Loss: 1.2355 | Acc_t2c: 0.809 | Acc_c2t: 0.773 | Temp: 0.0590 | LR: 3.46e-05
2026-02-07 14:26:28 [INFO] src.training.train_clop: [Epoch 80][Step 650/670] Loss: 1.2313 | Acc_t2c: 0.816 | Acc_c2t: 0.809 | Temp: 0.0591 | LR: 3.44e-05
2026-02-07 14:26:28 [INFO] src.training.train_clop: 
============================================================
Epoch 80/100 (2.3s)
  Train Loss: 1.2358
  Val   Loss: 1.3174
  Val   Acc:  0.789
============================================================
2026-02-07 14:26:28 [INFO] src.training.train_clop: [Epoch 81][Step 0/670] Loss: 1.2413 | Acc_t2c: 0.801 | Acc_c2t: 0.785 | Temp: 0.0590 | LR: 3.43e-05
2026-02-07 14:26:28 [INFO] src.training.train_clop: [Epoch 81][Step 50/670] Loss: 1.2541 | Acc_t2c: 0.797 | Acc_c2t: 0.793 | Temp: 0.0591 | LR: 3.41e-05
2026-02-07 14:26:28 [INFO] src.training.train_clop: [Epoch 81][Step 100/670] Loss: 1.2822 | Acc_t2c: 0.777 | Acc_c2t: 0.766 | Temp: 0.0591 | LR: 3.39e-05
2026-02-07 14:26:28 [INFO] src.training.train_clop: [Epoch 81][Step 150/670] Loss: 1.2339 | Acc_t2c: 0.816 | Acc_c2t: 0.828 | Temp: 0.0591 | LR: 3.36e-05
2026-02-07 14:26:29 [INFO] src.training.train_clop: [Epoch 81][Step 200/670] Loss: 1.2281 | Acc_t2c: 0.812 | Acc_c2t: 0.809 | Temp: 0.0590 | LR: 3.34e-05
2026-02-07 14:26:29 [INFO] src.training.train_clop: [Epoch 81][Step 250/670] Loss: 1.2448 | Acc_t2c: 0.820 | Acc_c2t: 0.832 | Temp: 0.0590 | LR: 3.32e-05
2026-02-07 14:26:29 [INFO] src.training.train_clop: [Epoch 81][Step 300/670] Loss: 1.2544 | Acc_t2c: 0.797 | Acc_c2t: 0.820 | Temp: 0.0591 | LR: 3.30e-05
2026-02-07 14:26:29 [INFO] src.training.train_clop: [Epoch 81][Step 350/670] Loss: 1.2124 | Acc_t2c: 0.824 | Acc_c2t: 0.812 | Temp: 0.0589 | LR: 3.28e-05
2026-02-07 14:26:29 [INFO] src.training.train_clop: [Epoch 81][Step 400/670] Loss: 1.2561 | Acc_t2c: 0.797 | Acc_c2t: 0.801 | Temp: 0.0591 | LR: 3.25e-05
2026-02-07 14:26:30 [INFO] src.training.train_clop: [Epoch 81][Step 450/670] Loss: 1.2349 | Acc_t2c: 0.801 | Acc_c2t: 0.805 | Temp: 0.0590 | LR: 3.23e-05
2026-02-07 14:26:30 [INFO] src.training.train_clop: [Epoch 81][Step 500/670] Loss: 1.2555 | Acc_t2c: 0.801 | Acc_c2t: 0.793 | Temp: 0.0589 | LR: 3.21e-05
2026-02-07 14:26:30 [INFO] src.training.train_clop: [Epoch 81][Step 550/670] Loss: 1.1769 | Acc_t2c: 0.848 | Acc_c2t: 0.852 | Temp: 0.0590 | LR: 3.19e-05
2026-02-07 14:26:30 [INFO] src.training.train_clop: [Epoch 81][Step 600/670] Loss: 1.2282 | Acc_t2c: 0.812 | Acc_c2t: 0.801 | Temp: 0.0590 | LR: 3.17e-05
2026-02-07 14:26:30 [INFO] src.training.train_clop: [Epoch 81][Step 650/670] Loss: 1.2467 | Acc_t2c: 0.812 | Acc_c2t: 0.812 | Temp: 0.0590 | LR: 3.14e-05
2026-02-07 14:26:30 [INFO] src.training.train_clop: 
============================================================
Epoch 81/100 (2.6s)
  Train Loss: 1.2350
  Val   Loss: 1.3167
  Val   Acc:  0.789
============================================================
2026-02-07 14:26:30 [INFO] src.training.train_clop: [Epoch 82][Step 0/670] Loss: 1.2212 | Acc_t2c: 0.832 | Acc_c2t: 0.832 | Temp: 0.0590 | LR: 3.14e-05
2026-02-07 14:26:31 [INFO] src.training.train_clop: [Epoch 82][Step 50/670] Loss: 1.1908 | Acc_t2c: 0.844 | Acc_c2t: 0.855 | Temp: 0.0591 | LR: 3.11e-05
2026-02-07 14:26:31 [INFO] src.training.train_clop: [Epoch 82][Step 100/670] Loss: 1.2111 | Acc_t2c: 0.820 | Acc_c2t: 0.809 | Temp: 0.0590 | LR: 3.09e-05
2026-02-07 14:26:31 [INFO] src.training.train_clop: [Epoch 82][Step 150/670] Loss: 1.2690 | Acc_t2c: 0.812 | Acc_c2t: 0.816 | Temp: 0.0590 | LR: 3.07e-05
2026-02-07 14:26:31 [INFO] src.training.train_clop: [Epoch 82][Step 200/670] Loss: 1.2438 | Acc_t2c: 0.828 | Acc_c2t: 0.820 | Temp: 0.0590 | LR: 3.05e-05
2026-02-07 14:26:31 [INFO] src.training.train_clop: [Epoch 82][Step 250/670] Loss: 1.2376 | Acc_t2c: 0.801 | Acc_c2t: 0.812 | Temp: 0.0590 | LR: 3.03e-05
2026-02-07 14:26:31 [INFO] src.training.train_clop: [Epoch 82][Step 300/670] Loss: 1.2839 | Acc_t2c: 0.793 | Acc_c2t: 0.770 | Temp: 0.0590 | LR: 3.01e-05
2026-02-07 14:26:32 [INFO] src.training.train_clop: [Epoch 82][Step 350/670] Loss: 1.2518 | Acc_t2c: 0.812 | Acc_c2t: 0.793 | Temp: 0.0589 | LR: 2.99e-05
2026-02-07 14:26:32 [INFO] src.training.train_clop: [Epoch 82][Step 400/670] Loss: 1.2136 | Acc_t2c: 0.852 | Acc_c2t: 0.832 | Temp: 0.0590 | LR: 2.97e-05
2026-02-07 14:26:32 [INFO] src.training.train_clop: [Epoch 82][Step 450/670] Loss: 1.2475 | Acc_t2c: 0.797 | Acc_c2t: 0.789 | Temp: 0.0589 | LR: 2.94e-05
2026-02-07 14:26:32 [INFO] src.training.train_clop: [Epoch 82][Step 500/670] Loss: 1.2435 | Acc_t2c: 0.812 | Acc_c2t: 0.789 | Temp: 0.0588 | LR: 2.92e-05
2026-02-07 14:26:32 [INFO] src.training.train_clop: [Epoch 82][Step 550/670] Loss: 1.2188 | Acc_t2c: 0.824 | Acc_c2t: 0.824 | Temp: 0.0588 | LR: 2.90e-05
2026-02-07 14:26:32 [INFO] src.training.train_clop: [Epoch 82][Step 600/670] Loss: 1.1904 | Acc_t2c: 0.844 | Acc_c2t: 0.848 | Temp: 0.0589 | LR: 2.88e-05
2026-02-07 14:26:33 [INFO] src.training.train_clop: [Epoch 82][Step 650/670] Loss: 1.2306 | Acc_t2c: 0.832 | Acc_c2t: 0.809 | Temp: 0.0590 | LR: 2.86e-05
2026-02-07 14:26:33 [INFO] src.training.train_clop: 
============================================================
Epoch 82/100 (2.3s)
  Train Loss: 1.2329
  Val   Loss: 1.3168
  Val   Acc:  0.789
============================================================
2026-02-07 14:26:33 [INFO] src.training.train_clop: [Epoch 83][Step 0/670] Loss: 1.2449 | Acc_t2c: 0.816 | Acc_c2t: 0.805 | Temp: 0.0590 | LR: 2.85e-05
2026-02-07 14:26:33 [INFO] src.training.train_clop: [Epoch 83][Step 50/670] Loss: 1.2705 | Acc_t2c: 0.797 | Acc_c2t: 0.789 | Temp: 0.0590 | LR: 2.83e-05
2026-02-07 14:26:33 [INFO] src.training.train_clop: [Epoch 83][Step 100/670] Loss: 1.2040 | Acc_t2c: 0.848 | Acc_c2t: 0.848 | Temp: 0.0590 | LR: 2.81e-05
2026-02-07 14:26:33 [INFO] src.training.train_clop: [Epoch 83][Step 150/670] Loss: 1.2654 | Acc_t2c: 0.812 | Acc_c2t: 0.770 | Temp: 0.0590 | LR: 2.79e-05
2026-02-07 14:26:33 [INFO] src.training.train_clop: [Epoch 83][Step 200/670] Loss: 1.2470 | Acc_t2c: 0.809 | Acc_c2t: 0.805 | Temp: 0.0590 | LR: 2.77e-05
2026-02-07 14:26:34 [INFO] src.training.train_clop: [Epoch 83][Step 250/670] Loss: 1.2433 | Acc_t2c: 0.773 | Acc_c2t: 0.785 | Temp: 0.0590 | LR: 2.75e-05
2026-02-07 14:26:34 [INFO] src.training.train_clop: [Epoch 83][Step 300/670] Loss: 1.2573 | Acc_t2c: 0.785 | Acc_c2t: 0.793 | Temp: 0.0588 | LR: 2.73e-05
2026-02-07 14:26:34 [INFO] src.training.train_clop: [Epoch 83][Step 350/670] Loss: 1.3147 | Acc_t2c: 0.770 | Acc_c2t: 0.770 | Temp: 0.0589 | LR: 2.71e-05
2026-02-07 14:26:34 [INFO] src.training.train_clop: [Epoch 83][Step 400/670] Loss: 1.1962 | Acc_t2c: 0.844 | Acc_c2t: 0.828 | Temp: 0.0589 | LR: 2.69e-05
2026-02-07 14:26:34 [INFO] src.training.train_clop: [Epoch 83][Step 450/670] Loss: 1.2864 | Acc_t2c: 0.770 | Acc_c2t: 0.789 | Temp: 0.0588 | LR: 2.67e-05
2026-02-07 14:26:34 [INFO] src.training.train_clop: [Epoch 83][Step 500/670] Loss: 1.2509 | Acc_t2c: 0.781 | Acc_c2t: 0.785 | Temp: 0.0590 | LR: 2.65e-05
2026-02-07 14:26:35 [INFO] src.training.train_clop: [Epoch 83][Step 550/670] Loss: 1.2502 | Acc_t2c: 0.809 | Acc_c2t: 0.793 | Temp: 0.0590 | LR: 2.63e-05
2026-02-07 14:26:35 [INFO] src.training.train_clop: [Epoch 83][Step 600/670] Loss: 1.2102 | Acc_t2c: 0.809 | Acc_c2t: 0.793 | Temp: 0.0588 | LR: 2.61e-05
2026-02-07 14:26:35 [INFO] src.training.train_clop: [Epoch 83][Step 650/670] Loss: 1.2224 | Acc_t2c: 0.820 | Acc_c2t: 0.820 | Temp: 0.0590 | LR: 2.59e-05
2026-02-07 14:26:35 [INFO] src.training.train_clop: 
============================================================
Epoch 83/100 (2.3s)
  Train Loss: 1.2329
  Val   Loss: 1.3150
  Val   Acc:  0.789
============================================================
2026-02-07 14:26:35 [INFO] src.training.train_clop:   ✓ New best model saved (val_loss=1.3150)
2026-02-07 14:26:35 [INFO] src.training.train_clop: [Epoch 84][Step 0/670] Loss: 1.2462 | Acc_t2c: 0.816 | Acc_c2t: 0.781 | Temp: 0.0591 | LR: 2.59e-05
2026-02-07 14:26:35 [INFO] src.training.train_clop: [Epoch 84][Step 50/670] Loss: 1.1942 | Acc_t2c: 0.848 | Acc_c2t: 0.824 | Temp: 0.0589 | LR: 2.57e-05
2026-02-07 14:26:35 [INFO] src.training.train_clop: [Epoch 84][Step 100/670] Loss: 1.2186 | Acc_t2c: 0.816 | Acc_c2t: 0.816 | Temp: 0.0589 | LR: 2.55e-05
2026-02-07 14:26:36 [INFO] src.training.train_clop: [Epoch 84][Step 150/670] Loss: 1.3127 | Acc_t2c: 0.785 | Acc_c2t: 0.766 | Temp: 0.0589 | LR: 2.53e-05
2026-02-07 14:26:36 [INFO] src.training.train_clop: [Epoch 84][Step 200/670] Loss: 1.2137 | Acc_t2c: 0.824 | Acc_c2t: 0.816 | Temp: 0.0589 | LR: 2.51e-05
2026-02-07 14:26:36 [INFO] src.training.train_clop: [Epoch 84][Step 250/670] Loss: 1.2267 | Acc_t2c: 0.809 | Acc_c2t: 0.789 | Temp: 0.0590 | LR: 2.49e-05
2026-02-07 14:26:36 [INFO] src.training.train_clop: [Epoch 84][Step 300/670] Loss: 1.2076 | Acc_t2c: 0.824 | Acc_c2t: 0.820 | Temp: 0.0589 | LR: 2.47e-05
2026-02-07 14:26:36 [INFO] src.training.train_clop: [Epoch 84][Step 350/670] Loss: 1.2153 | Acc_t2c: 0.840 | Acc_c2t: 0.836 | Temp: 0.0589 | LR: 2.45e-05
2026-02-07 14:26:36 [INFO] src.training.train_clop: [Epoch 84][Step 400/670] Loss: 1.2729 | Acc_t2c: 0.777 | Acc_c2t: 0.789 | Temp: 0.0589 | LR: 2.43e-05
2026-02-07 14:26:37 [INFO] src.training.train_clop: [Epoch 84][Step 450/670] Loss: 1.2532 | Acc_t2c: 0.809 | Acc_c2t: 0.781 | Temp: 0.0589 | LR: 2.41e-05
2026-02-07 14:26:37 [INFO] src.training.train_clop: [Epoch 84][Step 500/670] Loss: 1.2711 | Acc_t2c: 0.797 | Acc_c2t: 0.793 | Temp: 0.0589 | LR: 2.39e-05
2026-02-07 14:26:37 [INFO] src.training.train_clop: [Epoch 84][Step 550/670] Loss: 1.2767 | Acc_t2c: 0.793 | Acc_c2t: 0.785 | Temp: 0.0589 | LR: 2.37e-05
2026-02-07 14:26:37 [INFO] src.training.train_clop: [Epoch 84][Step 600/670] Loss: 1.2379 | Acc_t2c: 0.824 | Acc_c2t: 0.812 | Temp: 0.0588 | LR: 2.36e-05
2026-02-07 14:26:37 [INFO] src.training.train_clop: [Epoch 84][Step 650/670] Loss: 1.2778 | Acc_t2c: 0.805 | Acc_c2t: 0.789 | Temp: 0.0588 | LR: 2.34e-05
2026-02-07 14:26:37 [INFO] src.training.train_clop: 
============================================================
Epoch 84/100 (2.2s)
  Train Loss: 1.2337
  Val   Loss: 1.3163
  Val   Acc:  0.789
============================================================
2026-02-07 14:26:37 [INFO] src.training.train_clop: [Epoch 85][Step 0/670] Loss: 1.2116 | Acc_t2c: 0.805 | Acc_c2t: 0.816 | Temp: 0.0588 | LR: 2.33e-05
2026-02-07 14:26:37 [INFO] src.training.train_clop: [Epoch 85][Step 50/670] Loss: 1.2527 | Acc_t2c: 0.801 | Acc_c2t: 0.777 | Temp: 0.0589 | LR: 2.31e-05
2026-02-07 14:26:38 [INFO] src.training.train_clop: [Epoch 85][Step 100/670] Loss: 1.2431 | Acc_t2c: 0.801 | Acc_c2t: 0.801 | Temp: 0.0590 | LR: 2.29e-05
2026-02-07 14:26:38 [INFO] src.training.train_clop: [Epoch 85][Step 150/670] Loss: 1.2477 | Acc_t2c: 0.809 | Acc_c2t: 0.801 | Temp: 0.0589 | LR: 2.28e-05
2026-02-07 14:26:38 [INFO] src.training.train_clop: [Epoch 85][Step 200/670] Loss: 1.2528 | Acc_t2c: 0.789 | Acc_c2t: 0.797 | Temp: 0.0589 | LR: 2.26e-05
2026-02-07 14:26:38 [INFO] src.training.train_clop: [Epoch 85][Step 250/670] Loss: 1.2128 | Acc_t2c: 0.828 | Acc_c2t: 0.773 | Temp: 0.0589 | LR: 2.24e-05
2026-02-07 14:26:38 [INFO] src.training.train_clop: [Epoch 85][Step 300/670] Loss: 1.2217 | Acc_t2c: 0.832 | Acc_c2t: 0.816 | Temp: 0.0590 | LR: 2.22e-05
2026-02-07 14:26:38 [INFO] src.training.train_clop: [Epoch 85][Step 350/670] Loss: 1.2303 | Acc_t2c: 0.820 | Acc_c2t: 0.816 | Temp: 0.0589 | LR: 2.20e-05
2026-02-07 14:26:39 [INFO] src.training.train_clop: [Epoch 85][Step 400/670] Loss: 1.2356 | Acc_t2c: 0.820 | Acc_c2t: 0.801 | Temp: 0.0589 | LR: 2.18e-05
2026-02-07 14:26:39 [INFO] src.training.train_clop: [Epoch 85][Step 450/670] Loss: 1.2349 | Acc_t2c: 0.828 | Acc_c2t: 0.832 | Temp: 0.0588 | LR: 2.17e-05
2026-02-07 14:26:39 [INFO] src.training.train_clop: [Epoch 85][Step 500/670] Loss: 1.2252 | Acc_t2c: 0.809 | Acc_c2t: 0.816 | Temp: 0.0589 | LR: 2.15e-05
2026-02-07 14:26:39 [INFO] src.training.train_clop: [Epoch 85][Step 550/670] Loss: 1.2152 | Acc_t2c: 0.832 | Acc_c2t: 0.836 | Temp: 0.0588 | LR: 2.13e-05
2026-02-07 14:26:39 [INFO] src.training.train_clop: [Epoch 85][Step 600/670] Loss: 1.2707 | Acc_t2c: 0.781 | Acc_c2t: 0.766 | Temp: 0.0588 | LR: 2.11e-05
2026-02-07 14:26:39 [INFO] src.training.train_clop: [Epoch 85][Step 650/670] Loss: 1.1824 | Acc_t2c: 0.863 | Acc_c2t: 0.875 | Temp: 0.0589 | LR: 2.10e-05
2026-02-07 14:26:39 [INFO] src.training.train_clop: 
============================================================
Epoch 85/100 (2.1s)
  Train Loss: 1.2336
  Val   Loss: 1.3151
  Val   Acc:  0.789
============================================================
2026-02-07 14:26:39 [INFO] src.training.train_clop: [Epoch 86][Step 0/670] Loss: 1.2918 | Acc_t2c: 0.781 | Acc_c2t: 0.746 | Temp: 0.0589 | LR: 2.09e-05
2026-02-07 14:26:40 [INFO] src.training.train_clop: [Epoch 86][Step 50/670] Loss: 1.2684 | Acc_t2c: 0.785 | Acc_c2t: 0.781 | Temp: 0.0589 | LR: 2.07e-05
2026-02-07 14:26:40 [INFO] src.training.train_clop: [Epoch 86][Step 100/670] Loss: 1.2055 | Acc_t2c: 0.824 | Acc_c2t: 0.809 | Temp: 0.0589 | LR: 2.05e-05
2026-02-07 14:26:40 [INFO] src.training.train_clop: [Epoch 86][Step 150/670] Loss: 1.2616 | Acc_t2c: 0.805 | Acc_c2t: 0.793 | Temp: 0.0589 | LR: 2.04e-05
2026-02-07 14:26:40 [INFO] src.training.train_clop: [Epoch 86][Step 200/670] Loss: 1.2540 | Acc_t2c: 0.793 | Acc_c2t: 0.793 | Temp: 0.0588 | LR: 2.02e-05
2026-02-07 14:26:40 [INFO] src.training.train_clop: [Epoch 86][Step 250/670] Loss: 1.2437 | Acc_t2c: 0.805 | Acc_c2t: 0.812 | Temp: 0.0588 | LR: 2.00e-05
2026-02-07 14:26:40 [INFO] src.training.train_clop: [Epoch 86][Step 300/670] Loss: 1.2308 | Acc_t2c: 0.824 | Acc_c2t: 0.812 | Temp: 0.0588 | LR: 1.99e-05
2026-02-07 14:26:41 [INFO] src.training.train_clop: [Epoch 86][Step 350/670] Loss: 1.2001 | Acc_t2c: 0.844 | Acc_c2t: 0.824 | Temp: 0.0589 | LR: 1.97e-05
2026-02-07 14:26:41 [INFO] src.training.train_clop: [Epoch 86][Step 400/670] Loss: 1.2487 | Acc_t2c: 0.797 | Acc_c2t: 0.805 | Temp: 0.0588 | LR: 1.95e-05
2026-02-07 14:26:41 [INFO] src.training.train_clop: [Epoch 86][Step 450/670] Loss: 1.2062 | Acc_t2c: 0.828 | Acc_c2t: 0.836 | Temp: 0.0588 | LR: 1.94e-05
2026-02-07 14:26:41 [INFO] src.training.train_clop: [Epoch 86][Step 500/670] Loss: 1.2746 | Acc_t2c: 0.785 | Acc_c2t: 0.793 | Temp: 0.0588 | LR: 1.92e-05
2026-02-07 14:26:41 [INFO] src.training.train_clop: [Epoch 86][Step 550/670] Loss: 1.2326 | Acc_t2c: 0.812 | Acc_c2t: 0.828 | Temp: 0.0588 | LR: 1.90e-05
2026-02-07 14:26:42 [INFO] src.training.train_clop: [Epoch 86][Step 600/670] Loss: 1.2471 | Acc_t2c: 0.816 | Acc_c2t: 0.805 | Temp: 0.0588 | LR: 1.89e-05
2026-02-07 14:26:42 [INFO] src.training.train_clop: [Epoch 86][Step 650/670] Loss: 1.2448 | Acc_t2c: 0.840 | Acc_c2t: 0.809 | Temp: 0.0589 | LR: 1.87e-05
2026-02-07 14:26:42 [INFO] src.training.train_clop: 
============================================================
Epoch 86/100 (2.6s)
  Train Loss: 1.2328
  Val   Loss: 1.3156
  Val   Acc:  0.789
============================================================
2026-02-07 14:26:42 [INFO] src.training.train_clop: [Epoch 87][Step 0/670] Loss: 1.2004 | Acc_t2c: 0.836 | Acc_c2t: 0.844 | Temp: 0.0588 | LR: 1.86e-05
2026-02-07 14:26:42 [INFO] src.training.train_clop: [Epoch 87][Step 50/670] Loss: 1.2503 | Acc_t2c: 0.797 | Acc_c2t: 0.805 | Temp: 0.0588 | LR: 1.85e-05
2026-02-07 14:26:42 [INFO] src.training.train_clop: [Epoch 87][Step 100/670] Loss: 1.2286 | Acc_t2c: 0.812 | Acc_c2t: 0.820 | Temp: 0.0588 | LR: 1.83e-05
2026-02-07 14:26:43 [INFO] src.training.train_clop: [Epoch 87][Step 150/670] Loss: 1.2309 | Acc_t2c: 0.828 | Acc_c2t: 0.793 | Temp: 0.0588 | LR: 1.81e-05
2026-02-07 14:26:43 [INFO] src.training.train_clop: [Epoch 87][Step 200/670] Loss: 1.2551 | Acc_t2c: 0.793 | Acc_c2t: 0.797 | Temp: 0.0588 | LR: 1.80e-05
2026-02-07 14:26:43 [INFO] src.training.train_clop: [Epoch 87][Step 250/670] Loss: 1.2192 | Acc_t2c: 0.844 | Acc_c2t: 0.832 | Temp: 0.0589 | LR: 1.78e-05
2026-02-07 14:26:43 [INFO] src.training.train_clop: [Epoch 87][Step 300/670] Loss: 1.2733 | Acc_t2c: 0.781 | Acc_c2t: 0.770 | Temp: 0.0589 | LR: 1.77e-05
2026-02-07 14:26:43 [INFO] src.training.train_clop: [Epoch 87][Step 350/670] Loss: 1.2566 | Acc_t2c: 0.805 | Acc_c2t: 0.805 | Temp: 0.0588 | LR: 1.75e-05
2026-02-07 14:26:44 [INFO] src.training.train_clop: [Epoch 87][Step 400/670] Loss: 1.2099 | Acc_t2c: 0.824 | Acc_c2t: 0.824 | Temp: 0.0587 | LR: 1.73e-05
2026-02-07 14:26:44 [INFO] src.training.train_clop: [Epoch 87][Step 450/670] Loss: 1.2160 | Acc_t2c: 0.832 | Acc_c2t: 0.852 | Temp: 0.0588 | LR: 1.72e-05
2026-02-07 14:26:44 [INFO] src.training.train_clop: [Epoch 87][Step 500/670] Loss: 1.1898 | Acc_t2c: 0.859 | Acc_c2t: 0.836 | Temp: 0.0588 | LR: 1.70e-05
2026-02-07 14:26:44 [INFO] src.training.train_clop: [Epoch 87][Step 550/670] Loss: 1.2248 | Acc_t2c: 0.832 | Acc_c2t: 0.824 | Temp: 0.0588 | LR: 1.69e-05
2026-02-07 14:26:44 [INFO] src.training.train_clop: [Epoch 87][Step 600/670] Loss: 1.2223 | Acc_t2c: 0.801 | Acc_c2t: 0.816 | Temp: 0.0587 | LR: 1.67e-05
2026-02-07 14:26:45 [INFO] src.training.train_clop: [Epoch 87][Step 650/670] Loss: 1.2394 | Acc_t2c: 0.820 | Acc_c2t: 0.836 | Temp: 0.0588 | LR: 1.66e-05
2026-02-07 14:26:45 [INFO] src.training.train_clop: 
============================================================
Epoch 87/100 (2.7s)
  Train Loss: 1.2315
  Val   Loss: 1.3152
  Val   Acc:  0.789
============================================================
2026-02-07 14:26:45 [INFO] src.training.train_clop: [Epoch 88][Step 0/670] Loss: 1.2585 | Acc_t2c: 0.793 | Acc_c2t: 0.781 | Temp: 0.0588 | LR: 1.65e-05
2026-02-07 14:26:45 [INFO] src.training.train_clop: [Epoch 88][Step 50/670] Loss: 1.2010 | Acc_t2c: 0.828 | Acc_c2t: 0.820 | Temp: 0.0588 | LR: 1.64e-05
2026-02-07 14:26:45 [INFO] src.training.train_clop: [Epoch 88][Step 100/670] Loss: 1.2348 | Acc_t2c: 0.809 | Acc_c2t: 0.801 | Temp: 0.0589 | LR: 1.62e-05
2026-02-07 14:26:45 [INFO] src.training.train_clop: [Epoch 88][Step 150/670] Loss: 1.2355 | Acc_t2c: 0.789 | Acc_c2t: 0.766 | Temp: 0.0588 | LR: 1.61e-05
2026-02-07 14:26:45 [INFO] src.training.train_clop: [Epoch 88][Step 200/670] Loss: 1.2184 | Acc_t2c: 0.832 | Acc_c2t: 0.836 | Temp: 0.0588 | LR: 1.59e-05
2026-02-07 14:26:46 [INFO] src.training.train_clop: [Epoch 88][Step 250/670] Loss: 1.1787 | Acc_t2c: 0.848 | Acc_c2t: 0.852 | Temp: 0.0588 | LR: 1.58e-05
2026-02-07 14:26:46 [INFO] src.training.train_clop: [Epoch 88][Step 300/670] Loss: 1.2336 | Acc_t2c: 0.820 | Acc_c2t: 0.805 | Temp: 0.0588 | LR: 1.56e-05
2026-02-07 14:26:46 [INFO] src.training.train_clop: [Epoch 88][Step 350/670] Loss: 1.2736 | Acc_t2c: 0.793 | Acc_c2t: 0.750 | Temp: 0.0588 | LR: 1.55e-05
2026-02-07 14:26:46 [INFO] src.training.train_clop: [Epoch 88][Step 400/670] Loss: 1.2491 | Acc_t2c: 0.816 | Acc_c2t: 0.781 | Temp: 0.0588 | LR: 1.53e-05
2026-02-07 14:26:46 [INFO] src.training.train_clop: [Epoch 88][Step 450/670] Loss: 1.2168 | Acc_t2c: 0.832 | Acc_c2t: 0.828 | Temp: 0.0588 | LR: 1.52e-05
2026-02-07 14:26:46 [INFO] src.training.train_clop: [Epoch 88][Step 500/670] Loss: 1.1254 | Acc_t2c: 0.867 | Acc_c2t: 0.879 | Temp: 0.0588 | LR: 1.50e-05
2026-02-07 14:26:46 [INFO] src.training.train_clop: [Epoch 88][Step 550/670] Loss: 1.1837 | Acc_t2c: 0.844 | Acc_c2t: 0.855 | Temp: 0.0588 | LR: 1.49e-05
2026-02-07 14:26:47 [INFO] src.training.train_clop: [Epoch 88][Step 600/670] Loss: 1.2618 | Acc_t2c: 0.809 | Acc_c2t: 0.789 | Temp: 0.0588 | LR: 1.47e-05
2026-02-07 14:26:47 [INFO] src.training.train_clop: [Epoch 88][Step 650/670] Loss: 1.2120 | Acc_t2c: 0.820 | Acc_c2t: 0.777 | Temp: 0.0588 | LR: 1.46e-05
2026-02-07 14:26:47 [INFO] src.training.train_clop: 
============================================================
Epoch 88/100 (2.2s)
  Train Loss: 1.2307
  Val   Loss: 1.3152
  Val   Acc:  0.789
============================================================
2026-02-07 14:26:47 [INFO] src.training.train_clop: [Epoch 89][Step 0/670] Loss: 1.1918 | Acc_t2c: 0.844 | Acc_c2t: 0.812 | Temp: 0.0588 | LR: 1.45e-05
2026-02-07 14:26:47 [INFO] src.training.train_clop: [Epoch 89][Step 50/670] Loss: 1.2357 | Acc_t2c: 0.816 | Acc_c2t: 0.828 | Temp: 0.0588 | LR: 1.44e-05
2026-02-07 14:26:47 [INFO] src.training.train_clop: [Epoch 89][Step 100/670] Loss: 1.2430 | Acc_t2c: 0.805 | Acc_c2t: 0.789 | Temp: 0.0588 | LR: 1.43e-05
2026-02-07 14:26:47 [INFO] src.training.train_clop: [Epoch 89][Step 150/670] Loss: 1.2529 | Acc_t2c: 0.797 | Acc_c2t: 0.762 | Temp: 0.0588 | LR: 1.41e-05
2026-02-07 14:26:48 [INFO] src.training.train_clop: [Epoch 89][Step 200/670] Loss: 1.2663 | Acc_t2c: 0.781 | Acc_c2t: 0.770 | Temp: 0.0588 | LR: 1.40e-05
2026-02-07 14:26:48 [INFO] src.training.train_clop: [Epoch 89][Step 250/670] Loss: 1.1770 | Acc_t2c: 0.879 | Acc_c2t: 0.844 | Temp: 0.0588 | LR: 1.38e-05
2026-02-07 14:26:48 [INFO] src.training.train_clop: [Epoch 89][Step 300/670] Loss: 1.2256 | Acc_t2c: 0.828 | Acc_c2t: 0.809 | Temp: 0.0587 | LR: 1.37e-05
2026-02-07 14:26:48 [INFO] src.training.train_clop: [Epoch 89][Step 350/670] Loss: 1.2427 | Acc_t2c: 0.797 | Acc_c2t: 0.793 | Temp: 0.0588 | LR: 1.36e-05
2026-02-07 14:26:48 [INFO] src.training.train_clop: [Epoch 89][Step 400/670] Loss: 1.1967 | Acc_t2c: 0.844 | Acc_c2t: 0.852 | Temp: 0.0587 | LR: 1.34e-05
2026-02-07 14:26:48 [INFO] src.training.train_clop: [Epoch 89][Step 450/670] Loss: 1.2317 | Acc_t2c: 0.812 | Acc_c2t: 0.828 | Temp: 0.0587 | LR: 1.33e-05
2026-02-07 14:26:48 [INFO] src.training.train_clop: [Epoch 89][Step 500/670] Loss: 1.2018 | Acc_t2c: 0.855 | Acc_c2t: 0.820 | Temp: 0.0587 | LR: 1.32e-05
2026-02-07 14:26:49 [INFO] src.training.train_clop: [Epoch 89][Step 550/670] Loss: 1.2142 | Acc_t2c: 0.824 | Acc_c2t: 0.816 | Temp: 0.0587 | LR: 1.30e-05
2026-02-07 14:26:49 [INFO] src.training.train_clop: [Epoch 89][Step 600/670] Loss: 1.2224 | Acc_t2c: 0.824 | Acc_c2t: 0.805 | Temp: 0.0588 | LR: 1.29e-05
2026-02-07 14:26:49 [INFO] src.training.train_clop: [Epoch 89][Step 650/670] Loss: 1.2269 | Acc_t2c: 0.820 | Acc_c2t: 0.820 | Temp: 0.0587 | LR: 1.28e-05
2026-02-07 14:26:49 [INFO] src.training.train_clop: 
============================================================
Epoch 89/100 (2.2s)
  Train Loss: 1.2288
  Val   Loss: 1.3156
  Val   Acc:  0.790
============================================================
2026-02-07 14:26:49 [INFO] src.training.train_clop: [Epoch 90][Step 0/670] Loss: 1.2196 | Acc_t2c: 0.836 | Acc_c2t: 0.859 | Temp: 0.0587 | LR: 1.27e-05
2026-02-07 14:26:49 [INFO] src.training.train_clop: [Epoch 90][Step 50/670] Loss: 1.2110 | Acc_t2c: 0.824 | Acc_c2t: 0.816 | Temp: 0.0587 | LR: 1.26e-05
2026-02-07 14:26:49 [INFO] src.training.train_clop: [Epoch 90][Step 100/670] Loss: 1.2094 | Acc_t2c: 0.824 | Acc_c2t: 0.809 | Temp: 0.0587 | LR: 1.25e-05
2026-02-07 14:26:50 [INFO] src.training.train_clop: [Epoch 90][Step 150/670] Loss: 1.2687 | Acc_t2c: 0.793 | Acc_c2t: 0.805 | Temp: 0.0587 | LR: 1.23e-05
2026-02-07 14:26:50 [INFO] src.training.train_clop: [Epoch 90][Step 200/670] Loss: 1.2291 | Acc_t2c: 0.797 | Acc_c2t: 0.805 | Temp: 0.0587 | LR: 1.22e-05
2026-02-07 14:26:50 [INFO] src.training.train_clop: [Epoch 90][Step 250/670] Loss: 1.2566 | Acc_t2c: 0.820 | Acc_c2t: 0.785 | Temp: 0.0587 | LR: 1.21e-05
2026-02-07 14:26:50 [INFO] src.training.train_clop: [Epoch 90][Step 300/670] Loss: 1.1809 | Acc_t2c: 0.848 | Acc_c2t: 0.844 | Temp: 0.0587 | LR: 1.19e-05
2026-02-07 14:26:50 [INFO] src.training.train_clop: [Epoch 90][Step 350/670] Loss: 1.2506 | Acc_t2c: 0.785 | Acc_c2t: 0.797 | Temp: 0.0587 | LR: 1.18e-05
2026-02-07 14:26:50 [INFO] src.training.train_clop: [Epoch 90][Step 400/670] Loss: 1.2412 | Acc_t2c: 0.801 | Acc_c2t: 0.801 | Temp: 0.0587 | LR: 1.17e-05
2026-02-07 14:26:51 [INFO] src.training.train_clop: [Epoch 90][Step 450/670] Loss: 1.2766 | Acc_t2c: 0.770 | Acc_c2t: 0.746 | Temp: 0.0587 | LR: 1.16e-05
2026-02-07 14:26:51 [INFO] src.training.train_clop: [Epoch 90][Step 500/670] Loss: 1.2417 | Acc_t2c: 0.840 | Acc_c2t: 0.828 | Temp: 0.0587 | LR: 1.15e-05
2026-02-07 14:26:51 [INFO] src.training.train_clop: [Epoch 90][Step 550/670] Loss: 1.3219 | Acc_t2c: 0.766 | Acc_c2t: 0.758 | Temp: 0.0587 | LR: 1.13e-05
2026-02-07 14:26:51 [INFO] src.training.train_clop: [Epoch 90][Step 600/670] Loss: 1.2141 | Acc_t2c: 0.836 | Acc_c2t: 0.805 | Temp: 0.0587 | LR: 1.12e-05
2026-02-07 14:26:51 [INFO] src.training.train_clop: [Epoch 90][Step 650/670] Loss: 1.2124 | Acc_t2c: 0.836 | Acc_c2t: 0.824 | Temp: 0.0588 | LR: 1.11e-05
2026-02-07 14:26:52 [INFO] src.training.train_clop: 
============================================================
Epoch 90/100 (2.5s)
  Train Loss: 1.2286
  Val   Loss: 1.3151
  Val   Acc:  0.790
============================================================
2026-02-07 14:26:52 [INFO] src.training.train_clop: [Epoch 91][Step 0/670] Loss: 1.2549 | Acc_t2c: 0.809 | Acc_c2t: 0.801 | Temp: 0.0587 | LR: 1.10e-05
2026-02-07 14:26:52 [INFO] src.training.train_clop: [Epoch 91][Step 50/670] Loss: 1.2815 | Acc_t2c: 0.773 | Acc_c2t: 0.762 | Temp: 0.0587 | LR: 1.09e-05
2026-02-07 14:26:52 [INFO] src.training.train_clop: [Epoch 91][Step 100/670] Loss: 1.1799 | Acc_t2c: 0.852 | Acc_c2t: 0.824 | Temp: 0.0588 | LR: 1.08e-05
2026-02-07 14:26:52 [INFO] src.training.train_clop: [Epoch 91][Step 150/670] Loss: 1.2505 | Acc_t2c: 0.824 | Acc_c2t: 0.824 | Temp: 0.0587 | LR: 1.07e-05
2026-02-07 14:26:52 [INFO] src.training.train_clop: [Epoch 91][Step 200/670] Loss: 1.1740 | Acc_t2c: 0.848 | Acc_c2t: 0.828 | Temp: 0.0587 | LR: 1.06e-05
2026-02-07 14:26:53 [INFO] src.training.train_clop: [Epoch 91][Step 250/670] Loss: 1.2943 | Acc_t2c: 0.777 | Acc_c2t: 0.785 | Temp: 0.0587 | LR: 1.05e-05
2026-02-07 14:26:53 [INFO] src.training.train_clop: [Epoch 91][Step 300/670] Loss: 1.2111 | Acc_t2c: 0.820 | Acc_c2t: 0.809 | Temp: 0.0587 | LR: 1.03e-05
2026-02-07 14:26:53 [INFO] src.training.train_clop: [Epoch 91][Step 350/670] Loss: 1.2572 | Acc_t2c: 0.785 | Acc_c2t: 0.797 | Temp: 0.0588 | LR: 1.02e-05
2026-02-07 14:26:53 [INFO] src.training.train_clop: [Epoch 91][Step 400/670] Loss: 1.1508 | Acc_t2c: 0.883 | Acc_c2t: 0.875 | Temp: 0.0587 | LR: 1.01e-05
2026-02-07 14:26:53 [INFO] src.training.train_clop: [Epoch 91][Step 450/670] Loss: 1.2653 | Acc_t2c: 0.812 | Acc_c2t: 0.789 | Temp: 0.0587 | LR: 1.00e-05
2026-02-07 14:26:54 [INFO] src.training.train_clop: [Epoch 91][Step 500/670] Loss: 1.2612 | Acc_t2c: 0.801 | Acc_c2t: 0.801 | Temp: 0.0587 | LR: 9.90e-06
2026-02-07 14:26:54 [INFO] src.training.train_clop: [Epoch 91][Step 550/670] Loss: 1.1885 | Acc_t2c: 0.828 | Acc_c2t: 0.820 | Temp: 0.0587 | LR: 9.79e-06
2026-02-07 14:26:54 [INFO] src.training.train_clop: [Epoch 91][Step 600/670] Loss: 1.2226 | Acc_t2c: 0.824 | Acc_c2t: 0.824 | Temp: 0.0588 | LR: 9.68e-06
2026-02-07 14:26:54 [INFO] src.training.train_clop: [Epoch 91][Step 650/670] Loss: 1.2157 | Acc_t2c: 0.820 | Acc_c2t: 0.812 | Temp: 0.0588 | LR: 9.57e-06
2026-02-07 14:26:55 [INFO] src.training.train_clop: 
============================================================
Epoch 91/100 (2.8s)
  Train Loss: 1.2286
  Val   Loss: 1.3146
  Val   Acc:  0.789
============================================================
2026-02-07 14:26:55 [INFO] src.training.train_clop:   ✓ New best model saved (val_loss=1.3146)
2026-02-07 14:26:55 [INFO] src.training.train_clop: [Epoch 92][Step 0/670] Loss: 1.1863 | Acc_t2c: 0.848 | Acc_c2t: 0.855 | Temp: 0.0588 | LR: 9.53e-06
2026-02-07 14:26:55 [INFO] src.training.train_clop: [Epoch 92][Step 50/670] Loss: 1.2486 | Acc_t2c: 0.809 | Acc_c2t: 0.773 | Temp: 0.0588 | LR: 9.42e-06
2026-02-07 14:26:55 [INFO] src.training.train_clop: [Epoch 92][Step 100/670] Loss: 1.1958 | Acc_t2c: 0.820 | Acc_c2t: 0.820 | Temp: 0.0587 | LR: 9.31e-06
2026-02-07 14:26:55 [INFO] src.training.train_clop: [Epoch 92][Step 150/670] Loss: 1.2215 | Acc_t2c: 0.805 | Acc_c2t: 0.816 | Temp: 0.0587 | LR: 9.21e-06
2026-02-07 14:26:55 [INFO] src.training.train_clop: [Epoch 92][Step 200/670] Loss: 1.2227 | Acc_t2c: 0.809 | Acc_c2t: 0.801 | Temp: 0.0587 | LR: 9.10e-06
2026-02-07 14:26:55 [INFO] src.training.train_clop: [Epoch 92][Step 250/670] Loss: 1.2030 | Acc_t2c: 0.832 | Acc_c2t: 0.832 | Temp: 0.0588 | LR: 9.00e-06
2026-02-07 14:26:56 [INFO] src.training.train_clop: [Epoch 92][Step 300/670] Loss: 1.2186 | Acc_t2c: 0.816 | Acc_c2t: 0.801 | Temp: 0.0587 | LR: 8.90e-06
2026-02-07 14:26:56 [INFO] src.training.train_clop: [Epoch 92][Step 350/670] Loss: 1.2105 | Acc_t2c: 0.812 | Acc_c2t: 0.824 | Temp: 0.0587 | LR: 8.80e-06
2026-02-07 14:26:56 [INFO] src.training.train_clop: [Epoch 92][Step 400/670] Loss: 1.2727 | Acc_t2c: 0.777 | Acc_c2t: 0.777 | Temp: 0.0587 | LR: 8.69e-06
2026-02-07 14:26:56 [INFO] src.training.train_clop: [Epoch 92][Step 450/670] Loss: 1.2106 | Acc_t2c: 0.836 | Acc_c2t: 0.801 | Temp: 0.0587 | LR: 8.59e-06
2026-02-07 14:26:56 [INFO] src.training.train_clop: [Epoch 92][Step 500/670] Loss: 1.2521 | Acc_t2c: 0.789 | Acc_c2t: 0.773 | Temp: 0.0587 | LR: 8.50e-06
2026-02-07 14:26:57 [INFO] src.training.train_clop: [Epoch 92][Step 550/670] Loss: 1.2097 | Acc_t2c: 0.824 | Acc_c2t: 0.797 | Temp: 0.0587 | LR: 8.40e-06
2026-02-07 14:26:57 [INFO] src.training.train_clop: [Epoch 92][Step 600/670] Loss: 1.2377 | Acc_t2c: 0.832 | Acc_c2t: 0.812 | Temp: 0.0587 | LR: 8.30e-06
2026-02-07 14:26:57 [INFO] src.training.train_clop: [Epoch 92][Step 650/670] Loss: 1.2591 | Acc_t2c: 0.801 | Acc_c2t: 0.805 | Temp: 0.0587 | LR: 8.20e-06
2026-02-07 14:26:57 [INFO] src.training.train_clop: 
============================================================
Epoch 92/100 (2.7s)
  Train Loss: 1.2302
  Val   Loss: 1.3151
  Val   Acc:  0.789
============================================================
2026-02-07 14:26:57 [INFO] src.training.train_clop: [Epoch 93][Step 0/670] Loss: 1.2830 | Acc_t2c: 0.789 | Acc_c2t: 0.785 | Temp: 0.0587 | LR: 8.16e-06
2026-02-07 14:26:57 [INFO] src.training.train_clop: [Epoch 93][Step 50/670] Loss: 1.1841 | Acc_t2c: 0.840 | Acc_c2t: 0.828 | Temp: 0.0587 | LR: 8.07e-06
2026-02-07 14:26:58 [INFO] src.training.train_clop: [Epoch 93][Step 100/670] Loss: 1.2032 | Acc_t2c: 0.840 | Acc_c2t: 0.848 | Temp: 0.0587 | LR: 7.97e-06
2026-02-07 14:26:58 [INFO] src.training.train_clop: [Epoch 93][Step 150/670] Loss: 1.1856 | Acc_t2c: 0.828 | Acc_c2t: 0.836 | Temp: 0.0587 | LR: 7.88e-06
2026-02-07 14:26:58 [INFO] src.training.train_clop: [Epoch 93][Step 200/670] Loss: 1.2123 | Acc_t2c: 0.848 | Acc_c2t: 0.809 | Temp: 0.0587 | LR: 7.79e-06
2026-02-07 14:26:58 [INFO] src.training.train_clop: [Epoch 93][Step 250/670] Loss: 1.2001 | Acc_t2c: 0.844 | Acc_c2t: 0.816 | Temp: 0.0588 | LR: 7.70e-06
2026-02-07 14:26:58 [INFO] src.training.train_clop: [Epoch 93][Step 300/670] Loss: 1.1859 | Acc_t2c: 0.855 | Acc_c2t: 0.824 | Temp: 0.0587 | LR: 7.61e-06
2026-02-07 14:26:58 [INFO] src.training.train_clop: [Epoch 93][Step 350/670] Loss: 1.2665 | Acc_t2c: 0.781 | Acc_c2t: 0.789 | Temp: 0.0587 | LR: 7.52e-06
2026-02-07 14:26:59 [INFO] src.training.train_clop: [Epoch 93][Step 400/670] Loss: 1.2724 | Acc_t2c: 0.812 | Acc_c2t: 0.824 | Temp: 0.0587 | LR: 7.43e-06
2026-02-07 14:26:59 [INFO] src.training.train_clop: [Epoch 93][Step 450/670] Loss: 1.3314 | Acc_t2c: 0.766 | Acc_c2t: 0.730 | Temp: 0.0588 | LR: 7.34e-06
2026-02-07 14:26:59 [INFO] src.training.train_clop: [Epoch 93][Step 500/670] Loss: 1.2712 | Acc_t2c: 0.793 | Acc_c2t: 0.793 | Temp: 0.0588 | LR: 7.25e-06
2026-02-07 14:26:59 [INFO] src.training.train_clop: [Epoch 93][Step 550/670] Loss: 1.2376 | Acc_t2c: 0.820 | Acc_c2t: 0.812 | Temp: 0.0588 | LR: 7.16e-06
2026-02-07 14:26:59 [INFO] src.training.train_clop: [Epoch 93][Step 600/670] Loss: 1.2919 | Acc_t2c: 0.777 | Acc_c2t: 0.750 | Temp: 0.0587 | LR: 7.08e-06
2026-02-07 14:27:00 [INFO] src.training.train_clop: [Epoch 93][Step 650/670] Loss: 1.2963 | Acc_t2c: 0.777 | Acc_c2t: 0.754 | Temp: 0.0587 | LR: 6.99e-06
2026-02-07 14:27:00 [INFO] src.training.train_clop: 
============================================================
Epoch 93/100 (2.4s)
  Train Loss: 1.2293
  Val   Loss: 1.3148
  Val   Acc:  0.789
============================================================
2026-02-07 14:27:00 [INFO] src.training.train_clop: [Epoch 94][Step 0/670] Loss: 1.2462 | Acc_t2c: 0.812 | Acc_c2t: 0.766 | Temp: 0.0587 | LR: 6.96e-06
2026-02-07 14:27:00 [INFO] src.training.train_clop: [Epoch 94][Step 50/670] Loss: 1.2089 | Acc_t2c: 0.840 | Acc_c2t: 0.793 | Temp: 0.0587 | LR: 6.88e-06
2026-02-07 14:27:00 [INFO] src.training.train_clop: [Epoch 94][Step 100/670] Loss: 1.2320 | Acc_t2c: 0.820 | Acc_c2t: 0.797 | Temp: 0.0587 | LR: 6.79e-06
2026-02-07 14:27:00 [INFO] src.training.train_clop: [Epoch 94][Step 150/670] Loss: 1.2793 | Acc_t2c: 0.754 | Acc_c2t: 0.762 | Temp: 0.0587 | LR: 6.71e-06
2026-02-07 14:27:00 [INFO] src.training.train_clop: [Epoch 94][Step 200/670] Loss: 1.1658 | Acc_t2c: 0.855 | Acc_c2t: 0.836 | Temp: 0.0587 | LR: 6.63e-06
2026-02-07 14:27:01 [INFO] src.training.train_clop: [Epoch 94][Step 250/670] Loss: 1.2010 | Acc_t2c: 0.824 | Acc_c2t: 0.848 | Temp: 0.0587 | LR: 6.55e-06
2026-02-07 14:27:01 [INFO] src.training.train_clop: [Epoch 94][Step 300/670] Loss: 1.1925 | Acc_t2c: 0.863 | Acc_c2t: 0.844 | Temp: 0.0587 | LR: 6.47e-06
2026-02-07 14:27:01 [INFO] src.training.train_clop: [Epoch 94][Step 350/670] Loss: 1.2185 | Acc_t2c: 0.820 | Acc_c2t: 0.848 | Temp: 0.0587 | LR: 6.39e-06
2026-02-07 14:27:01 [INFO] src.training.train_clop: [Epoch 94][Step 400/670] Loss: 1.1968 | Acc_t2c: 0.828 | Acc_c2t: 0.824 | Temp: 0.0588 | LR: 6.32e-06
2026-02-07 14:27:01 [INFO] src.training.train_clop: [Epoch 94][Step 450/670] Loss: 1.2334 | Acc_t2c: 0.820 | Acc_c2t: 0.820 | Temp: 0.0587 | LR: 6.24e-06
2026-02-07 14:27:01 [INFO] src.training.train_clop: [Epoch 94][Step 500/670] Loss: 1.2054 | Acc_t2c: 0.840 | Acc_c2t: 0.828 | Temp: 0.0587 | LR: 6.16e-06
2026-02-07 14:27:01 [INFO] src.training.train_clop: [Epoch 94][Step 550/670] Loss: 1.2388 | Acc_t2c: 0.812 | Acc_c2t: 0.793 | Temp: 0.0587 | LR: 6.09e-06
2026-02-07 14:27:02 [INFO] src.training.train_clop: [Epoch 94][Step 600/670] Loss: 1.1707 | Acc_t2c: 0.875 | Acc_c2t: 0.863 | Temp: 0.0587 | LR: 6.01e-06
2026-02-07 14:27:02 [INFO] src.training.train_clop: [Epoch 94][Step 650/670] Loss: 1.2460 | Acc_t2c: 0.797 | Acc_c2t: 0.766 | Temp: 0.0587 | LR: 5.94e-06
2026-02-07 14:27:02 [INFO] src.training.train_clop: 
============================================================
Epoch 94/100 (2.2s)
  Train Loss: 1.2276
  Val   Loss: 1.3144
  Val   Acc:  0.789
============================================================
2026-02-07 14:27:02 [INFO] src.training.train_clop:   ✓ New best model saved (val_loss=1.3144)
2026-02-07 14:27:02 [INFO] src.training.train_clop: [Epoch 95][Step 0/670] Loss: 1.2036 | Acc_t2c: 0.824 | Acc_c2t: 0.832 | Temp: 0.0587 | LR: 5.91e-06
2026-02-07 14:27:02 [INFO] src.training.train_clop: [Epoch 95][Step 50/670] Loss: 1.2500 | Acc_t2c: 0.809 | Acc_c2t: 0.805 | Temp: 0.0587 | LR: 5.84e-06
2026-02-07 14:27:02 [INFO] src.training.train_clop: [Epoch 95][Step 100/670] Loss: 1.2778 | Acc_t2c: 0.793 | Acc_c2t: 0.801 | Temp: 0.0587 | LR: 5.77e-06
2026-02-07 14:27:02 [INFO] src.training.train_clop: [Epoch 95][Step 150/670] Loss: 1.2062 | Acc_t2c: 0.836 | Acc_c2t: 0.836 | Temp: 0.0587 | LR: 5.70e-06
2026-02-07 14:27:03 [INFO] src.training.train_clop: [Epoch 95][Step 200/670] Loss: 1.2078 | Acc_t2c: 0.828 | Acc_c2t: 0.840 | Temp: 0.0587 | LR: 5.63e-06
2026-02-07 14:27:03 [INFO] src.training.train_clop: [Epoch 95][Step 250/670] Loss: 1.2076 | Acc_t2c: 0.824 | Acc_c2t: 0.820 | Temp: 0.0587 | LR: 5.56e-06
2026-02-07 14:27:03 [INFO] src.training.train_clop: [Epoch 95][Step 300/670] Loss: 1.2573 | Acc_t2c: 0.793 | Acc_c2t: 0.797 | Temp: 0.0587 | LR: 5.49e-06
2026-02-07 14:27:03 [INFO] src.training.train_clop: [Epoch 95][Step 350/670] Loss: 1.2075 | Acc_t2c: 0.805 | Acc_c2t: 0.832 | Temp: 0.0587 | LR: 5.43e-06
2026-02-07 14:27:03 [INFO] src.training.train_clop: [Epoch 95][Step 400/670] Loss: 1.2044 | Acc_t2c: 0.840 | Acc_c2t: 0.828 | Temp: 0.0587 | LR: 5.36e-06
2026-02-07 14:27:04 [INFO] src.training.train_clop: [Epoch 95][Step 450/670] Loss: 1.2736 | Acc_t2c: 0.832 | Acc_c2t: 0.773 | Temp: 0.0587 | LR: 5.30e-06
2026-02-07 14:27:04 [INFO] src.training.train_clop: [Epoch 95][Step 500/670] Loss: 1.1949 | Acc_t2c: 0.844 | Acc_c2t: 0.824 | Temp: 0.0587 | LR: 5.23e-06
2026-02-07 14:27:04 [INFO] src.training.train_clop: [Epoch 95][Step 550/670] Loss: 1.2440 | Acc_t2c: 0.824 | Acc_c2t: 0.785 | Temp: 0.0587 | LR: 5.17e-06
2026-02-07 14:27:04 [INFO] src.training.train_clop: [Epoch 95][Step 600/670] Loss: 1.2278 | Acc_t2c: 0.809 | Acc_c2t: 0.785 | Temp: 0.0587 | LR: 5.11e-06
2026-02-07 14:27:04 [INFO] src.training.train_clop: [Epoch 95][Step 650/670] Loss: 1.2337 | Acc_t2c: 0.809 | Acc_c2t: 0.805 | Temp: 0.0587 | LR: 5.05e-06
2026-02-07 14:27:04 [INFO] src.training.train_clop: 
============================================================
Epoch 95/100 (2.4s)
  Train Loss: 1.2277
  Val   Loss: 1.3149
  Val   Acc:  0.789
============================================================
2026-02-07 14:27:04 [INFO] src.training.train_clop: [Epoch 96][Step 0/670] Loss: 1.2525 | Acc_t2c: 0.820 | Acc_c2t: 0.812 | Temp: 0.0587 | LR: 5.02e-06
2026-02-07 14:27:05 [INFO] src.training.train_clop: [Epoch 96][Step 50/670] Loss: 1.3288 | Acc_t2c: 0.781 | Acc_c2t: 0.754 | Temp: 0.0586 | LR: 4.96e-06
2026-02-07 14:27:05 [INFO] src.training.train_clop: [Epoch 96][Step 100/670] Loss: 1.1376 | Acc_t2c: 0.863 | Acc_c2t: 0.863 | Temp: 0.0586 | LR: 4.91e-06
2026-02-07 14:27:05 [INFO] src.training.train_clop: [Epoch 96][Step 150/670] Loss: 1.2684 | Acc_t2c: 0.781 | Acc_c2t: 0.777 | Temp: 0.0587 | LR: 4.85e-06
2026-02-07 14:27:05 [INFO] src.training.train_clop: [Epoch 96][Step 200/670] Loss: 1.2586 | Acc_t2c: 0.785 | Acc_c2t: 0.781 | Temp: 0.0587 | LR: 4.79e-06
2026-02-07 14:27:05 [INFO] src.training.train_clop: [Epoch 96][Step 250/670] Loss: 1.2369 | Acc_t2c: 0.820 | Acc_c2t: 0.812 | Temp: 0.0587 | LR: 4.73e-06
2026-02-07 14:27:05 [INFO] src.training.train_clop: [Epoch 96][Step 300/670] Loss: 1.1907 | Acc_t2c: 0.840 | Acc_c2t: 0.840 | Temp: 0.0587 | LR: 4.68e-06
2026-02-07 14:27:06 [INFO] src.training.train_clop: [Epoch 96][Step 350/670] Loss: 1.2368 | Acc_t2c: 0.812 | Acc_c2t: 0.816 | Temp: 0.0587 | LR: 4.62e-06
2026-02-07 14:27:06 [INFO] src.training.train_clop: [Epoch 96][Step 400/670] Loss: 1.2414 | Acc_t2c: 0.789 | Acc_c2t: 0.801 | Temp: 0.0587 | LR: 4.57e-06
2026-02-07 14:27:06 [INFO] src.training.train_clop: [Epoch 96][Step 450/670] Loss: 1.2220 | Acc_t2c: 0.816 | Acc_c2t: 0.836 | Temp: 0.0587 | LR: 4.52e-06
2026-02-07 14:27:06 [INFO] src.training.train_clop: [Epoch 96][Step 500/670] Loss: 1.2078 | Acc_t2c: 0.844 | Acc_c2t: 0.848 | Temp: 0.0587 | LR: 4.47e-06
2026-02-07 14:27:06 [INFO] src.training.train_clop: [Epoch 96][Step 550/670] Loss: 1.2209 | Acc_t2c: 0.812 | Acc_c2t: 0.820 | Temp: 0.0587 | LR: 4.41e-06
2026-02-07 14:27:06 [INFO] src.training.train_clop: [Epoch 96][Step 600/670] Loss: 1.2228 | Acc_t2c: 0.809 | Acc_c2t: 0.812 | Temp: 0.0587 | LR: 4.36e-06
2026-02-07 14:27:06 [INFO] src.training.train_clop: [Epoch 96][Step 650/670] Loss: 1.2681 | Acc_t2c: 0.801 | Acc_c2t: 0.805 | Temp: 0.0587 | LR: 4.32e-06
2026-02-07 14:27:07 [INFO] src.training.train_clop: 
============================================================
Epoch 96/100 (2.2s)
  Train Loss: 1.2301
  Val   Loss: 1.3143
  Val   Acc:  0.789
============================================================
2026-02-07 14:27:07 [INFO] src.training.train_clop:   ✓ New best model saved (val_loss=1.3143)
2026-02-07 14:27:07 [INFO] src.training.train_clop: [Epoch 97][Step 0/670] Loss: 1.2314 | Acc_t2c: 0.801 | Acc_c2t: 0.809 | Temp: 0.0587 | LR: 4.30e-06
2026-02-07 14:27:07 [INFO] src.training.train_clop: [Epoch 97][Step 50/670] Loss: 1.2055 | Acc_t2c: 0.824 | Acc_c2t: 0.828 | Temp: 0.0587 | LR: 4.25e-06
2026-02-07 14:27:07 [INFO] src.training.train_clop: [Epoch 97][Step 100/670] Loss: 1.3362 | Acc_t2c: 0.754 | Acc_c2t: 0.758 | Temp: 0.0587 | LR: 4.20e-06
2026-02-07 14:27:07 [INFO] src.training.train_clop: [Epoch 97][Step 150/670] Loss: 1.2160 | Acc_t2c: 0.816 | Acc_c2t: 0.812 | Temp: 0.0587 | LR: 4.16e-06
2026-02-07 14:27:07 [INFO] src.training.train_clop: [Epoch 97][Step 200/670] Loss: 1.2738 | Acc_t2c: 0.797 | Acc_c2t: 0.777 | Temp: 0.0587 | LR: 4.11e-06
2026-02-07 14:27:07 [INFO] src.training.train_clop: [Epoch 97][Step 250/670] Loss: 1.1983 | Acc_t2c: 0.824 | Acc_c2t: 0.840 | Temp: 0.0587 | LR: 4.07e-06
2026-02-07 14:27:08 [INFO] src.training.train_clop: [Epoch 97][Step 300/670] Loss: 1.1915 | Acc_t2c: 0.828 | Acc_c2t: 0.859 | Temp: 0.0587 | LR: 4.02e-06
2026-02-07 14:27:08 [INFO] src.training.train_clop: [Epoch 97][Step 350/670] Loss: 1.2084 | Acc_t2c: 0.836 | Acc_c2t: 0.809 | Temp: 0.0587 | LR: 3.98e-06
2026-02-07 14:27:08 [INFO] src.training.train_clop: [Epoch 97][Step 400/670] Loss: 1.2830 | Acc_t2c: 0.785 | Acc_c2t: 0.758 | Temp: 0.0587 | LR: 3.94e-06
2026-02-07 14:27:08 [INFO] src.training.train_clop: [Epoch 97][Step 450/670] Loss: 1.2269 | Acc_t2c: 0.805 | Acc_c2t: 0.809 | Temp: 0.0587 | LR: 3.90e-06
2026-02-07 14:27:08 [INFO] src.training.train_clop: [Epoch 97][Step 500/670] Loss: 1.2187 | Acc_t2c: 0.805 | Acc_c2t: 0.812 | Temp: 0.0587 | LR: 3.86e-06
2026-02-07 14:27:09 [INFO] src.training.train_clop: [Epoch 97][Step 550/670] Loss: 1.2286 | Acc_t2c: 0.828 | Acc_c2t: 0.801 | Temp: 0.0587 | LR: 3.82e-06
2026-02-07 14:27:09 [INFO] src.training.train_clop: [Epoch 97][Step 600/670] Loss: 1.2067 | Acc_t2c: 0.828 | Acc_c2t: 0.809 | Temp: 0.0587 | LR: 3.78e-06
2026-02-07 14:27:09 [INFO] src.training.train_clop: [Epoch 97][Step 650/670] Loss: 1.2285 | Acc_t2c: 0.812 | Acc_c2t: 0.801 | Temp: 0.0587 | LR: 3.74e-06
2026-02-07 14:27:09 [INFO] src.training.train_clop: 
============================================================
Epoch 97/100 (2.3s)
  Train Loss: 1.2283
  Val   Loss: 1.3144
  Val   Acc:  0.790
============================================================
2026-02-07 14:27:09 [INFO] src.training.train_clop: [Epoch 98][Step 0/670] Loss: 1.2030 | Acc_t2c: 0.852 | Acc_c2t: 0.840 | Temp: 0.0587 | LR: 3.73e-06
2026-02-07 14:27:09 [INFO] src.training.train_clop: [Epoch 98][Step 50/670] Loss: 1.2617 | Acc_t2c: 0.797 | Acc_c2t: 0.789 | Temp: 0.0587 | LR: 3.69e-06
2026-02-07 14:27:09 [INFO] src.training.train_clop: [Epoch 98][Step 100/670] Loss: 1.2761 | Acc_t2c: 0.793 | Acc_c2t: 0.785 | Temp: 0.0587 | LR: 3.66e-06
2026-02-07 14:27:09 [INFO] src.training.train_clop: [Epoch 98][Step 150/670] Loss: 1.2496 | Acc_t2c: 0.812 | Acc_c2t: 0.781 | Temp: 0.0587 | LR: 3.62e-06
2026-02-07 14:27:10 [INFO] src.training.train_clop: [Epoch 98][Step 200/670] Loss: 1.1965 | Acc_t2c: 0.820 | Acc_c2t: 0.812 | Temp: 0.0587 | LR: 3.59e-06
2026-02-07 14:27:10 [INFO] src.training.train_clop: [Epoch 98][Step 250/670] Loss: 1.2222 | Acc_t2c: 0.836 | Acc_c2t: 0.832 | Temp: 0.0587 | LR: 3.56e-06
2026-02-07 14:27:10 [INFO] src.training.train_clop: [Epoch 98][Step 300/670] Loss: 1.1926 | Acc_t2c: 0.828 | Acc_c2t: 0.855 | Temp: 0.0587 | LR: 3.53e-06
2026-02-07 14:27:10 [INFO] src.training.train_clop: [Epoch 98][Step 350/670] Loss: 1.2357 | Acc_t2c: 0.812 | Acc_c2t: 0.816 | Temp: 0.0587 | LR: 3.50e-06
2026-02-07 14:27:10 [INFO] src.training.train_clop: [Epoch 98][Step 400/670] Loss: 1.2037 | Acc_t2c: 0.844 | Acc_c2t: 0.844 | Temp: 0.0587 | LR: 3.47e-06
2026-02-07 14:27:11 [INFO] src.training.train_clop: [Epoch 98][Step 450/670] Loss: 1.2358 | Acc_t2c: 0.809 | Acc_c2t: 0.801 | Temp: 0.0587 | LR: 3.44e-06
2026-02-07 14:27:11 [INFO] src.training.train_clop: [Epoch 98][Step 500/670] Loss: 1.2400 | Acc_t2c: 0.809 | Acc_c2t: 0.809 | Temp: 0.0587 | LR: 3.41e-06
2026-02-07 14:27:11 [INFO] src.training.train_clop: [Epoch 98][Step 550/670] Loss: 1.2294 | Acc_t2c: 0.812 | Acc_c2t: 0.809 | Temp: 0.0587 | LR: 3.38e-06
2026-02-07 14:27:11 [INFO] src.training.train_clop: [Epoch 98][Step 600/670] Loss: 1.2924 | Acc_t2c: 0.754 | Acc_c2t: 0.766 | Temp: 0.0587 | LR: 3.36e-06
2026-02-07 14:27:11 [INFO] src.training.train_clop: [Epoch 98][Step 650/670] Loss: 1.2588 | Acc_t2c: 0.801 | Acc_c2t: 0.797 | Temp: 0.0587 | LR: 3.33e-06
2026-02-07 14:27:11 [INFO] src.training.train_clop: 
============================================================
Epoch 98/100 (2.4s)
  Train Loss: 1.2303
  Val   Loss: 1.3138
  Val   Acc:  0.789
============================================================
2026-02-07 14:27:11 [INFO] src.training.train_clop:   ✓ New best model saved (val_loss=1.3138)
2026-02-07 14:27:11 [INFO] src.training.train_clop: [Epoch 99][Step 0/670] Loss: 1.2285 | Acc_t2c: 0.824 | Acc_c2t: 0.820 | Temp: 0.0587 | LR: 3.32e-06
2026-02-07 14:27:12 [INFO] src.training.train_clop: [Epoch 99][Step 50/670] Loss: 1.2050 | Acc_t2c: 0.836 | Acc_c2t: 0.836 | Temp: 0.0587 | LR: 3.30e-06
2026-02-07 14:27:12 [INFO] src.training.train_clop: [Epoch 99][Step 100/670] Loss: 1.1926 | Acc_t2c: 0.852 | Acc_c2t: 0.840 | Temp: 0.0587 | LR: 3.28e-06
2026-02-07 14:27:12 [INFO] src.training.train_clop: [Epoch 99][Step 150/670] Loss: 1.2770 | Acc_t2c: 0.766 | Acc_c2t: 0.766 | Temp: 0.0587 | LR: 3.26e-06
2026-02-07 14:27:12 [INFO] src.training.train_clop: [Epoch 99][Step 200/670] Loss: 1.2588 | Acc_t2c: 0.797 | Acc_c2t: 0.809 | Temp: 0.0587 | LR: 3.23e-06
2026-02-07 14:27:12 [INFO] src.training.train_clop: [Epoch 99][Step 250/670] Loss: 1.2098 | Acc_t2c: 0.809 | Acc_c2t: 0.816 | Temp: 0.0587 | LR: 3.21e-06
2026-02-07 14:27:13 [INFO] src.training.train_clop: [Epoch 99][Step 300/670] Loss: 1.2200 | Acc_t2c: 0.820 | Acc_c2t: 0.789 | Temp: 0.0587 | LR: 3.20e-06
2026-02-07 14:27:13 [INFO] src.training.train_clop: [Epoch 99][Step 350/670] Loss: 1.2013 | Acc_t2c: 0.816 | Acc_c2t: 0.816 | Temp: 0.0587 | LR: 3.18e-06
2026-02-07 14:27:13 [INFO] src.training.train_clop: [Epoch 99][Step 400/670] Loss: 1.2575 | Acc_t2c: 0.816 | Acc_c2t: 0.820 | Temp: 0.0587 | LR: 3.16e-06
2026-02-07 14:27:13 [INFO] src.training.train_clop: [Epoch 99][Step 450/670] Loss: 1.1824 | Acc_t2c: 0.863 | Acc_c2t: 0.848 | Temp: 0.0587 | LR: 3.14e-06
2026-02-07 14:27:13 [INFO] src.training.train_clop: [Epoch 99][Step 500/670] Loss: 1.2236 | Acc_t2c: 0.816 | Acc_c2t: 0.797 | Temp: 0.0587 | LR: 3.13e-06
2026-02-07 14:27:13 [INFO] src.training.train_clop: [Epoch 99][Step 550/670] Loss: 1.2609 | Acc_t2c: 0.789 | Acc_c2t: 0.770 | Temp: 0.0587 | LR: 3.11e-06
2026-02-07 14:27:14 [INFO] src.training.train_clop: [Epoch 99][Step 600/670] Loss: 1.3229 | Acc_t2c: 0.750 | Acc_c2t: 0.758 | Temp: 0.0587 | LR: 3.10e-06
2026-02-07 14:27:14 [INFO] src.training.train_clop: [Epoch 99][Step 650/670] Loss: 1.1888 | Acc_t2c: 0.852 | Acc_c2t: 0.848 | Temp: 0.0587 | LR: 3.09e-06
2026-02-07 14:27:14 [INFO] src.training.train_clop: 
============================================================
Epoch 99/100 (2.4s)
  Train Loss: 1.2260
  Val   Loss: 1.3142
  Val   Acc:  0.789
============================================================
2026-02-07 14:27:14 [INFO] src.training.train_clop: [Epoch 100][Step 0/670] Loss: 1.1988 | Acc_t2c: 0.832 | Acc_c2t: 0.820 | Temp: 0.0587 | LR: 3.08e-06
2026-02-07 14:27:14 [INFO] src.training.train_clop: [Epoch 100][Step 50/670] Loss: 1.2156 | Acc_t2c: 0.832 | Acc_c2t: 0.805 | Temp: 0.0587 | LR: 3.07e-06
2026-02-07 14:27:14 [INFO] src.training.train_clop: [Epoch 100][Step 100/670] Loss: 1.2283 | Acc_t2c: 0.816 | Acc_c2t: 0.789 | Temp: 0.0587 | LR: 3.06e-06
2026-02-07 14:27:14 [INFO] src.training.train_clop: [Epoch 100][Step 150/670] Loss: 1.2324 | Acc_t2c: 0.797 | Acc_c2t: 0.816 | Temp: 0.0587 | LR: 3.05e-06
2026-02-07 14:27:15 [INFO] src.training.train_clop: [Epoch 100][Step 200/670] Loss: 1.2170 | Acc_t2c: 0.801 | Acc_c2t: 0.816 | Temp: 0.0587 | LR: 3.04e-06
2026-02-07 14:27:15 [INFO] src.training.train_clop: [Epoch 100][Step 250/670] Loss: 1.2338 | Acc_t2c: 0.812 | Acc_c2t: 0.793 | Temp: 0.0587 | LR: 3.03e-06
2026-02-07 14:27:15 [INFO] src.training.train_clop: [Epoch 100][Step 300/670] Loss: 1.1937 | Acc_t2c: 0.840 | Acc_c2t: 0.824 | Temp: 0.0587 | LR: 3.02e-06
2026-02-07 14:27:15 [INFO] src.training.train_clop: [Epoch 100][Step 350/670] Loss: 1.2097 | Acc_t2c: 0.828 | Acc_c2t: 0.832 | Temp: 0.0587 | LR: 3.02e-06
2026-02-07 14:27:15 [INFO] src.training.train_clop: [Epoch 100][Step 400/670] Loss: 1.2332 | Acc_t2c: 0.816 | Acc_c2t: 0.785 | Temp: 0.0587 | LR: 3.01e-06
2026-02-07 14:27:15 [INFO] src.training.train_clop: [Epoch 100][Step 450/670] Loss: 1.2244 | Acc_t2c: 0.820 | Acc_c2t: 0.805 | Temp: 0.0587 | LR: 3.01e-06
2026-02-07 14:27:16 [INFO] src.training.train_clop: [Epoch 100][Step 500/670] Loss: 1.2611 | Acc_t2c: 0.797 | Acc_c2t: 0.770 | Temp: 0.0587 | LR: 3.01e-06
2026-02-07 14:27:16 [INFO] src.training.train_clop: [Epoch 100][Step 550/670] Loss: 1.2386 | Acc_t2c: 0.812 | Acc_c2t: 0.797 | Temp: 0.0587 | LR: 3.00e-06
2026-02-07 14:27:16 [INFO] src.training.train_clop: [Epoch 100][Step 600/670] Loss: 1.2324 | Acc_t2c: 0.820 | Acc_c2t: 0.832 | Temp: 0.0587 | LR: 3.00e-06
2026-02-07 14:27:16 [INFO] src.training.train_clop: [Epoch 100][Step 650/670] Loss: 1.2364 | Acc_t2c: 0.809 | Acc_c2t: 0.805 | Temp: 0.0587 | LR: 3.00e-06
2026-02-07 14:27:16 [INFO] src.training.train_clop: 
============================================================
Epoch 100/100 (2.3s)
  Train Loss: 1.2305
  Val   Loss: 1.3144
  Val   Acc:  0.789
============================================================
2026-02-07 14:27:17 [INFO] src.training.train_clop: Projected text embeddings saved: (190826, 256) → data/cached_latents/projected_text.npy

CLOP training complete!
Best val loss: 1.3138
Next: Run 04b_train_dit.py for flow matching training.
