nohup: ignoring input
Found CLOP-projected text at data/cached_latents/projected_text.npy
DiT Training Configuration:
{
  "cache_dir": "data/cached_latents",
  "save_dir": "models/checkpoints",
  "projected_text_path": "data/cached_latents/projected_text.npy",
  "num_epochs": 200,
  "batch_size": 512,
  "lr": 0.0001,
  "latent_dim": 512,
  "hidden_dim": 384,
  "num_blocks": 8,
  "num_heads": 6,
  "cond_dim": 256,
  "device": "cuda"
}

DiT Model: 22.10M trainable parameters
2026-02-07 14:27:53 [INFO] src.training.train_dit: ============================================================
2026-02-07 14:27:53 [INFO] src.training.train_dit: DiT Flow Matching Training
2026-02-07 14:27:53 [INFO] src.training.train_dit: Model params: 22.10M
2026-02-07 14:27:53 [INFO] src.training.train_dit: Device: cuda | AMP: True | EMA: 0.9999
2026-02-07 14:27:53 [INFO] src.training.train_dit: ============================================================
2026-02-07 14:27:53 [INFO] src.training.train_dit: [Epoch 1][Step 0/335] Loss: 1.871990 | LR: 2.99e-08
2026-02-07 14:27:55 [INFO] src.training.train_dit: [Epoch 1][Step 50/335] Loss: 1.863510 | LR: 1.52e-06
2026-02-07 14:27:57 [INFO] src.training.train_dit: [Epoch 1][Step 100/335] Loss: 1.852499 | LR: 3.01e-06
2026-02-07 14:27:59 [INFO] src.training.train_dit: [Epoch 1][Step 150/335] Loss: 1.827774 | LR: 4.51e-06
2026-02-07 14:28:02 [INFO] src.training.train_dit: [Epoch 1][Step 200/335] Loss: 1.790372 | LR: 6.00e-06
2026-02-07 14:28:04 [INFO] src.training.train_dit: [Epoch 1][Step 250/335] Loss: 1.721372 | LR: 7.49e-06
2026-02-07 14:28:06 [INFO] src.training.train_dit: [Epoch 1][Step 300/335] Loss: 1.598558 | LR: 8.99e-06
2026-02-07 14:28:09 [INFO] src.training.train_dit: 
============================================================
Epoch 1/200 (16.6s)
  Train Loss: 1.772574
  Val   Loss: 1.865110
  Val  Cosine: 0.6253
============================================================
2026-02-07 14:28:09 [INFO] src.training.train_dit:   ✓ New best model (val_loss=1.865110)
2026-02-07 14:28:09 [INFO] src.training.train_dit: [Epoch 2][Step 0/335] Loss: 1.451237 | LR: 1.00e-05
2026-02-07 14:28:12 [INFO] src.training.train_dit: [Epoch 2][Step 50/335] Loss: 1.181692 | LR: 1.15e-05
2026-02-07 14:28:14 [INFO] src.training.train_dit: [Epoch 2][Step 100/335] Loss: 0.813597 | LR: 1.30e-05
2026-02-07 14:28:16 [INFO] src.training.train_dit: [Epoch 2][Step 150/335] Loss: 0.456048 | LR: 1.45e-05
2026-02-07 14:28:18 [INFO] src.training.train_dit: [Epoch 2][Step 200/335] Loss: 0.311067 | LR: 1.60e-05
2026-02-07 14:28:20 [INFO] src.training.train_dit: [Epoch 2][Step 250/335] Loss: 0.338897 | LR: 1.75e-05
2026-02-07 14:28:22 [INFO] src.training.train_dit: [Epoch 2][Step 300/335] Loss: 0.335343 | LR: 1.90e-05
2026-02-07 14:28:25 [INFO] src.training.train_dit: 
============================================================
Epoch 2/200 (15.8s)
  Train Loss: 0.625111
  Val   Loss: 1.857218
  Val  Cosine: 0.6296
============================================================
2026-02-07 14:28:25 [INFO] src.training.train_dit:   ✓ New best model (val_loss=1.857218)
2026-02-07 14:28:26 [INFO] src.training.train_dit: [Epoch 3][Step 0/335] Loss: 0.320358 | LR: 2.00e-05
2026-02-07 14:28:28 [INFO] src.training.train_dit: [Epoch 3][Step 50/335] Loss: 0.310441 | LR: 2.15e-05
2026-02-07 14:28:30 [INFO] src.training.train_dit: [Epoch 3][Step 100/335] Loss: 0.300273 | LR: 2.30e-05
2026-02-07 14:28:32 [INFO] src.training.train_dit: [Epoch 3][Step 150/335] Loss: 0.250865 | LR: 2.45e-05
2026-02-07 14:28:34 [INFO] src.training.train_dit: [Epoch 3][Step 200/335] Loss: 0.285048 | LR: 2.60e-05
2026-02-07 14:28:36 [INFO] src.training.train_dit: [Epoch 3][Step 250/335] Loss: 0.268100 | LR: 2.75e-05
2026-02-07 14:28:39 [INFO] src.training.train_dit: [Epoch 3][Step 300/335] Loss: 0.281448 | LR: 2.90e-05
2026-02-07 14:28:41 [INFO] src.training.train_dit: 
============================================================
Epoch 3/200 (15.8s)
  Train Loss: 0.288565
  Val   Loss: 1.848760
  Val  Cosine: 0.6371
============================================================
2026-02-07 14:28:42 [INFO] src.training.train_dit:   ✓ New best model (val_loss=1.848760)
2026-02-07 14:28:42 [INFO] src.training.train_dit: [Epoch 4][Step 0/335] Loss: 0.257576 | LR: 3.00e-05
2026-02-07 14:28:44 [INFO] src.training.train_dit: [Epoch 4][Step 50/335] Loss: 0.258931 | LR: 3.15e-05
2026-02-07 14:28:46 [INFO] src.training.train_dit: [Epoch 4][Step 100/335] Loss: 0.284036 | LR: 3.30e-05
2026-02-07 14:28:48 [INFO] src.training.train_dit: [Epoch 4][Step 150/335] Loss: 0.278572 | LR: 3.45e-05
2026-02-07 14:28:50 [INFO] src.training.train_dit: [Epoch 4][Step 200/335] Loss: 0.279251 | LR: 3.60e-05
2026-02-07 14:28:53 [INFO] src.training.train_dit: [Epoch 4][Step 250/335] Loss: 0.265235 | LR: 3.75e-05
2026-02-07 14:28:55 [INFO] src.training.train_dit: [Epoch 4][Step 300/335] Loss: 0.243306 | LR: 3.90e-05
2026-02-07 14:28:57 [INFO] src.training.train_dit: 
============================================================
Epoch 4/200 (15.8s)
  Train Loss: 0.266959
  Val   Loss: 1.837893
  Val  Cosine: 0.6415
============================================================
2026-02-07 14:28:58 [INFO] src.training.train_dit:   ✓ New best model (val_loss=1.837893)
2026-02-07 14:28:58 [INFO] src.training.train_dit: [Epoch 5][Step 0/335] Loss: 0.257687 | LR: 4.00e-05
2026-02-07 14:29:00 [INFO] src.training.train_dit: [Epoch 5][Step 50/335] Loss: 0.243787 | LR: 4.15e-05
2026-02-07 14:29:02 [INFO] src.training.train_dit: [Epoch 5][Step 100/335] Loss: 0.232442 | LR: 4.30e-05
2026-02-07 14:29:04 [INFO] src.training.train_dit: [Epoch 5][Step 150/335] Loss: 0.273588 | LR: 4.45e-05
2026-02-07 14:29:06 [INFO] src.training.train_dit: [Epoch 5][Step 200/335] Loss: 0.247678 | LR: 4.60e-05
2026-02-07 14:29:09 [INFO] src.training.train_dit: [Epoch 5][Step 250/335] Loss: 0.237475 | LR: 4.75e-05
2026-02-07 14:29:11 [INFO] src.training.train_dit: [Epoch 5][Step 300/335] Loss: 0.250614 | LR: 4.90e-05
2026-02-07 14:29:14 [INFO] src.training.train_dit: 
============================================================
Epoch 5/200 (16.1s)
  Train Loss: 0.253461
  Val   Loss: 1.825232
  Val  Cosine: 0.6484
============================================================
2026-02-07 14:29:14 [INFO] src.training.train_dit:   ✓ New best model (val_loss=1.825232)
2026-02-07 14:29:14 [INFO] src.training.train_dit: [Epoch 6][Step 0/335] Loss: 0.241486 | LR: 5.00e-05
2026-02-07 14:29:16 [INFO] src.training.train_dit: [Epoch 6][Step 50/335] Loss: 0.238805 | LR: 5.15e-05
2026-02-07 14:29:19 [INFO] src.training.train_dit: [Epoch 6][Step 100/335] Loss: 0.245916 | LR: 5.30e-05
2026-02-07 14:29:21 [INFO] src.training.train_dit: [Epoch 6][Step 150/335] Loss: 0.246764 | LR: 5.45e-05
2026-02-07 14:29:23 [INFO] src.training.train_dit: [Epoch 6][Step 200/335] Loss: 0.240776 | LR: 5.60e-05
2026-02-07 14:29:25 [INFO] src.training.train_dit: [Epoch 6][Step 250/335] Loss: 0.232508 | LR: 5.75e-05
2026-02-07 14:29:27 [INFO] src.training.train_dit: [Epoch 6][Step 300/335] Loss: 0.241477 | LR: 5.90e-05
2026-02-07 14:29:30 [INFO] src.training.train_dit: 
============================================================
Epoch 6/200 (16.0s)
  Train Loss: 0.241172
  Val   Loss: 1.812622
  Val  Cosine: 0.6552
============================================================
2026-02-07 14:29:30 [INFO] src.training.train_dit:   ✓ New best model (val_loss=1.812622)
2026-02-07 14:29:30 [INFO] src.training.train_dit: [Epoch 7][Step 0/335] Loss: 0.234231 | LR: 6.00e-05
2026-02-07 14:29:32 [INFO] src.training.train_dit: [Epoch 7][Step 50/335] Loss: 0.240963 | LR: 6.15e-05
2026-02-07 14:29:35 [INFO] src.training.train_dit: [Epoch 7][Step 100/335] Loss: 0.222637 | LR: 6.30e-05
2026-02-07 14:29:37 [INFO] src.training.train_dit: [Epoch 7][Step 150/335] Loss: 0.225128 | LR: 6.45e-05
2026-02-07 14:29:39 [INFO] src.training.train_dit: [Epoch 7][Step 200/335] Loss: 0.226432 | LR: 6.60e-05
2026-02-07 14:29:41 [INFO] src.training.train_dit: [Epoch 7][Step 250/335] Loss: 0.217701 | LR: 6.75e-05
2026-02-07 14:29:43 [INFO] src.training.train_dit: [Epoch 7][Step 300/335] Loss: 0.230426 | LR: 6.90e-05
2026-02-07 14:29:46 [INFO] src.training.train_dit: 
============================================================
Epoch 7/200 (15.5s)
  Train Loss: 0.228320
  Val   Loss: 1.799705
  Val  Cosine: 0.6594
============================================================
2026-02-07 14:29:46 [INFO] src.training.train_dit:   ✓ New best model (val_loss=1.799705)
2026-02-07 14:29:46 [INFO] src.training.train_dit: [Epoch 8][Step 0/335] Loss: 0.231341 | LR: 7.00e-05
2026-02-07 14:29:48 [INFO] src.training.train_dit: [Epoch 8][Step 50/335] Loss: 0.243763 | LR: 7.15e-05
2026-02-07 14:29:50 [INFO] src.training.train_dit: [Epoch 8][Step 100/335] Loss: 0.203141 | LR: 7.30e-05
2026-02-07 14:29:53 [INFO] src.training.train_dit: [Epoch 8][Step 150/335] Loss: 0.224312 | LR: 7.45e-05
2026-02-07 14:29:55 [INFO] src.training.train_dit: [Epoch 8][Step 200/335] Loss: 0.209108 | LR: 7.60e-05
2026-02-07 14:29:57 [INFO] src.training.train_dit: [Epoch 8][Step 250/335] Loss: 0.205243 | LR: 7.75e-05
2026-02-07 14:29:59 [INFO] src.training.train_dit: [Epoch 8][Step 300/335] Loss: 0.207240 | LR: 7.90e-05
2026-02-07 14:30:02 [INFO] src.training.train_dit: 
============================================================
Epoch 8/200 (16.0s)
  Train Loss: 0.219005
  Val   Loss: 1.783646
  Val  Cosine: 0.6641
============================================================
2026-02-07 14:30:02 [INFO] src.training.train_dit:   ✓ New best model (val_loss=1.783646)
2026-02-07 14:30:02 [INFO] src.training.train_dit: [Epoch 9][Step 0/335] Loss: 0.231997 | LR: 8.00e-05
2026-02-07 14:30:05 [INFO] src.training.train_dit: [Epoch 9][Step 50/335] Loss: 0.200782 | LR: 8.15e-05
2026-02-07 14:30:07 [INFO] src.training.train_dit: [Epoch 9][Step 100/335] Loss: 0.199909 | LR: 8.30e-05
2026-02-07 14:30:09 [INFO] src.training.train_dit: [Epoch 9][Step 150/335] Loss: 0.213948 | LR: 8.45e-05
2026-02-07 14:30:11 [INFO] src.training.train_dit: [Epoch 9][Step 200/335] Loss: 0.221800 | LR: 8.60e-05
2026-02-07 14:30:13 [INFO] src.training.train_dit: [Epoch 9][Step 250/335] Loss: 0.195650 | LR: 8.75e-05
2026-02-07 14:30:15 [INFO] src.training.train_dit: [Epoch 9][Step 300/335] Loss: 0.208982 | LR: 8.90e-05
2026-02-07 14:30:18 [INFO] src.training.train_dit: 
============================================================
Epoch 9/200 (15.5s)
  Train Loss: 0.208643
  Val   Loss: 1.765019
  Val  Cosine: 0.6698
============================================================
2026-02-07 14:30:18 [INFO] src.training.train_dit:   ✓ New best model (val_loss=1.765019)
2026-02-07 14:30:18 [INFO] src.training.train_dit: [Epoch 10][Step 0/335] Loss: 0.204448 | LR: 9.00e-05
2026-02-07 14:30:21 [INFO] src.training.train_dit: [Epoch 10][Step 50/335] Loss: 0.193422 | LR: 9.15e-05
2026-02-07 14:30:23 [INFO] src.training.train_dit: [Epoch 10][Step 100/335] Loss: 0.202839 | LR: 9.30e-05
2026-02-07 14:30:25 [INFO] src.training.train_dit: [Epoch 10][Step 150/335] Loss: 0.213706 | LR: 9.45e-05
2026-02-07 14:30:27 [INFO] src.training.train_dit: [Epoch 10][Step 200/335] Loss: 0.194983 | LR: 9.60e-05
2026-02-07 14:30:29 [INFO] src.training.train_dit: [Epoch 10][Step 250/335] Loss: 0.191158 | LR: 9.75e-05
2026-02-07 14:30:32 [INFO] src.training.train_dit: [Epoch 10][Step 300/335] Loss: 0.204998 | LR: 9.90e-05
2026-02-07 14:30:34 [INFO] src.training.train_dit: 
============================================================
Epoch 10/200 (16.2s)
  Train Loss: 0.200421
  Val   Loss: 1.744591
  Val  Cosine: 0.6752
============================================================
2026-02-07 14:30:35 [INFO] src.training.train_dit:   ✓ New best model (val_loss=1.744591)
2026-02-07 14:30:35 [INFO] src.training.train_dit: Generation eval: {
  "frechet_distance": 839.1510127625447,
  "mmd_rbf": 0.7437393665313721,
  "coverage": 0.0,
  "density": 0.0,
  "mean_kl": 1.4783023689501946,
  "max_kl": 17.785662998963815,
  "median_kl": 1.3994101547054005,
  "mean_nearest_cosine": 0.03087719902396202,
  "real_norm_mean": 21.073490142822266,
  "gen_norm_mean": 21.534107208251953
}
2026-02-07 14:30:35 [INFO] src.training.train_dit: [Epoch 11][Step 0/335] Loss: 0.200125 | LR: 1.00e-04
2026-02-07 14:30:38 [INFO] src.training.train_dit: [Epoch 11][Step 50/335] Loss: 0.206330 | LR: 1.00e-04
2026-02-07 14:30:40 [INFO] src.training.train_dit: [Epoch 11][Step 100/335] Loss: 0.200922 | LR: 1.00e-04
2026-02-07 14:30:42 [INFO] src.training.train_dit: [Epoch 11][Step 150/335] Loss: 0.192875 | LR: 1.00e-04
2026-02-07 14:30:44 [INFO] src.training.train_dit: [Epoch 11][Step 200/335] Loss: 0.193189 | LR: 1.00e-04
2026-02-07 14:30:47 [INFO] src.training.train_dit: [Epoch 11][Step 250/335] Loss: 0.171623 | LR: 1.00e-04
2026-02-07 14:30:49 [INFO] src.training.train_dit: [Epoch 11][Step 300/335] Loss: 0.196414 | LR: 1.00e-04
2026-02-07 14:30:52 [INFO] src.training.train_dit: 
============================================================
Epoch 11/200 (16.3s)
  Train Loss: 0.191482
  Val   Loss: 1.720279
  Val  Cosine: 0.6812
============================================================
2026-02-07 14:30:52 [INFO] src.training.train_dit:   ✓ New best model (val_loss=1.720279)
2026-02-07 14:30:52 [INFO] src.training.train_dit: [Epoch 12][Step 0/335] Loss: 0.185812 | LR: 1.00e-04
2026-02-07 14:30:54 [INFO] src.training.train_dit: [Epoch 12][Step 50/335] Loss: 0.167617 | LR: 1.00e-04
2026-02-07 14:30:57 [INFO] src.training.train_dit: [Epoch 12][Step 100/335] Loss: 0.168365 | LR: 1.00e-04
2026-02-07 14:30:59 [INFO] src.training.train_dit: [Epoch 12][Step 150/335] Loss: 0.181868 | LR: 1.00e-04
2026-02-07 14:31:01 [INFO] src.training.train_dit: [Epoch 12][Step 200/335] Loss: 0.168480 | LR: 1.00e-04
2026-02-07 14:31:03 [INFO] src.training.train_dit: [Epoch 12][Step 250/335] Loss: 0.184430 | LR: 1.00e-04
2026-02-07 14:31:05 [INFO] src.training.train_dit: [Epoch 12][Step 300/335] Loss: 0.188535 | LR: 1.00e-04
2026-02-07 14:31:08 [INFO] src.training.train_dit: 
============================================================
Epoch 12/200 (16.0s)
  Train Loss: 0.182615
  Val   Loss: 1.693698
  Val  Cosine: 0.6876
============================================================
2026-02-07 14:31:08 [INFO] src.training.train_dit:   ✓ New best model (val_loss=1.693698)
2026-02-07 14:31:08 [INFO] src.training.train_dit: [Epoch 13][Step 0/335] Loss: 0.162899 | LR: 1.00e-04
2026-02-07 14:31:11 [INFO] src.training.train_dit: [Epoch 13][Step 50/335] Loss: 0.181146 | LR: 1.00e-04
2026-02-07 14:31:13 [INFO] src.training.train_dit: [Epoch 13][Step 100/335] Loss: 0.163303 | LR: 1.00e-04
2026-02-07 14:31:15 [INFO] src.training.train_dit: [Epoch 13][Step 150/335] Loss: 0.179446 | LR: 1.00e-04
2026-02-07 14:31:17 [INFO] src.training.train_dit: [Epoch 13][Step 200/335] Loss: 0.170191 | LR: 1.00e-04
2026-02-07 14:31:19 [INFO] src.training.train_dit: [Epoch 13][Step 250/335] Loss: 0.175311 | LR: 9.99e-05
2026-02-07 14:31:21 [INFO] src.training.train_dit: [Epoch 13][Step 300/335] Loss: 0.173398 | LR: 9.99e-05
2026-02-07 14:31:24 [INFO] src.training.train_dit: 
============================================================
Epoch 13/200 (15.7s)
  Train Loss: 0.174780
  Val   Loss: 1.664271
  Val  Cosine: 0.6921
============================================================
2026-02-07 14:31:24 [INFO] src.training.train_dit:   ✓ New best model (val_loss=1.664271)
2026-02-07 14:31:24 [INFO] src.training.train_dit: [Epoch 14][Step 0/335] Loss: 0.171866 | LR: 9.99e-05
2026-02-07 14:31:27 [INFO] src.training.train_dit: [Epoch 14][Step 50/335] Loss: 0.163101 | LR: 9.99e-05
2026-02-07 14:31:29 [INFO] src.training.train_dit: [Epoch 14][Step 100/335] Loss: 0.173934 | LR: 9.99e-05
2026-02-07 14:31:31 [INFO] src.training.train_dit: [Epoch 14][Step 150/335] Loss: 0.159116 | LR: 9.99e-05
2026-02-07 14:31:33 [INFO] src.training.train_dit: [Epoch 14][Step 200/335] Loss: 0.175892 | LR: 9.99e-05
2026-02-07 14:31:35 [INFO] src.training.train_dit: [Epoch 14][Step 250/335] Loss: 0.157972 | LR: 9.99e-05
2026-02-07 14:31:38 [INFO] src.training.train_dit: [Epoch 14][Step 300/335] Loss: 0.166170 | LR: 9.99e-05
2026-02-07 14:31:40 [INFO] src.training.train_dit: 
============================================================
Epoch 14/200 (15.9s)
  Train Loss: 0.169810
  Val   Loss: 1.629211
  Val  Cosine: 0.7018
============================================================
2026-02-07 14:31:41 [INFO] src.training.train_dit:   ✓ New best model (val_loss=1.629211)
2026-02-07 14:31:41 [INFO] src.training.train_dit: [Epoch 15][Step 0/335] Loss: 0.162141 | LR: 9.99e-05
2026-02-07 14:31:43 [INFO] src.training.train_dit: [Epoch 15][Step 50/335] Loss: 0.162169 | LR: 9.99e-05
2026-02-07 14:31:45 [INFO] src.training.train_dit: [Epoch 15][Step 100/335] Loss: 0.199160 | LR: 9.99e-05
2026-02-07 14:31:47 [INFO] src.training.train_dit: [Epoch 15][Step 150/335] Loss: 0.162176 | LR: 9.99e-05
2026-02-07 14:31:49 [INFO] src.training.train_dit: [Epoch 15][Step 200/335] Loss: 0.172373 | LR: 9.99e-05
2026-02-07 14:31:52 [INFO] src.training.train_dit: [Epoch 15][Step 250/335] Loss: 0.163293 | LR: 9.98e-05
2026-02-07 14:31:54 [INFO] src.training.train_dit: [Epoch 15][Step 300/335] Loss: 0.167933 | LR: 9.98e-05
2026-02-07 14:31:57 [INFO] src.training.train_dit: 
============================================================
Epoch 15/200 (16.1s)
  Train Loss: 0.163620
  Val   Loss: 1.587519
  Val  Cosine: 0.7104
============================================================
2026-02-07 14:31:57 [INFO] src.training.train_dit:   ✓ New best model (val_loss=1.587519)
2026-02-07 14:31:57 [INFO] src.training.train_dit: [Epoch 16][Step 0/335] Loss: 0.162472 | LR: 9.98e-05
2026-02-07 14:31:59 [INFO] src.training.train_dit: [Epoch 16][Step 50/335] Loss: 0.161467 | LR: 9.98e-05
2026-02-07 14:32:01 [INFO] src.training.train_dit: [Epoch 16][Step 100/335] Loss: 0.157965 | LR: 9.98e-05
2026-02-07 14:32:04 [INFO] src.training.train_dit: [Epoch 16][Step 150/335] Loss: 0.169263 | LR: 9.98e-05
2026-02-07 14:32:06 [INFO] src.training.train_dit: [Epoch 16][Step 200/335] Loss: 0.170290 | LR: 9.98e-05
2026-02-07 14:32:08 [INFO] src.training.train_dit: [Epoch 16][Step 250/335] Loss: 0.168546 | LR: 9.98e-05
2026-02-07 14:32:10 [INFO] src.training.train_dit: [Epoch 16][Step 300/335] Loss: 0.138573 | LR: 9.98e-05
2026-02-07 14:32:13 [INFO] src.training.train_dit: 
============================================================
Epoch 16/200 (15.8s)
  Train Loss: 0.158702
  Val   Loss: 1.545000
  Val  Cosine: 0.7178
============================================================
2026-02-07 14:32:13 [INFO] src.training.train_dit:   ✓ New best model (val_loss=1.545000)
2026-02-07 14:32:13 [INFO] src.training.train_dit: [Epoch 17][Step 0/335] Loss: 0.152407 | LR: 9.98e-05
2026-02-07 14:32:15 [INFO] src.training.train_dit: [Epoch 17][Step 50/335] Loss: 0.151878 | LR: 9.97e-05
2026-02-07 14:32:18 [INFO] src.training.train_dit: [Epoch 17][Step 100/335] Loss: 0.159275 | LR: 9.97e-05
2026-02-07 14:32:20 [INFO] src.training.train_dit: [Epoch 17][Step 150/335] Loss: 0.152929 | LR: 9.97e-05
2026-02-07 14:32:22 [INFO] src.training.train_dit: [Epoch 17][Step 200/335] Loss: 0.175817 | LR: 9.97e-05
2026-02-07 14:32:24 [INFO] src.training.train_dit: [Epoch 17][Step 250/335] Loss: 0.151266 | LR: 9.97e-05
2026-02-07 14:32:26 [INFO] src.training.train_dit: [Epoch 17][Step 300/335] Loss: 0.161568 | LR: 9.97e-05
2026-02-07 14:32:29 [INFO] src.training.train_dit: 
============================================================
Epoch 17/200 (16.2s)
  Train Loss: 0.154676
  Val   Loss: 1.501278
  Val  Cosine: 0.7258
============================================================
2026-02-07 14:32:29 [INFO] src.training.train_dit:   ✓ New best model (val_loss=1.501278)
2026-02-07 14:32:30 [INFO] src.training.train_dit: [Epoch 18][Step 0/335] Loss: 0.139561 | LR: 9.97e-05
2026-02-07 14:32:32 [INFO] src.training.train_dit: [Epoch 18][Step 50/335] Loss: 0.161594 | LR: 9.97e-05
2026-02-07 14:32:34 [INFO] src.training.train_dit: [Epoch 18][Step 100/335] Loss: 0.133983 | LR: 9.96e-05
2026-02-07 14:32:36 [INFO] src.training.train_dit: [Epoch 18][Step 150/335] Loss: 0.157797 | LR: 9.96e-05
2026-02-07 14:32:39 [INFO] src.training.train_dit: [Epoch 18][Step 200/335] Loss: 0.154982 | LR: 9.96e-05
2026-02-07 14:32:41 [INFO] src.training.train_dit: [Epoch 18][Step 250/335] Loss: 0.149357 | LR: 9.96e-05
2026-02-07 14:32:43 [INFO] src.training.train_dit: [Epoch 18][Step 300/335] Loss: 0.146982 | LR: 9.96e-05
2026-02-07 14:32:46 [INFO] src.training.train_dit: 
============================================================
Epoch 18/200 (16.4s)
  Train Loss: 0.150680
  Val   Loss: 1.451221
  Val  Cosine: 0.7354
============================================================
2026-02-07 14:32:46 [INFO] src.training.train_dit:   ✓ New best model (val_loss=1.451221)
2026-02-07 14:32:46 [INFO] src.training.train_dit: [Epoch 19][Step 0/335] Loss: 0.142576 | LR: 9.96e-05
2026-02-07 14:32:48 [INFO] src.training.train_dit: [Epoch 19][Step 50/335] Loss: 0.133661 | LR: 9.96e-05
2026-02-07 14:32:51 [INFO] src.training.train_dit: [Epoch 19][Step 100/335] Loss: 0.153156 | LR: 9.95e-05
2026-02-07 14:32:53 [INFO] src.training.train_dit: [Epoch 19][Step 150/335] Loss: 0.136437 | LR: 9.95e-05
2026-02-07 14:32:55 [INFO] src.training.train_dit: [Epoch 19][Step 200/335] Loss: 0.139227 | LR: 9.95e-05
2026-02-07 14:32:58 [INFO] src.training.train_dit: [Epoch 19][Step 250/335] Loss: 0.146635 | LR: 9.95e-05
2026-02-07 14:33:00 [INFO] src.training.train_dit: [Epoch 19][Step 300/335] Loss: 0.125727 | LR: 9.95e-05
2026-02-07 14:33:03 [INFO] src.training.train_dit: 
============================================================
Epoch 19/200 (16.7s)
  Train Loss: 0.146085
  Val   Loss: 1.397442
  Val  Cosine: 0.7448
============================================================
2026-02-07 14:33:03 [INFO] src.training.train_dit:   ✓ New best model (val_loss=1.397442)
2026-02-07 14:33:03 [INFO] src.training.train_dit: [Epoch 20][Step 0/335] Loss: 0.133301 | LR: 9.95e-05
2026-02-07 14:33:05 [INFO] src.training.train_dit: [Epoch 20][Step 50/335] Loss: 0.134444 | LR: 9.94e-05
2026-02-07 14:33:08 [INFO] src.training.train_dit: [Epoch 20][Step 100/335] Loss: 0.145986 | LR: 9.94e-05
2026-02-07 14:33:10 [INFO] src.training.train_dit: [Epoch 20][Step 150/335] Loss: 0.157964 | LR: 9.94e-05
2026-02-07 14:33:12 [INFO] src.training.train_dit: [Epoch 20][Step 200/335] Loss: 0.134953 | LR: 9.94e-05
2026-02-07 14:33:14 [INFO] src.training.train_dit: [Epoch 20][Step 250/335] Loss: 0.141214 | LR: 9.94e-05
2026-02-07 14:33:16 [INFO] src.training.train_dit: [Epoch 20][Step 300/335] Loss: 0.150866 | LR: 9.93e-05
2026-02-07 14:33:19 [INFO] src.training.train_dit: 
============================================================
Epoch 20/200 (15.6s)
  Train Loss: 0.142490
  Val   Loss: 1.341777
  Val  Cosine: 0.7548
============================================================
2026-02-07 14:33:19 [INFO] src.training.train_dit:   ✓ New best model (val_loss=1.341777)
2026-02-07 14:33:20 [INFO] src.training.train_dit: Generation eval: {
  "frechet_distance": 672.0428714826486,
  "mmd_rbf": 0.7416998147964478,
  "coverage": 0.0,
  "density": 0.0,
  "mean_kl": 1.2669202049090784,
  "max_kl": 17.79472393929326,
  "median_kl": 1.1663799403031394,
  "mean_nearest_cosine": 0.05964010953903198,
  "real_norm_mean": 21.073490142822266,
  "gen_norm_mean": 17.466651916503906
}
2026-02-07 14:33:20 [INFO] src.training.train_dit: [Epoch 21][Step 0/335] Loss: 0.143854 | LR: 9.93e-05
2026-02-07 14:33:22 [INFO] src.training.train_dit: [Epoch 21][Step 50/335] Loss: 0.147104 | LR: 9.93e-05
2026-02-07 14:33:24 [INFO] src.training.train_dit: [Epoch 21][Step 100/335] Loss: 0.141186 | LR: 9.93e-05
2026-02-07 14:33:26 [INFO] src.training.train_dit: [Epoch 21][Step 150/335] Loss: 0.139130 | LR: 9.93e-05
2026-02-07 14:33:29 [INFO] src.training.train_dit: [Epoch 21][Step 200/335] Loss: 0.150373 | LR: 9.92e-05
2026-02-07 14:33:31 [INFO] src.training.train_dit: [Epoch 21][Step 250/335] Loss: 0.145996 | LR: 9.92e-05
2026-02-07 14:33:33 [INFO] src.training.train_dit: [Epoch 21][Step 300/335] Loss: 0.117081 | LR: 9.92e-05
2026-02-07 14:33:36 [INFO] src.training.train_dit: 
============================================================
Epoch 21/200 (16.1s)
  Train Loss: 0.139981
  Val   Loss: 1.287088
  Val  Cosine: 0.7599
============================================================
2026-02-07 14:33:36 [INFO] src.training.train_dit:   ✓ New best model (val_loss=1.287088)
2026-02-07 14:33:36 [INFO] src.training.train_dit: [Epoch 22][Step 0/335] Loss: 0.145774 | LR: 9.92e-05
2026-02-07 14:33:38 [INFO] src.training.train_dit: [Epoch 22][Step 50/335] Loss: 0.138317 | LR: 9.92e-05
2026-02-07 14:33:41 [INFO] src.training.train_dit: [Epoch 22][Step 100/335] Loss: 0.144165 | LR: 9.91e-05
2026-02-07 14:33:43 [INFO] src.training.train_dit: [Epoch 22][Step 150/335] Loss: 0.147830 | LR: 9.91e-05
2026-02-07 14:33:45 [INFO] src.training.train_dit: [Epoch 22][Step 200/335] Loss: 0.153128 | LR: 9.91e-05
2026-02-07 14:33:47 [INFO] src.training.train_dit: [Epoch 22][Step 250/335] Loss: 0.133283 | LR: 9.91e-05
2026-02-07 14:33:49 [INFO] src.training.train_dit: [Epoch 22][Step 300/335] Loss: 0.131063 | LR: 9.90e-05
2026-02-07 14:33:52 [INFO] src.training.train_dit: 
============================================================
Epoch 22/200 (15.8s)
  Train Loss: 0.136413
  Val   Loss: 1.227185
  Val  Cosine: 0.7704
============================================================
2026-02-07 14:33:52 [INFO] src.training.train_dit:   ✓ New best model (val_loss=1.227185)
2026-02-07 14:33:52 [INFO] src.training.train_dit: [Epoch 23][Step 0/335] Loss: 0.134187 | LR: 9.90e-05
2026-02-07 14:33:55 [INFO] src.training.train_dit: [Epoch 23][Step 50/335] Loss: 0.124878 | LR: 9.90e-05
2026-02-07 14:33:57 [INFO] src.training.train_dit: [Epoch 23][Step 100/335] Loss: 0.138339 | LR: 9.90e-05
2026-02-07 14:33:59 [INFO] src.training.train_dit: [Epoch 23][Step 150/335] Loss: 0.148297 | LR: 9.90e-05
2026-02-07 14:34:01 [INFO] src.training.train_dit: [Epoch 23][Step 200/335] Loss: 0.137454 | LR: 9.89e-05
2026-02-07 14:34:03 [INFO] src.training.train_dit: [Epoch 23][Step 250/335] Loss: 0.154986 | LR: 9.89e-05
2026-02-07 14:34:06 [INFO] src.training.train_dit: [Epoch 23][Step 300/335] Loss: 0.136181 | LR: 9.89e-05
2026-02-07 14:34:08 [INFO] src.training.train_dit: 
============================================================
Epoch 23/200 (16.0s)
  Train Loss: 0.134108
  Val   Loss: 1.170521
  Val  Cosine: 0.7766
============================================================
2026-02-07 14:34:09 [INFO] src.training.train_dit:   ✓ New best model (val_loss=1.170521)
2026-02-07 14:34:09 [INFO] src.training.train_dit: [Epoch 24][Step 0/335] Loss: 0.126321 | LR: 9.89e-05
2026-02-07 14:34:11 [INFO] src.training.train_dit: [Epoch 24][Step 50/335] Loss: 0.134370 | LR: 9.88e-05
2026-02-07 14:34:13 [INFO] src.training.train_dit: [Epoch 24][Step 100/335] Loss: 0.146552 | LR: 9.88e-05
2026-02-07 14:34:15 [INFO] src.training.train_dit: [Epoch 24][Step 150/335] Loss: 0.122931 | LR: 9.88e-05
2026-02-07 14:34:17 [INFO] src.training.train_dit: [Epoch 24][Step 200/335] Loss: 0.132392 | LR: 9.88e-05
2026-02-07 14:34:20 [INFO] src.training.train_dit: [Epoch 24][Step 250/335] Loss: 0.120901 | LR: 9.87e-05
2026-02-07 14:34:22 [INFO] src.training.train_dit: [Epoch 24][Step 300/335] Loss: 0.125517 | LR: 9.87e-05
2026-02-07 14:34:25 [INFO] src.training.train_dit: 
============================================================
Epoch 24/200 (16.1s)
  Train Loss: 0.132442
  Val   Loss: 1.109487
  Val  Cosine: 0.7860
============================================================
2026-02-07 14:34:25 [INFO] src.training.train_dit:   ✓ New best model (val_loss=1.109487)
2026-02-07 14:34:25 [INFO] src.training.train_dit: [Epoch 25][Step 0/335] Loss: 0.146703 | LR: 9.87e-05
2026-02-07 14:34:27 [INFO] src.training.train_dit: [Epoch 25][Step 50/335] Loss: 0.146200 | LR: 9.87e-05
2026-02-07 14:34:30 [INFO] src.training.train_dit: [Epoch 25][Step 100/335] Loss: 0.138984 | LR: 9.86e-05
2026-02-07 14:34:32 [INFO] src.training.train_dit: [Epoch 25][Step 150/335] Loss: 0.114069 | LR: 9.86e-05
2026-02-07 14:34:34 [INFO] src.training.train_dit: [Epoch 25][Step 200/335] Loss: 0.142990 | LR: 9.86e-05
2026-02-07 14:34:36 [INFO] src.training.train_dit: [Epoch 25][Step 250/335] Loss: 0.121361 | LR: 9.85e-05
2026-02-07 14:34:39 [INFO] src.training.train_dit: [Epoch 25][Step 300/335] Loss: 0.126355 | LR: 9.85e-05
2026-02-07 14:34:41 [INFO] src.training.train_dit: 
============================================================
Epoch 25/200 (16.3s)
  Train Loss: 0.129636
  Val   Loss: 1.049788
  Val  Cosine: 0.7958
============================================================
2026-02-07 14:34:42 [INFO] src.training.train_dit:   ✓ New best model (val_loss=1.049788)
2026-02-07 14:34:42 [INFO] src.training.train_dit: [Epoch 26][Step 0/335] Loss: 0.126115 | LR: 9.85e-05
2026-02-07 14:34:44 [INFO] src.training.train_dit: [Epoch 26][Step 50/335] Loss: 0.132576 | LR: 9.85e-05
2026-02-07 14:34:46 [INFO] src.training.train_dit: [Epoch 26][Step 100/335] Loss: 0.126725 | LR: 9.84e-05
2026-02-07 14:34:48 [INFO] src.training.train_dit: [Epoch 26][Step 150/335] Loss: 0.121857 | LR: 9.84e-05
2026-02-07 14:34:50 [INFO] src.training.train_dit: [Epoch 26][Step 200/335] Loss: 0.133917 | LR: 9.84e-05
2026-02-07 14:34:53 [INFO] src.training.train_dit: [Epoch 26][Step 250/335] Loss: 0.142625 | LR: 9.83e-05
2026-02-07 14:34:55 [INFO] src.training.train_dit: [Epoch 26][Step 300/335] Loss: 0.123419 | LR: 9.83e-05
2026-02-07 14:34:57 [INFO] src.training.train_dit: 
============================================================
Epoch 26/200 (15.7s)
  Train Loss: 0.129002
  Val   Loss: 1.000430
  Val  Cosine: 0.7999
============================================================
2026-02-07 14:34:58 [INFO] src.training.train_dit:   ✓ New best model (val_loss=1.000430)
2026-02-07 14:34:58 [INFO] src.training.train_dit: [Epoch 27][Step 0/335] Loss: 0.135405 | LR: 9.83e-05
2026-02-07 14:35:00 [INFO] src.training.train_dit: [Epoch 27][Step 50/335] Loss: 0.109562 | LR: 9.82e-05
2026-02-07 14:35:02 [INFO] src.training.train_dit: [Epoch 27][Step 100/335] Loss: 0.119811 | LR: 9.82e-05
2026-02-07 14:35:04 [INFO] src.training.train_dit: [Epoch 27][Step 150/335] Loss: 0.128145 | LR: 9.82e-05
2026-02-07 14:35:06 [INFO] src.training.train_dit: [Epoch 27][Step 200/335] Loss: 0.130249 | LR: 9.81e-05
2026-02-07 14:35:08 [INFO] src.training.train_dit: [Epoch 27][Step 250/335] Loss: 0.122903 | LR: 9.81e-05
2026-02-07 14:35:11 [INFO] src.training.train_dit: [Epoch 27][Step 300/335] Loss: 0.115320 | LR: 9.81e-05
2026-02-07 14:35:13 [INFO] src.training.train_dit: 
============================================================
Epoch 27/200 (15.5s)
  Train Loss: 0.126073
  Val   Loss: 0.946392
  Val  Cosine: 0.8081
============================================================
2026-02-07 14:35:13 [INFO] src.training.train_dit:   ✓ New best model (val_loss=0.946392)
2026-02-07 14:35:13 [INFO] src.training.train_dit: [Epoch 28][Step 0/335] Loss: 0.110518 | LR: 9.81e-05
2026-02-07 14:35:16 [INFO] src.training.train_dit: [Epoch 28][Step 50/335] Loss: 0.111838 | LR: 9.80e-05
2026-02-07 14:35:18 [INFO] src.training.train_dit: [Epoch 28][Step 100/335] Loss: 0.127688 | LR: 9.80e-05
2026-02-07 14:35:20 [INFO] src.training.train_dit: [Epoch 28][Step 150/335] Loss: 0.119502 | LR: 9.80e-05
2026-02-07 14:35:22 [INFO] src.training.train_dit: [Epoch 28][Step 200/335] Loss: 0.146942 | LR: 9.79e-05
2026-02-07 14:35:25 [INFO] src.training.train_dit: [Epoch 28][Step 250/335] Loss: 0.133886 | LR: 9.79e-05
2026-02-07 14:35:27 [INFO] src.training.train_dit: [Epoch 28][Step 300/335] Loss: 0.115013 | LR: 9.78e-05
2026-02-07 14:35:29 [INFO] src.training.train_dit: 
============================================================
Epoch 28/200 (16.0s)
  Train Loss: 0.123622
  Val   Loss: 0.892991
  Val  Cosine: 0.8167
============================================================
2026-02-07 14:35:30 [INFO] src.training.train_dit:   ✓ New best model (val_loss=0.892991)
2026-02-07 14:35:30 [INFO] src.training.train_dit: [Epoch 29][Step 0/335] Loss: 0.120098 | LR: 9.78e-05
2026-02-07 14:35:32 [INFO] src.training.train_dit: [Epoch 29][Step 50/335] Loss: 0.114261 | LR: 9.78e-05
2026-02-07 14:35:34 [INFO] src.training.train_dit: [Epoch 29][Step 100/335] Loss: 0.114646 | LR: 9.78e-05
2026-02-07 14:35:36 [INFO] src.training.train_dit: [Epoch 29][Step 150/335] Loss: 0.118140 | LR: 9.77e-05
2026-02-07 14:35:39 [INFO] src.training.train_dit: [Epoch 29][Step 200/335] Loss: 0.122708 | LR: 9.77e-05
2026-02-07 14:35:41 [INFO] src.training.train_dit: [Epoch 29][Step 250/335] Loss: 0.125311 | LR: 9.76e-05
2026-02-07 14:35:43 [INFO] src.training.train_dit: [Epoch 29][Step 300/335] Loss: 0.127266 | LR: 9.76e-05
2026-02-07 14:35:46 [INFO] src.training.train_dit: 
============================================================
Epoch 29/200 (16.4s)
  Train Loss: 0.122870
  Val   Loss: 0.845387
  Val  Cosine: 0.8234
============================================================
2026-02-07 14:35:46 [INFO] src.training.train_dit:   ✓ New best model (val_loss=0.845387)
2026-02-07 14:35:47 [INFO] src.training.train_dit: [Epoch 30][Step 0/335] Loss: 0.126740 | LR: 9.76e-05
2026-02-07 14:35:49 [INFO] src.training.train_dit: [Epoch 30][Step 50/335] Loss: 0.111161 | LR: 9.75e-05
2026-02-07 14:35:51 [INFO] src.training.train_dit: [Epoch 30][Step 100/335] Loss: 0.116933 | LR: 9.75e-05
2026-02-07 14:35:53 [INFO] src.training.train_dit: [Epoch 30][Step 150/335] Loss: 0.127695 | LR: 9.75e-05
2026-02-07 14:35:56 [INFO] src.training.train_dit: [Epoch 30][Step 200/335] Loss: 0.124395 | LR: 9.74e-05
2026-02-07 14:35:58 [INFO] src.training.train_dit: [Epoch 30][Step 250/335] Loss: 0.107077 | LR: 9.74e-05
2026-02-07 14:36:00 [INFO] src.training.train_dit: [Epoch 30][Step 300/335] Loss: 0.115428 | LR: 9.73e-05
2026-02-07 14:36:02 [INFO] src.training.train_dit: 
============================================================
Epoch 30/200 (15.9s)
  Train Loss: 0.121366
  Val   Loss: 0.803458
  Val  Cosine: 0.8283
============================================================
2026-02-07 14:36:03 [INFO] src.training.train_dit:   ✓ New best model (val_loss=0.803458)
2026-02-07 14:36:04 [INFO] src.training.train_dit: Generation eval: {
  "frechet_distance": 334.1786969997201,
  "mmd_rbf": 0.6828723549842834,
  "coverage": 0.0,
  "density": 0.0,
  "mean_kl": 0.7354984415426034,
  "max_kl": 17.7816437720506,
  "median_kl": 0.5009542391484796,
  "mean_nearest_cosine": 0.45638981461524963,
  "real_norm_mean": 21.073490142822266,
  "gen_norm_mean": 9.533592224121094
}
2026-02-07 14:36:04 [INFO] src.training.train_dit: [Epoch 31][Step 0/335] Loss: 0.130479 | LR: 9.73e-05
2026-02-07 14:36:06 [INFO] src.training.train_dit: [Epoch 31][Step 50/335] Loss: 0.118893 | LR: 9.73e-05
2026-02-07 14:36:09 [INFO] src.training.train_dit: [Epoch 31][Step 100/335] Loss: 0.120794 | LR: 9.72e-05
2026-02-07 14:36:11 [INFO] src.training.train_dit: [Epoch 31][Step 150/335] Loss: 0.110830 | LR: 9.72e-05
2026-02-07 14:36:13 [INFO] src.training.train_dit: [Epoch 31][Step 200/335] Loss: 0.127299 | LR: 9.72e-05
2026-02-07 14:36:15 [INFO] src.training.train_dit: [Epoch 31][Step 250/335] Loss: 0.126523 | LR: 9.71e-05
2026-02-07 14:36:17 [INFO] src.training.train_dit: [Epoch 31][Step 300/335] Loss: 0.111258 | LR: 9.71e-05
2026-02-07 14:36:20 [INFO] src.training.train_dit: 
============================================================
Epoch 31/200 (15.6s)
  Train Loss: 0.119269
  Val   Loss: 0.760197
  Val  Cosine: 0.8348
============================================================
2026-02-07 14:36:20 [INFO] src.training.train_dit:   ✓ New best model (val_loss=0.760197)
2026-02-07 14:36:20 [INFO] src.training.train_dit: [Epoch 32][Step 0/335] Loss: 0.125474 | LR: 9.70e-05
2026-02-07 14:36:22 [INFO] src.training.train_dit: [Epoch 32][Step 50/335] Loss: 0.118502 | LR: 9.70e-05
2026-02-07 14:36:24 [INFO] src.training.train_dit: [Epoch 32][Step 100/335] Loss: 0.107544 | LR: 9.70e-05
2026-02-07 14:36:27 [INFO] src.training.train_dit: [Epoch 32][Step 150/335] Loss: 0.119179 | LR: 9.69e-05
2026-02-07 14:36:29 [INFO] src.training.train_dit: [Epoch 32][Step 200/335] Loss: 0.116632 | LR: 9.69e-05
2026-02-07 14:36:31 [INFO] src.training.train_dit: [Epoch 32][Step 250/335] Loss: 0.125242 | LR: 9.68e-05
2026-02-07 14:36:33 [INFO] src.training.train_dit: [Epoch 32][Step 300/335] Loss: 0.114721 | LR: 9.68e-05
2026-02-07 14:36:36 [INFO] src.training.train_dit: 
============================================================
Epoch 32/200 (15.8s)
  Train Loss: 0.118595
  Val   Loss: 0.720053
  Val  Cosine: 0.8419
============================================================
2026-02-07 14:36:36 [INFO] src.training.train_dit:   ✓ New best model (val_loss=0.720053)
2026-02-07 14:36:36 [INFO] src.training.train_dit: [Epoch 33][Step 0/335] Loss: 0.124873 | LR: 9.68e-05
2026-02-07 14:36:38 [INFO] src.training.train_dit: [Epoch 33][Step 50/335] Loss: 0.123879 | LR: 9.67e-05
2026-02-07 14:36:41 [INFO] src.training.train_dit: [Epoch 33][Step 100/335] Loss: 0.129666 | LR: 9.67e-05
2026-02-07 14:36:43 [INFO] src.training.train_dit: [Epoch 33][Step 150/335] Loss: 0.119422 | LR: 9.66e-05
2026-02-07 14:36:45 [INFO] src.training.train_dit: [Epoch 33][Step 200/335] Loss: 0.125007 | LR: 9.66e-05
2026-02-07 14:36:47 [INFO] src.training.train_dit: [Epoch 33][Step 250/335] Loss: 0.126848 | LR: 9.65e-05
2026-02-07 14:36:49 [INFO] src.training.train_dit: [Epoch 33][Step 300/335] Loss: 0.126815 | LR: 9.65e-05
2026-02-07 14:36:52 [INFO] src.training.train_dit: 
============================================================
Epoch 33/200 (15.6s)
  Train Loss: 0.117534
  Val   Loss: 0.674982
  Val  Cosine: 0.8500
============================================================
2026-02-07 14:36:52 [INFO] src.training.train_dit:   ✓ New best model (val_loss=0.674982)
2026-02-07 14:36:52 [INFO] src.training.train_dit: [Epoch 34][Step 0/335] Loss: 0.114387 | LR: 9.65e-05
2026-02-07 14:36:54 [INFO] src.training.train_dit: [Epoch 34][Step 50/335] Loss: 0.114680 | LR: 9.64e-05
2026-02-07 14:36:57 [INFO] src.training.train_dit: [Epoch 34][Step 100/335] Loss: 0.113177 | LR: 9.64e-05
2026-02-07 14:36:59 [INFO] src.training.train_dit: [Epoch 34][Step 150/335] Loss: 0.123367 | LR: 9.63e-05
2026-02-07 14:37:01 [INFO] src.training.train_dit: [Epoch 34][Step 200/335] Loss: 0.110173 | LR: 9.63e-05
2026-02-07 14:37:03 [INFO] src.training.train_dit: [Epoch 34][Step 250/335] Loss: 0.127788 | LR: 9.62e-05
2026-02-07 14:37:05 [INFO] src.training.train_dit: [Epoch 34][Step 300/335] Loss: 0.110669 | LR: 9.62e-05
2026-02-07 14:37:07 [INFO] src.training.train_dit: 
============================================================
Epoch 34/200 (15.3s)
  Train Loss: 0.116273
  Val   Loss: 0.642172
  Val  Cosine: 0.8551
============================================================
2026-02-07 14:37:08 [INFO] src.training.train_dit:   ✓ New best model (val_loss=0.642172)
2026-02-07 14:37:08 [INFO] src.training.train_dit: [Epoch 35][Step 0/335] Loss: 0.115417 | LR: 9.62e-05
2026-02-07 14:37:10 [INFO] src.training.train_dit: [Epoch 35][Step 50/335] Loss: 0.113422 | LR: 9.61e-05
2026-02-07 14:37:12 [INFO] src.training.train_dit: [Epoch 35][Step 100/335] Loss: 0.100448 | LR: 9.61e-05
2026-02-07 14:37:14 [INFO] src.training.train_dit: [Epoch 35][Step 150/335] Loss: 0.123300 | LR: 9.60e-05
2026-02-07 14:37:16 [INFO] src.training.train_dit: [Epoch 35][Step 200/335] Loss: 0.110471 | LR: 9.60e-05
2026-02-07 14:37:18 [INFO] src.training.train_dit: [Epoch 35][Step 250/335] Loss: 0.115353 | LR: 9.59e-05
2026-02-07 14:37:21 [INFO] src.training.train_dit: [Epoch 35][Step 300/335] Loss: 0.116539 | LR: 9.59e-05
2026-02-07 14:37:23 [INFO] src.training.train_dit: 
============================================================
Epoch 35/200 (15.5s)
  Train Loss: 0.115677
  Val   Loss: 0.607155
  Val  Cosine: 0.8610
============================================================
2026-02-07 14:37:24 [INFO] src.training.train_dit:   ✓ New best model (val_loss=0.607155)
2026-02-07 14:37:24 [INFO] src.training.train_dit: [Epoch 36][Step 0/335] Loss: 0.124817 | LR: 9.58e-05
2026-02-07 14:37:26 [INFO] src.training.train_dit: [Epoch 36][Step 50/335] Loss: 0.106794 | LR: 9.58e-05
2026-02-07 14:37:28 [INFO] src.training.train_dit: [Epoch 36][Step 100/335] Loss: 0.135098 | LR: 9.57e-05
2026-02-07 14:37:30 [INFO] src.training.train_dit: [Epoch 36][Step 150/335] Loss: 0.104573 | LR: 9.57e-05
2026-02-07 14:37:32 [INFO] src.training.train_dit: [Epoch 36][Step 200/335] Loss: 0.119581 | LR: 9.56e-05
2026-02-07 14:37:34 [INFO] src.training.train_dit: [Epoch 36][Step 250/335] Loss: 0.109231 | LR: 9.56e-05
2026-02-07 14:37:37 [INFO] src.training.train_dit: [Epoch 36][Step 300/335] Loss: 0.127624 | LR: 9.55e-05
2026-02-07 14:37:39 [INFO] src.training.train_dit: 
============================================================
Epoch 36/200 (15.7s)
  Train Loss: 0.114835
  Val   Loss: 0.573861
  Val  Cosine: 0.8672
============================================================
2026-02-07 14:37:40 [INFO] src.training.train_dit:   ✓ New best model (val_loss=0.573861)
2026-02-07 14:37:40 [INFO] src.training.train_dit: [Epoch 37][Step 0/335] Loss: 0.112226 | LR: 9.55e-05
2026-02-07 14:37:42 [INFO] src.training.train_dit: [Epoch 37][Step 50/335] Loss: 0.108556 | LR: 9.54e-05
2026-02-07 14:37:44 [INFO] src.training.train_dit: [Epoch 37][Step 100/335] Loss: 0.108172 | LR: 9.54e-05
2026-02-07 14:37:46 [INFO] src.training.train_dit: [Epoch 37][Step 150/335] Loss: 0.112886 | LR: 9.53e-05
2026-02-07 14:37:48 [INFO] src.training.train_dit: [Epoch 37][Step 200/335] Loss: 0.104041 | LR: 9.53e-05
2026-02-07 14:37:51 [INFO] src.training.train_dit: [Epoch 37][Step 250/335] Loss: 0.110003 | LR: 9.52e-05
2026-02-07 14:37:53 [INFO] src.training.train_dit: [Epoch 37][Step 300/335] Loss: 0.111064 | LR: 9.52e-05
2026-02-07 14:37:56 [INFO] src.training.train_dit: 
============================================================
Epoch 37/200 (16.2s)
  Train Loss: 0.114231
  Val   Loss: 0.543472
  Val  Cosine: 0.8721
============================================================
2026-02-07 14:37:56 [INFO] src.training.train_dit:   ✓ New best model (val_loss=0.543472)
2026-02-07 14:37:56 [INFO] src.training.train_dit: [Epoch 38][Step 0/335] Loss: 0.113417 | LR: 9.51e-05
2026-02-07 14:37:58 [INFO] src.training.train_dit: [Epoch 38][Step 50/335] Loss: 0.121582 | LR: 9.51e-05
2026-02-07 14:38:01 [INFO] src.training.train_dit: [Epoch 38][Step 100/335] Loss: 0.101269 | LR: 9.50e-05
2026-02-07 14:38:03 [INFO] src.training.train_dit: [Epoch 38][Step 150/335] Loss: 0.129280 | LR: 9.50e-05
2026-02-07 14:38:05 [INFO] src.training.train_dit: [Epoch 38][Step 200/335] Loss: 0.116773 | LR: 9.49e-05
2026-02-07 14:38:07 [INFO] src.training.train_dit: [Epoch 38][Step 250/335] Loss: 0.102119 | LR: 9.49e-05
2026-02-07 14:38:10 [INFO] src.training.train_dit: [Epoch 38][Step 300/335] Loss: 0.134698 | LR: 9.48e-05
2026-02-07 14:38:12 [INFO] src.training.train_dit: 
============================================================
Epoch 38/200 (16.1s)
  Train Loss: 0.112801
  Val   Loss: 0.514029
  Val  Cosine: 0.8782
============================================================
2026-02-07 14:38:12 [INFO] src.training.train_dit:   ✓ New best model (val_loss=0.514029)
2026-02-07 14:38:13 [INFO] src.training.train_dit: [Epoch 39][Step 0/335] Loss: 0.127751 | LR: 9.48e-05
2026-02-07 14:38:15 [INFO] src.training.train_dit: [Epoch 39][Step 50/335] Loss: 0.110220 | LR: 9.47e-05
2026-02-07 14:38:17 [INFO] src.training.train_dit: [Epoch 39][Step 100/335] Loss: 0.117300 | LR: 9.47e-05
2026-02-07 14:38:19 [INFO] src.training.train_dit: [Epoch 39][Step 150/335] Loss: 0.117393 | LR: 9.46e-05
2026-02-07 14:38:21 [INFO] src.training.train_dit: [Epoch 39][Step 200/335] Loss: 0.107564 | LR: 9.46e-05
2026-02-07 14:38:23 [INFO] src.training.train_dit: [Epoch 39][Step 250/335] Loss: 0.126041 | LR: 9.45e-05
2026-02-07 14:38:25 [INFO] src.training.train_dit: [Epoch 39][Step 300/335] Loss: 0.097476 | LR: 9.45e-05
2026-02-07 14:38:28 [INFO] src.training.train_dit: 
============================================================
Epoch 39/200 (15.5s)
  Train Loss: 0.112123
  Val   Loss: 0.483804
  Val  Cosine: 0.8846
============================================================
2026-02-07 14:38:28 [INFO] src.training.train_dit:   ✓ New best model (val_loss=0.483804)
2026-02-07 14:38:28 [INFO] src.training.train_dit: [Epoch 40][Step 0/335] Loss: 0.101507 | LR: 9.44e-05
2026-02-07 14:38:30 [INFO] src.training.train_dit: [Epoch 40][Step 50/335] Loss: 0.113585 | LR: 9.44e-05
2026-02-07 14:38:33 [INFO] src.training.train_dit: [Epoch 40][Step 100/335] Loss: 0.111413 | LR: 9.43e-05
2026-02-07 14:38:35 [INFO] src.training.train_dit: [Epoch 40][Step 150/335] Loss: 0.110864 | LR: 9.42e-05
2026-02-07 14:38:37 [INFO] src.training.train_dit: [Epoch 40][Step 200/335] Loss: 0.095242 | LR: 9.42e-05
2026-02-07 14:38:39 [INFO] src.training.train_dit: [Epoch 40][Step 250/335] Loss: 0.119112 | LR: 9.41e-05
2026-02-07 14:38:41 [INFO] src.training.train_dit: [Epoch 40][Step 300/335] Loss: 0.112346 | LR: 9.41e-05
2026-02-07 14:38:44 [INFO] src.training.train_dit: 
============================================================
Epoch 40/200 (15.6s)
  Train Loss: 0.110899
  Val   Loss: 0.455109
  Val  Cosine: 0.8903
============================================================
2026-02-07 14:38:44 [INFO] src.training.train_dit:   ✓ New best model (val_loss=0.455109)
2026-02-07 14:38:46 [INFO] src.training.train_dit: Generation eval: {
  "frechet_distance": 110.67052994201529,
  "mmd_rbf": 0.2988131046295166,
  "coverage": 0.0,
  "density": 0.0,
  "mean_kl": 1.5289544438810982,
  "max_kl": 17.81025707208576,
  "median_kl": 1.1864120029632255,
  "mean_nearest_cosine": 0.9437140822410583,
  "real_norm_mean": 21.073490142822266,
  "gen_norm_mean": 11.775856018066406
}
2026-02-07 14:38:46 [INFO] src.training.train_dit: [Epoch 41][Step 0/335] Loss: 0.107139 | LR: 9.40e-05
2026-02-07 14:38:48 [INFO] src.training.train_dit: [Epoch 41][Step 50/335] Loss: 0.113057 | LR: 9.40e-05
2026-02-07 14:38:50 [INFO] src.training.train_dit: [Epoch 41][Step 100/335] Loss: 0.106596 | LR: 9.39e-05
2026-02-07 14:38:52 [INFO] src.training.train_dit: [Epoch 41][Step 150/335] Loss: 0.129674 | LR: 9.39e-05
2026-02-07 14:38:55 [INFO] src.training.train_dit: [Epoch 41][Step 200/335] Loss: 0.112990 | LR: 9.38e-05
2026-02-07 14:38:57 [INFO] src.training.train_dit: [Epoch 41][Step 250/335] Loss: 0.111523 | LR: 9.37e-05
2026-02-07 14:38:59 [INFO] src.training.train_dit: [Epoch 41][Step 300/335] Loss: 0.104025 | LR: 9.37e-05
2026-02-07 14:39:02 [INFO] src.training.train_dit: 
============================================================
Epoch 41/200 (15.6s)
  Train Loss: 0.110745
  Val   Loss: 0.434837
  Val  Cosine: 0.8938
============================================================
2026-02-07 14:39:02 [INFO] src.training.train_dit:   ✓ New best model (val_loss=0.434837)
2026-02-07 14:39:02 [INFO] src.training.train_dit: [Epoch 42][Step 0/335] Loss: 0.103098 | LR: 9.36e-05
2026-02-07 14:39:04 [INFO] src.training.train_dit: [Epoch 42][Step 50/335] Loss: 0.111342 | LR: 9.36e-05
2026-02-07 14:39:06 [INFO] src.training.train_dit: [Epoch 42][Step 100/335] Loss: 0.096509 | LR: 9.35e-05
2026-02-07 14:39:08 [INFO] src.training.train_dit: [Epoch 42][Step 150/335] Loss: 0.097488 | LR: 9.35e-05
2026-02-07 14:39:11 [INFO] src.training.train_dit: [Epoch 42][Step 200/335] Loss: 0.113675 | LR: 9.34e-05
2026-02-07 14:39:13 [INFO] src.training.train_dit: [Epoch 42][Step 250/335] Loss: 0.103265 | LR: 9.33e-05
2026-02-07 14:39:15 [INFO] src.training.train_dit: [Epoch 42][Step 300/335] Loss: 0.103814 | LR: 9.33e-05
2026-02-07 14:39:17 [INFO] src.training.train_dit: 
============================================================
Epoch 42/200 (15.5s)
  Train Loss: 0.109495
  Val   Loss: 0.409850
  Val  Cosine: 0.8995
============================================================
2026-02-07 14:39:18 [INFO] src.training.train_dit:   ✓ New best model (val_loss=0.409850)
2026-02-07 14:39:18 [INFO] src.training.train_dit: [Epoch 43][Step 0/335] Loss: 0.108730 | LR: 9.32e-05
2026-02-07 14:39:20 [INFO] src.training.train_dit: [Epoch 43][Step 50/335] Loss: 0.108801 | LR: 9.32e-05
2026-02-07 14:39:22 [INFO] src.training.train_dit: [Epoch 43][Step 100/335] Loss: 0.111991 | LR: 9.31e-05
2026-02-07 14:39:24 [INFO] src.training.train_dit: [Epoch 43][Step 150/335] Loss: 0.114121 | LR: 9.30e-05
2026-02-07 14:39:26 [INFO] src.training.train_dit: [Epoch 43][Step 200/335] Loss: 0.102958 | LR: 9.30e-05
2026-02-07 14:39:29 [INFO] src.training.train_dit: [Epoch 43][Step 250/335] Loss: 0.111623 | LR: 9.29e-05
2026-02-07 14:39:31 [INFO] src.training.train_dit: [Epoch 43][Step 300/335] Loss: 0.116439 | LR: 9.29e-05
2026-02-07 14:39:33 [INFO] src.training.train_dit: 
============================================================
Epoch 43/200 (15.7s)
  Train Loss: 0.109151
  Val   Loss: 0.391593
  Val  Cosine: 0.9035
============================================================
2026-02-07 14:39:34 [INFO] src.training.train_dit:   ✓ New best model (val_loss=0.391593)
2026-02-07 14:39:34 [INFO] src.training.train_dit: [Epoch 44][Step 0/335] Loss: 0.099136 | LR: 9.28e-05
2026-02-07 14:39:36 [INFO] src.training.train_dit: [Epoch 44][Step 50/335] Loss: 0.104410 | LR: 9.27e-05
2026-02-07 14:39:38 [INFO] src.training.train_dit: [Epoch 44][Step 100/335] Loss: 0.095494 | LR: 9.27e-05
2026-02-07 14:39:40 [INFO] src.training.train_dit: [Epoch 44][Step 150/335] Loss: 0.098429 | LR: 9.26e-05
2026-02-07 14:39:43 [INFO] src.training.train_dit: [Epoch 44][Step 200/335] Loss: 0.101074 | LR: 9.26e-05
2026-02-07 14:39:45 [INFO] src.training.train_dit: [Epoch 44][Step 250/335] Loss: 0.108957 | LR: 9.25e-05
2026-02-07 14:39:47 [INFO] src.training.train_dit: [Epoch 44][Step 300/335] Loss: 0.110296 | LR: 9.24e-05
2026-02-07 14:39:49 [INFO] src.training.train_dit: 
============================================================
Epoch 44/200 (15.8s)
  Train Loss: 0.108415
  Val   Loss: 0.372887
  Val  Cosine: 0.9072
============================================================
2026-02-07 14:39:50 [INFO] src.training.train_dit:   ✓ New best model (val_loss=0.372887)
2026-02-07 14:39:50 [INFO] src.training.train_dit: [Epoch 45][Step 0/335] Loss: 0.107012 | LR: 9.24e-05
2026-02-07 14:39:52 [INFO] src.training.train_dit: [Epoch 45][Step 50/335] Loss: 0.107460 | LR: 9.23e-05
2026-02-07 14:39:54 [INFO] src.training.train_dit: [Epoch 45][Step 100/335] Loss: 0.097143 | LR: 9.22e-05
2026-02-07 14:39:56 [INFO] src.training.train_dit: [Epoch 45][Step 150/335] Loss: 0.101798 | LR: 9.22e-05
2026-02-07 14:39:58 [INFO] src.training.train_dit: [Epoch 45][Step 200/335] Loss: 0.111418 | LR: 9.21e-05
2026-02-07 14:40:01 [INFO] src.training.train_dit: [Epoch 45][Step 250/335] Loss: 0.101879 | LR: 9.21e-05
2026-02-07 14:40:03 [INFO] src.training.train_dit: [Epoch 45][Step 300/335] Loss: 0.124173 | LR: 9.20e-05
2026-02-07 14:40:06 [INFO] src.training.train_dit: 
============================================================
Epoch 45/200 (15.8s)
  Train Loss: 0.107307
  Val   Loss: 0.354451
  Val  Cosine: 0.9116
============================================================
2026-02-07 14:40:06 [INFO] src.training.train_dit:   ✓ New best model (val_loss=0.354451)
2026-02-07 14:40:06 [INFO] src.training.train_dit: [Epoch 46][Step 0/335] Loss: 0.089381 | LR: 9.19e-05
2026-02-07 14:40:08 [INFO] src.training.train_dit: [Epoch 46][Step 50/335] Loss: 0.114406 | LR: 9.19e-05
2026-02-07 14:40:10 [INFO] src.training.train_dit: [Epoch 46][Step 100/335] Loss: 0.107858 | LR: 9.18e-05
2026-02-07 14:40:12 [INFO] src.training.train_dit: [Epoch 46][Step 150/335] Loss: 0.105036 | LR: 9.17e-05
2026-02-07 14:40:15 [INFO] src.training.train_dit: [Epoch 46][Step 200/335] Loss: 0.111504 | LR: 9.17e-05
2026-02-07 14:40:17 [INFO] src.training.train_dit: [Epoch 46][Step 250/335] Loss: 0.109884 | LR: 9.16e-05
2026-02-07 14:40:19 [INFO] src.training.train_dit: [Epoch 46][Step 300/335] Loss: 0.111704 | LR: 9.15e-05
2026-02-07 14:40:21 [INFO] src.training.train_dit: 
============================================================
Epoch 46/200 (15.5s)
  Train Loss: 0.106802
  Val   Loss: 0.340725
  Val  Cosine: 0.9149
============================================================
2026-02-07 14:40:22 [INFO] src.training.train_dit:   ✓ New best model (val_loss=0.340725)
2026-02-07 14:40:22 [INFO] src.training.train_dit: [Epoch 47][Step 0/335] Loss: 0.106492 | LR: 9.15e-05
2026-02-07 14:40:24 [INFO] src.training.train_dit: [Epoch 47][Step 50/335] Loss: 0.089922 | LR: 9.14e-05
2026-02-07 14:40:26 [INFO] src.training.train_dit: [Epoch 47][Step 100/335] Loss: 0.097719 | LR: 9.13e-05
2026-02-07 14:40:28 [INFO] src.training.train_dit: [Epoch 47][Step 150/335] Loss: 0.109062 | LR: 9.13e-05
2026-02-07 14:40:31 [INFO] src.training.train_dit: [Epoch 47][Step 200/335] Loss: 0.114622 | LR: 9.12e-05
2026-02-07 14:40:33 [INFO] src.training.train_dit: [Epoch 47][Step 250/335] Loss: 0.097030 | LR: 9.11e-05
2026-02-07 14:40:35 [INFO] src.training.train_dit: [Epoch 47][Step 300/335] Loss: 0.102527 | LR: 9.11e-05
2026-02-07 14:40:37 [INFO] src.training.train_dit: 
============================================================
Epoch 47/200 (15.8s)
  Train Loss: 0.106521
  Val   Loss: 0.327843
  Val  Cosine: 0.9179
============================================================
2026-02-07 14:40:38 [INFO] src.training.train_dit:   ✓ New best model (val_loss=0.327843)
2026-02-07 14:40:38 [INFO] src.training.train_dit: [Epoch 48][Step 0/335] Loss: 0.114038 | LR: 9.10e-05
2026-02-07 14:40:40 [INFO] src.training.train_dit: [Epoch 48][Step 50/335] Loss: 0.091615 | LR: 9.10e-05
2026-02-07 14:40:42 [INFO] src.training.train_dit: [Epoch 48][Step 100/335] Loss: 0.095535 | LR: 9.09e-05
2026-02-07 14:40:44 [INFO] src.training.train_dit: [Epoch 48][Step 150/335] Loss: 0.100043 | LR: 9.08e-05
2026-02-07 14:40:46 [INFO] src.training.train_dit: [Epoch 48][Step 200/335] Loss: 0.105293 | LR: 9.07e-05
2026-02-07 14:40:49 [INFO] src.training.train_dit: [Epoch 48][Step 250/335] Loss: 0.110755 | LR: 9.07e-05
2026-02-07 14:40:51 [INFO] src.training.train_dit: [Epoch 48][Step 300/335] Loss: 0.106053 | LR: 9.06e-05
2026-02-07 14:40:53 [INFO] src.training.train_dit: 
============================================================
Epoch 48/200 (15.6s)
  Train Loss: 0.105809
  Val   Loss: 0.316600
  Val  Cosine: 0.9206
============================================================
2026-02-07 14:40:54 [INFO] src.training.train_dit:   ✓ New best model (val_loss=0.316600)
2026-02-07 14:40:54 [INFO] src.training.train_dit: [Epoch 49][Step 0/335] Loss: 0.101075 | LR: 9.05e-05
2026-02-07 14:40:56 [INFO] src.training.train_dit: [Epoch 49][Step 50/335] Loss: 0.101394 | LR: 9.05e-05
2026-02-07 14:40:58 [INFO] src.training.train_dit: [Epoch 49][Step 100/335] Loss: 0.102067 | LR: 9.04e-05
2026-02-07 14:41:00 [INFO] src.training.train_dit: [Epoch 49][Step 150/335] Loss: 0.114562 | LR: 9.03e-05
2026-02-07 14:41:02 [INFO] src.training.train_dit: [Epoch 49][Step 200/335] Loss: 0.104248 | LR: 9.03e-05
2026-02-07 14:41:05 [INFO] src.training.train_dit: [Epoch 49][Step 250/335] Loss: 0.106924 | LR: 9.02e-05
2026-02-07 14:41:07 [INFO] src.training.train_dit: [Epoch 49][Step 300/335] Loss: 0.100529 | LR: 9.01e-05
2026-02-07 14:41:09 [INFO] src.training.train_dit: 
============================================================
Epoch 49/200 (15.7s)
  Train Loss: 0.105548
  Val   Loss: 0.308019
  Val  Cosine: 0.9229
============================================================
2026-02-07 14:41:10 [INFO] src.training.train_dit:   ✓ New best model (val_loss=0.308019)
2026-02-07 14:41:10 [INFO] src.training.train_dit: [Epoch 50][Step 0/335] Loss: 0.113312 | LR: 9.01e-05
2026-02-07 14:41:12 [INFO] src.training.train_dit: [Epoch 50][Step 50/335] Loss: 0.103364 | LR: 9.00e-05
2026-02-07 14:41:14 [INFO] src.training.train_dit: [Epoch 50][Step 100/335] Loss: 0.100755 | LR: 8.99e-05
2026-02-07 14:41:16 [INFO] src.training.train_dit: [Epoch 50][Step 150/335] Loss: 0.116911 | LR: 8.98e-05
2026-02-07 14:41:18 [INFO] src.training.train_dit: [Epoch 50][Step 200/335] Loss: 0.103032 | LR: 8.98e-05
2026-02-07 14:41:21 [INFO] src.training.train_dit: [Epoch 50][Step 250/335] Loss: 0.107553 | LR: 8.97e-05
2026-02-07 14:41:23 [INFO] src.training.train_dit: [Epoch 50][Step 300/335] Loss: 0.095549 | LR: 8.96e-05
2026-02-07 14:41:25 [INFO] src.training.train_dit: 
============================================================
Epoch 50/200 (15.8s)
  Train Loss: 0.104947
  Val   Loss: 0.295271
  Val  Cosine: 0.9267
============================================================
2026-02-07 14:41:26 [INFO] src.training.train_dit:   ✓ New best model (val_loss=0.295271)
2026-02-07 14:41:27 [INFO] src.training.train_dit: Generation eval: {
  "frechet_distance": 32.233223769708395,
  "mmd_rbf": 0.07300424575805664,
  "coverage": 0.015625,
  "density": 0.003125,
  "mean_kl": 2.5079771884010276,
  "max_kl": 17.225936920147667,
  "median_kl": 2.3619418917428248,
  "mean_nearest_cosine": 0.9827808141708374,
  "real_norm_mean": 21.073490142822266,
  "gen_norm_mean": 16.527833938598633
}
2026-02-07 14:41:28 [INFO] src.training.train_dit: [Epoch 51][Step 0/335] Loss: 0.103224 | LR: 8.96e-05
2026-02-07 14:41:30 [INFO] src.training.train_dit: [Epoch 51][Step 50/335] Loss: 0.106797 | LR: 8.95e-05
2026-02-07 14:41:32 [INFO] src.training.train_dit: [Epoch 51][Step 100/335] Loss: 0.101574 | LR: 8.94e-05
2026-02-07 14:41:34 [INFO] src.training.train_dit: [Epoch 51][Step 150/335] Loss: 0.102086 | LR: 8.93e-05
2026-02-07 14:41:37 [INFO] src.training.train_dit: [Epoch 51][Step 200/335] Loss: 0.099882 | LR: 8.93e-05
2026-02-07 14:41:39 [INFO] src.training.train_dit: [Epoch 51][Step 250/335] Loss: 0.105715 | LR: 8.92e-05
2026-02-07 14:41:41 [INFO] src.training.train_dit: [Epoch 51][Step 300/335] Loss: 0.098446 | LR: 8.91e-05
2026-02-07 14:41:44 [INFO] src.training.train_dit: 
============================================================
Epoch 51/200 (16.1s)
  Train Loss: 0.104745
  Val   Loss: 0.288311
  Val  Cosine: 0.9286
============================================================
2026-02-07 14:41:44 [INFO] src.training.train_dit:   ✓ New best model (val_loss=0.288311)
2026-02-07 14:41:44 [INFO] src.training.train_dit: [Epoch 52][Step 0/335] Loss: 0.114699 | LR: 8.91e-05
2026-02-07 14:41:46 [INFO] src.training.train_dit: [Epoch 52][Step 50/335] Loss: 0.101420 | LR: 8.90e-05
2026-02-07 14:41:49 [INFO] src.training.train_dit: [Epoch 52][Step 100/335] Loss: 0.091419 | LR: 8.89e-05
2026-02-07 14:41:51 [INFO] src.training.train_dit: [Epoch 52][Step 150/335] Loss: 0.113690 | LR: 8.88e-05
2026-02-07 14:41:53 [INFO] src.training.train_dit: [Epoch 52][Step 200/335] Loss: 0.111316 | LR: 8.87e-05
2026-02-07 14:41:55 [INFO] src.training.train_dit: [Epoch 52][Step 250/335] Loss: 0.104652 | LR: 8.87e-05
2026-02-07 14:41:57 [INFO] src.training.train_dit: [Epoch 52][Step 300/335] Loss: 0.099661 | LR: 8.86e-05
2026-02-07 14:42:00 [INFO] src.training.train_dit: 
============================================================
Epoch 52/200 (15.9s)
  Train Loss: 0.103885
  Val   Loss: 0.278313
  Val  Cosine: 0.9318
============================================================
2026-02-07 14:42:00 [INFO] src.training.train_dit:   ✓ New best model (val_loss=0.278313)
2026-02-07 14:42:00 [INFO] src.training.train_dit: [Epoch 53][Step 0/335] Loss: 0.120195 | LR: 8.85e-05
2026-02-07 14:42:02 [INFO] src.training.train_dit: [Epoch 53][Step 50/335] Loss: 0.098249 | LR: 8.85e-05
2026-02-07 14:42:05 [INFO] src.training.train_dit: [Epoch 53][Step 100/335] Loss: 0.093549 | LR: 8.84e-05
2026-02-07 14:42:07 [INFO] src.training.train_dit: [Epoch 53][Step 150/335] Loss: 0.097741 | LR: 8.83e-05
2026-02-07 14:42:09 [INFO] src.training.train_dit: [Epoch 53][Step 200/335] Loss: 0.119070 | LR: 8.82e-05
2026-02-07 14:42:11 [INFO] src.training.train_dit: [Epoch 53][Step 250/335] Loss: 0.100027 | LR: 8.81e-05
2026-02-07 14:42:13 [INFO] src.training.train_dit: [Epoch 53][Step 300/335] Loss: 0.110723 | LR: 8.81e-05
2026-02-07 14:42:16 [INFO] src.training.train_dit: 
============================================================
Epoch 53/200 (15.5s)
  Train Loss: 0.103865
  Val   Loss: 0.270358
  Val  Cosine: 0.9339
============================================================
2026-02-07 14:42:16 [INFO] src.training.train_dit:   ✓ New best model (val_loss=0.270358)
2026-02-07 14:42:16 [INFO] src.training.train_dit: [Epoch 54][Step 0/335] Loss: 0.107613 | LR: 8.80e-05
2026-02-07 14:42:18 [INFO] src.training.train_dit: [Epoch 54][Step 50/335] Loss: 0.099900 | LR: 8.79e-05
2026-02-07 14:42:20 [INFO] src.training.train_dit: [Epoch 54][Step 100/335] Loss: 0.115223 | LR: 8.78e-05
2026-02-07 14:42:23 [INFO] src.training.train_dit: [Epoch 54][Step 150/335] Loss: 0.110021 | LR: 8.78e-05
2026-02-07 14:42:25 [INFO] src.training.train_dit: [Epoch 54][Step 200/335] Loss: 0.085300 | LR: 8.77e-05
2026-02-07 14:42:27 [INFO] src.training.train_dit: [Epoch 54][Step 250/335] Loss: 0.095679 | LR: 8.76e-05
2026-02-07 14:42:29 [INFO] src.training.train_dit: [Epoch 54][Step 300/335] Loss: 0.103899 | LR: 8.75e-05
2026-02-07 14:42:32 [INFO] src.training.train_dit: 
============================================================
Epoch 54/200 (15.7s)
  Train Loss: 0.104316
  Val   Loss: 0.264399
  Val  Cosine: 0.9356
============================================================
2026-02-07 14:42:32 [INFO] src.training.train_dit:   ✓ New best model (val_loss=0.264399)
2026-02-07 14:42:32 [INFO] src.training.train_dit: [Epoch 55][Step 0/335] Loss: 0.103257 | LR: 8.75e-05
2026-02-07 14:42:34 [INFO] src.training.train_dit: [Epoch 55][Step 50/335] Loss: 0.092377 | LR: 8.74e-05
2026-02-07 14:42:37 [INFO] src.training.train_dit: [Epoch 55][Step 100/335] Loss: 0.081785 | LR: 8.73e-05
2026-02-07 14:42:39 [INFO] src.training.train_dit: [Epoch 55][Step 150/335] Loss: 0.098651 | LR: 8.72e-05
2026-02-07 14:42:41 [INFO] src.training.train_dit: [Epoch 55][Step 200/335] Loss: 0.114312 | LR: 8.71e-05
2026-02-07 14:42:43 [INFO] src.training.train_dit: [Epoch 55][Step 250/335] Loss: 0.088636 | LR: 8.71e-05
2026-02-07 14:42:45 [INFO] src.training.train_dit: [Epoch 55][Step 300/335] Loss: 0.117017 | LR: 8.70e-05
2026-02-07 14:42:48 [INFO] src.training.train_dit: 
============================================================
Epoch 55/200 (15.7s)
  Train Loss: 0.102740
  Val   Loss: 0.259435
  Val  Cosine: 0.9373
============================================================
2026-02-07 14:42:48 [INFO] src.training.train_dit:   ✓ New best model (val_loss=0.259435)
2026-02-07 14:42:48 [INFO] src.training.train_dit: [Epoch 56][Step 0/335] Loss: 0.106940 | LR: 8.69e-05
2026-02-07 14:42:50 [INFO] src.training.train_dit: [Epoch 56][Step 50/335] Loss: 0.096934 | LR: 8.68e-05
2026-02-07 14:42:53 [INFO] src.training.train_dit: [Epoch 56][Step 100/335] Loss: 0.101845 | LR: 8.68e-05
2026-02-07 14:42:55 [INFO] src.training.train_dit: [Epoch 56][Step 150/335] Loss: 0.097167 | LR: 8.67e-05
2026-02-07 14:42:57 [INFO] src.training.train_dit: [Epoch 56][Step 200/335] Loss: 0.103477 | LR: 8.66e-05
2026-02-07 14:42:59 [INFO] src.training.train_dit: [Epoch 56][Step 250/335] Loss: 0.101027 | LR: 8.65e-05
2026-02-07 14:43:01 [INFO] src.training.train_dit: [Epoch 56][Step 300/335] Loss: 0.092323 | LR: 8.64e-05
2026-02-07 14:43:04 [INFO] src.training.train_dit: 
============================================================
Epoch 56/200 (15.7s)
  Train Loss: 0.102529
  Val   Loss: 0.249037
  Val  Cosine: 0.9403
============================================================
2026-02-07 14:43:04 [INFO] src.training.train_dit:   ✓ New best model (val_loss=0.249037)
2026-02-07 14:43:04 [INFO] src.training.train_dit: [Epoch 57][Step 0/335] Loss: 0.101435 | LR: 8.64e-05
2026-02-07 14:43:06 [INFO] src.training.train_dit: [Epoch 57][Step 50/335] Loss: 0.100710 | LR: 8.63e-05
2026-02-07 14:43:08 [INFO] src.training.train_dit: [Epoch 57][Step 100/335] Loss: 0.096582 | LR: 8.62e-05
2026-02-07 14:43:11 [INFO] src.training.train_dit: [Epoch 57][Step 150/335] Loss: 0.097623 | LR: 8.61e-05
2026-02-07 14:43:13 [INFO] src.training.train_dit: [Epoch 57][Step 200/335] Loss: 0.101068 | LR: 8.60e-05
2026-02-07 14:43:15 [INFO] src.training.train_dit: [Epoch 57][Step 250/335] Loss: 0.095788 | LR: 8.59e-05
2026-02-07 14:43:17 [INFO] src.training.train_dit: [Epoch 57][Step 300/335] Loss: 0.107815 | LR: 8.58e-05
2026-02-07 14:43:20 [INFO] src.training.train_dit: 
============================================================
Epoch 57/200 (15.7s)
  Train Loss: 0.102083
  Val   Loss: 0.243301
  Val  Cosine: 0.9427
============================================================
2026-02-07 14:43:20 [INFO] src.training.train_dit:   ✓ New best model (val_loss=0.243301)
2026-02-07 14:43:20 [INFO] src.training.train_dit: [Epoch 58][Step 0/335] Loss: 0.103747 | LR: 8.58e-05
2026-02-07 14:43:22 [INFO] src.training.train_dit: [Epoch 58][Step 50/335] Loss: 0.094545 | LR: 8.57e-05
2026-02-07 14:43:25 [INFO] src.training.train_dit: [Epoch 58][Step 100/335] Loss: 0.100721 | LR: 8.56e-05
2026-02-07 14:43:27 [INFO] src.training.train_dit: [Epoch 58][Step 150/335] Loss: 0.089165 | LR: 8.55e-05
2026-02-07 14:43:29 [INFO] src.training.train_dit: [Epoch 58][Step 200/335] Loss: 0.088420 | LR: 8.54e-05
2026-02-07 14:43:31 [INFO] src.training.train_dit: [Epoch 58][Step 250/335] Loss: 0.094209 | LR: 8.54e-05
2026-02-07 14:43:33 [INFO] src.training.train_dit: [Epoch 58][Step 300/335] Loss: 0.101436 | LR: 8.53e-05
2026-02-07 14:43:36 [INFO] src.training.train_dit: 
============================================================
Epoch 58/200 (15.8s)
  Train Loss: 0.101608
  Val   Loss: 0.234989
  Val  Cosine: 0.9453
============================================================
2026-02-07 14:43:36 [INFO] src.training.train_dit:   ✓ New best model (val_loss=0.234989)
2026-02-07 14:43:36 [INFO] src.training.train_dit: [Epoch 59][Step 0/335] Loss: 0.103646 | LR: 8.52e-05
2026-02-07 14:43:39 [INFO] src.training.train_dit: [Epoch 59][Step 50/335] Loss: 0.099987 | LR: 8.51e-05
2026-02-07 14:43:41 [INFO] src.training.train_dit: [Epoch 59][Step 100/335] Loss: 0.106702 | LR: 8.50e-05
2026-02-07 14:43:43 [INFO] src.training.train_dit: [Epoch 59][Step 150/335] Loss: 0.098592 | LR: 8.49e-05
2026-02-07 14:43:45 [INFO] src.training.train_dit: [Epoch 59][Step 200/335] Loss: 0.103641 | LR: 8.49e-05
2026-02-07 14:43:47 [INFO] src.training.train_dit: [Epoch 59][Step 250/335] Loss: 0.093347 | LR: 8.48e-05
2026-02-07 14:43:50 [INFO] src.training.train_dit: [Epoch 59][Step 300/335] Loss: 0.102944 | LR: 8.47e-05
2026-02-07 14:43:52 [INFO] src.training.train_dit: 
============================================================
Epoch 59/200 (15.9s)
  Train Loss: 0.101405
  Val   Loss: 0.230849
  Val  Cosine: 0.9468
============================================================
2026-02-07 14:43:52 [INFO] src.training.train_dit:   ✓ New best model (val_loss=0.230849)
2026-02-07 14:43:53 [INFO] src.training.train_dit: [Epoch 60][Step 0/335] Loss: 0.099944 | LR: 8.46e-05
2026-02-07 14:43:55 [INFO] src.training.train_dit: [Epoch 60][Step 50/335] Loss: 0.119800 | LR: 8.45e-05
2026-02-07 14:43:57 [INFO] src.training.train_dit: [Epoch 60][Step 100/335] Loss: 0.093594 | LR: 8.44e-05
2026-02-07 14:43:59 [INFO] src.training.train_dit: [Epoch 60][Step 150/335] Loss: 0.103539 | LR: 8.44e-05
2026-02-07 14:44:01 [INFO] src.training.train_dit: [Epoch 60][Step 200/335] Loss: 0.094556 | LR: 8.43e-05
2026-02-07 14:44:04 [INFO] src.training.train_dit: [Epoch 60][Step 250/335] Loss: 0.107024 | LR: 8.42e-05
2026-02-07 14:44:06 [INFO] src.training.train_dit: [Epoch 60][Step 300/335] Loss: 0.099402 | LR: 8.41e-05
2026-02-07 14:44:09 [INFO] src.training.train_dit: 
============================================================
Epoch 60/200 (16.0s)
  Train Loss: 0.099909
  Val   Loss: 0.222535
  Val  Cosine: 0.9493
============================================================
2026-02-07 14:44:09 [INFO] src.training.train_dit:   ✓ New best model (val_loss=0.222535)
2026-02-07 14:44:10 [INFO] src.training.train_dit: Generation eval: {
  "frechet_distance": 11.187610887655627,
  "mmd_rbf": 0.01873159408569336,
  "coverage": 0.4140625,
  "density": 0.4875,
  "mean_kl": 1.5306344710143445,
  "max_kl": 8.6576895591422,
  "median_kl": 1.4716323694479931,
  "mean_nearest_cosine": 0.9892450571060181,
  "real_norm_mean": 21.073490142822266,
  "gen_norm_mean": 18.894311904907227
}
2026-02-07 14:44:11 [INFO] src.training.train_dit: [Epoch 61][Step 0/335] Loss: 0.114635 | LR: 8.40e-05
2026-02-07 14:44:13 [INFO] src.training.train_dit: [Epoch 61][Step 50/335] Loss: 0.115411 | LR: 8.39e-05
2026-02-07 14:44:15 [INFO] src.training.train_dit: [Epoch 61][Step 100/335] Loss: 0.117822 | LR: 8.38e-05
2026-02-07 14:44:17 [INFO] src.training.train_dit: [Epoch 61][Step 150/335] Loss: 0.095293 | LR: 8.38e-05
2026-02-07 14:44:19 [INFO] src.training.train_dit: [Epoch 61][Step 200/335] Loss: 0.096911 | LR: 8.37e-05
2026-02-07 14:44:21 [INFO] src.training.train_dit: [Epoch 61][Step 250/335] Loss: 0.107953 | LR: 8.36e-05
2026-02-07 14:44:24 [INFO] src.training.train_dit: [Epoch 61][Step 300/335] Loss: 0.096142 | LR: 8.35e-05
2026-02-07 14:44:26 [INFO] src.training.train_dit: 
============================================================
Epoch 61/200 (15.7s)
  Train Loss: 0.100078
  Val   Loss: 0.218105
  Val  Cosine: 0.9507
============================================================
2026-02-07 14:44:27 [INFO] src.training.train_dit:   ✓ New best model (val_loss=0.218105)
2026-02-07 14:44:27 [INFO] src.training.train_dit: [Epoch 62][Step 0/335] Loss: 0.103388 | LR: 8.34e-05
2026-02-07 14:44:29 [INFO] src.training.train_dit: [Epoch 62][Step 50/335] Loss: 0.101089 | LR: 8.33e-05
2026-02-07 14:44:31 [INFO] src.training.train_dit: [Epoch 62][Step 100/335] Loss: 0.092536 | LR: 8.32e-05
2026-02-07 14:44:33 [INFO] src.training.train_dit: [Epoch 62][Step 150/335] Loss: 0.094782 | LR: 8.31e-05
2026-02-07 14:44:36 [INFO] src.training.train_dit: [Epoch 62][Step 200/335] Loss: 0.092915 | LR: 8.31e-05
2026-02-07 14:44:38 [INFO] src.training.train_dit: [Epoch 62][Step 250/335] Loss: 0.099528 | LR: 8.30e-05
2026-02-07 14:44:40 [INFO] src.training.train_dit: [Epoch 62][Step 300/335] Loss: 0.106278 | LR: 8.29e-05
2026-02-07 14:44:42 [INFO] src.training.train_dit: 
============================================================
Epoch 62/200 (16.0s)
  Train Loss: 0.100352
  Val   Loss: 0.215723
  Val  Cosine: 0.9515
============================================================
2026-02-07 14:44:43 [INFO] src.training.train_dit:   ✓ New best model (val_loss=0.215723)
2026-02-07 14:44:43 [INFO] src.training.train_dit: [Epoch 63][Step 0/335] Loss: 0.095943 | LR: 8.28e-05
2026-02-07 14:44:45 [INFO] src.training.train_dit: [Epoch 63][Step 50/335] Loss: 0.098125 | LR: 8.27e-05
2026-02-07 14:44:47 [INFO] src.training.train_dit: [Epoch 63][Step 100/335] Loss: 0.095072 | LR: 8.26e-05
2026-02-07 14:44:49 [INFO] src.training.train_dit: [Epoch 63][Step 150/335] Loss: 0.107670 | LR: 8.25e-05
2026-02-07 14:44:52 [INFO] src.training.train_dit: [Epoch 63][Step 200/335] Loss: 0.107766 | LR: 8.24e-05
2026-02-07 14:44:54 [INFO] src.training.train_dit: [Epoch 63][Step 250/335] Loss: 0.101945 | LR: 8.23e-05
2026-02-07 14:44:56 [INFO] src.training.train_dit: [Epoch 63][Step 300/335] Loss: 0.097885 | LR: 8.22e-05
2026-02-07 14:44:59 [INFO] src.training.train_dit: 
============================================================
Epoch 63/200 (15.8s)
  Train Loss: 0.100840
  Val   Loss: 0.208175
  Val  Cosine: 0.9541
============================================================
2026-02-07 14:44:59 [INFO] src.training.train_dit:   ✓ New best model (val_loss=0.208175)
2026-02-07 14:44:59 [INFO] src.training.train_dit: [Epoch 64][Step 0/335] Loss: 0.099321 | LR: 8.22e-05
2026-02-07 14:45:01 [INFO] src.training.train_dit: [Epoch 64][Step 50/335] Loss: 0.094805 | LR: 8.21e-05
2026-02-07 14:45:03 [INFO] src.training.train_dit: [Epoch 64][Step 100/335] Loss: 0.098115 | LR: 8.20e-05
2026-02-07 14:45:05 [INFO] src.training.train_dit: [Epoch 64][Step 150/335] Loss: 0.100787 | LR: 8.19e-05
2026-02-07 14:45:08 [INFO] src.training.train_dit: [Epoch 64][Step 200/335] Loss: 0.105271 | LR: 8.18e-05
2026-02-07 14:45:10 [INFO] src.training.train_dit: [Epoch 64][Step 250/335] Loss: 0.100567 | LR: 8.17e-05
2026-02-07 14:45:12 [INFO] src.training.train_dit: [Epoch 64][Step 300/335] Loss: 0.108450 | LR: 8.16e-05
2026-02-07 14:45:15 [INFO] src.training.train_dit: 
============================================================
Epoch 64/200 (15.8s)
  Train Loss: 0.100243
  Val   Loss: 0.203203
  Val  Cosine: 0.9551
============================================================
2026-02-07 14:45:15 [INFO] src.training.train_dit:   ✓ New best model (val_loss=0.203203)
2026-02-07 14:45:15 [INFO] src.training.train_dit: [Epoch 65][Step 0/335] Loss: 0.113153 | LR: 8.15e-05
2026-02-07 14:45:17 [INFO] src.training.train_dit: [Epoch 65][Step 50/335] Loss: 0.104969 | LR: 8.14e-05
2026-02-07 14:45:19 [INFO] src.training.train_dit: [Epoch 65][Step 100/335] Loss: 0.117289 | LR: 8.14e-05
2026-02-07 14:45:22 [INFO] src.training.train_dit: [Epoch 65][Step 150/335] Loss: 0.107129 | LR: 8.13e-05
2026-02-07 14:45:24 [INFO] src.training.train_dit: [Epoch 65][Step 200/335] Loss: 0.102143 | LR: 8.12e-05
2026-02-07 14:45:26 [INFO] src.training.train_dit: [Epoch 65][Step 250/335] Loss: 0.115886 | LR: 8.11e-05
2026-02-07 14:45:28 [INFO] src.training.train_dit: [Epoch 65][Step 300/335] Loss: 0.090767 | LR: 8.10e-05
2026-02-07 14:45:31 [INFO] src.training.train_dit: 
============================================================
Epoch 65/200 (15.7s)
  Train Loss: 0.099216
  Val   Loss: 0.200299
  Val  Cosine: 0.9562
============================================================
2026-02-07 14:45:31 [INFO] src.training.train_dit:   ✓ New best model (val_loss=0.200299)
2026-02-07 14:45:31 [INFO] src.training.train_dit: [Epoch 66][Step 0/335] Loss: 0.088783 | LR: 8.09e-05
2026-02-07 14:45:33 [INFO] src.training.train_dit: [Epoch 66][Step 50/335] Loss: 0.096775 | LR: 8.08e-05
2026-02-07 14:45:35 [INFO] src.training.train_dit: [Epoch 66][Step 100/335] Loss: 0.105207 | LR: 8.07e-05
2026-02-07 14:45:38 [INFO] src.training.train_dit: [Epoch 66][Step 150/335] Loss: 0.108988 | LR: 8.06e-05
2026-02-07 14:45:40 [INFO] src.training.train_dit: [Epoch 66][Step 200/335] Loss: 0.079029 | LR: 8.05e-05
2026-02-07 14:45:42 [INFO] src.training.train_dit: [Epoch 66][Step 250/335] Loss: 0.101154 | LR: 8.04e-05
2026-02-07 14:45:44 [INFO] src.training.train_dit: [Epoch 66][Step 300/335] Loss: 0.099153 | LR: 8.03e-05
2026-02-07 14:45:47 [INFO] src.training.train_dit: 
============================================================
Epoch 66/200 (15.5s)
  Train Loss: 0.099203
  Val   Loss: 0.198183
  Val  Cosine: 0.9572
============================================================
2026-02-07 14:45:47 [INFO] src.training.train_dit:   ✓ New best model (val_loss=0.198183)
2026-02-07 14:45:47 [INFO] src.training.train_dit: [Epoch 67][Step 0/335] Loss: 0.098742 | LR: 8.03e-05
2026-02-07 14:45:49 [INFO] src.training.train_dit: [Epoch 67][Step 50/335] Loss: 0.099819 | LR: 8.02e-05
2026-02-07 14:45:51 [INFO] src.training.train_dit: [Epoch 67][Step 100/335] Loss: 0.124117 | LR: 8.01e-05
2026-02-07 14:45:53 [INFO] src.training.train_dit: [Epoch 67][Step 150/335] Loss: 0.112602 | LR: 8.00e-05
2026-02-07 14:45:56 [INFO] src.training.train_dit: [Epoch 67][Step 200/335] Loss: 0.095985 | LR: 7.99e-05
2026-02-07 14:45:58 [INFO] src.training.train_dit: [Epoch 67][Step 250/335] Loss: 0.093490 | LR: 7.98e-05
2026-02-07 14:46:00 [INFO] src.training.train_dit: [Epoch 67][Step 300/335] Loss: 0.102328 | LR: 7.97e-05
2026-02-07 14:46:03 [INFO] src.training.train_dit: 
============================================================
Epoch 67/200 (15.9s)
  Train Loss: 0.099075
  Val   Loss: 0.187143
  Val  Cosine: 0.9599
============================================================
2026-02-07 14:46:03 [INFO] src.training.train_dit:   ✓ New best model (val_loss=0.187143)
2026-02-07 14:46:03 [INFO] src.training.train_dit: [Epoch 68][Step 0/335] Loss: 0.089895 | LR: 7.96e-05
2026-02-07 14:46:05 [INFO] src.training.train_dit: [Epoch 68][Step 50/335] Loss: 0.085712 | LR: 7.95e-05
2026-02-07 14:46:08 [INFO] src.training.train_dit: [Epoch 68][Step 100/335] Loss: 0.103599 | LR: 7.94e-05
2026-02-07 14:46:10 [INFO] src.training.train_dit: [Epoch 68][Step 150/335] Loss: 0.099171 | LR: 7.93e-05
2026-02-07 14:46:12 [INFO] src.training.train_dit: [Epoch 68][Step 200/335] Loss: 0.101601 | LR: 7.92e-05
2026-02-07 14:46:14 [INFO] src.training.train_dit: [Epoch 68][Step 250/335] Loss: 0.096799 | LR: 7.91e-05
2026-02-07 14:46:17 [INFO] src.training.train_dit: [Epoch 68][Step 300/335] Loss: 0.102785 | LR: 7.90e-05
2026-02-07 14:46:19 [INFO] src.training.train_dit: 
============================================================
Epoch 68/200 (16.3s)
  Train Loss: 0.098239
  Val   Loss: 0.187626
  Val  Cosine: 0.9596
============================================================
2026-02-07 14:46:19 [INFO] src.training.train_dit: [Epoch 69][Step 0/335] Loss: 0.106855 | LR: 7.89e-05
2026-02-07 14:46:22 [INFO] src.training.train_dit: [Epoch 69][Step 50/335] Loss: 0.099443 | LR: 7.88e-05
2026-02-07 14:46:24 [INFO] src.training.train_dit: [Epoch 69][Step 100/335] Loss: 0.087523 | LR: 7.87e-05
2026-02-07 14:46:26 [INFO] src.training.train_dit: [Epoch 69][Step 150/335] Loss: 0.097774 | LR: 7.86e-05
2026-02-07 14:46:28 [INFO] src.training.train_dit: [Epoch 69][Step 200/335] Loss: 0.097262 | LR: 7.85e-05
2026-02-07 14:46:30 [INFO] src.training.train_dit: [Epoch 69][Step 250/335] Loss: 0.087170 | LR: 7.84e-05
2026-02-07 14:46:32 [INFO] src.training.train_dit: [Epoch 69][Step 300/335] Loss: 0.098824 | LR: 7.83e-05
2026-02-07 14:46:35 [INFO] src.training.train_dit: 
============================================================
Epoch 69/200 (15.5s)
  Train Loss: 0.098222
  Val   Loss: 0.182990
  Val  Cosine: 0.9609
============================================================
2026-02-07 14:46:35 [INFO] src.training.train_dit:   ✓ New best model (val_loss=0.182990)
2026-02-07 14:46:35 [INFO] src.training.train_dit: [Epoch 70][Step 0/335] Loss: 0.099497 | LR: 7.83e-05
2026-02-07 14:46:37 [INFO] src.training.train_dit: [Epoch 70][Step 50/335] Loss: 0.105957 | LR: 7.82e-05
2026-02-07 14:46:40 [INFO] src.training.train_dit: [Epoch 70][Step 100/335] Loss: 0.103432 | LR: 7.81e-05
2026-02-07 14:46:42 [INFO] src.training.train_dit: [Epoch 70][Step 150/335] Loss: 0.090222 | LR: 7.79e-05
2026-02-07 14:46:44 [INFO] src.training.train_dit: [Epoch 70][Step 200/335] Loss: 0.102116 | LR: 7.78e-05
2026-02-07 14:46:46 [INFO] src.training.train_dit: [Epoch 70][Step 250/335] Loss: 0.087402 | LR: 7.77e-05
2026-02-07 14:46:48 [INFO] src.training.train_dit: [Epoch 70][Step 300/335] Loss: 0.093393 | LR: 7.76e-05
2026-02-07 14:46:51 [INFO] src.training.train_dit: 
============================================================
Epoch 70/200 (16.0s)
  Train Loss: 0.097687
  Val   Loss: 0.182663
  Val  Cosine: 0.9613
============================================================
2026-02-07 14:46:52 [INFO] src.training.train_dit:   ✓ New best model (val_loss=0.182663)
2026-02-07 14:46:53 [INFO] src.training.train_dit: Generation eval: {
  "frechet_distance": 6.205497154436696,
  "mmd_rbf": 0.009430289268493652,
  "coverage": 0.7109375,
  "density": 0.66875,
  "mean_kl": 0.854073037740978,
  "max_kl": 6.063571775838561,
  "median_kl": 0.7925015042042511,
  "mean_nearest_cosine": 0.9920307397842407,
  "real_norm_mean": 21.073490142822266,
  "gen_norm_mean": 19.711830139160156
}
2026-02-07 14:46:53 [INFO] src.training.train_dit: [Epoch 71][Step 0/335] Loss: 0.089861 | LR: 7.76e-05
2026-02-07 14:46:55 [INFO] src.training.train_dit: [Epoch 71][Step 50/335] Loss: 0.111532 | LR: 7.75e-05
2026-02-07 14:46:58 [INFO] src.training.train_dit: [Epoch 71][Step 100/335] Loss: 0.097420 | LR: 7.74e-05
2026-02-07 14:47:00 [INFO] src.training.train_dit: [Epoch 71][Step 150/335] Loss: 0.092871 | LR: 7.73e-05
2026-02-07 14:47:02 [INFO] src.training.train_dit: [Epoch 71][Step 200/335] Loss: 0.111353 | LR: 7.72e-05
2026-02-07 14:47:04 [INFO] src.training.train_dit: [Epoch 71][Step 250/335] Loss: 0.092549 | LR: 7.71e-05
2026-02-07 14:47:06 [INFO] src.training.train_dit: [Epoch 71][Step 300/335] Loss: 0.108257 | LR: 7.70e-05
2026-02-07 14:47:09 [INFO] src.training.train_dit: 
============================================================
Epoch 71/200 (15.9s)
  Train Loss: 0.098159
  Val   Loss: 0.175549
  Val  Cosine: 0.9628
============================================================
2026-02-07 14:47:09 [INFO] src.training.train_dit:   ✓ New best model (val_loss=0.175549)
2026-02-07 14:47:09 [INFO] src.training.train_dit: [Epoch 72][Step 0/335] Loss: 0.106700 | LR: 7.69e-05
2026-02-07 14:47:11 [INFO] src.training.train_dit: [Epoch 72][Step 50/335] Loss: 0.096166 | LR: 7.68e-05
2026-02-07 14:47:14 [INFO] src.training.train_dit: [Epoch 72][Step 100/335] Loss: 0.095379 | LR: 7.67e-05
2026-02-07 14:47:16 [INFO] src.training.train_dit: [Epoch 72][Step 150/335] Loss: 0.086887 | LR: 7.66e-05
2026-02-07 14:47:18 [INFO] src.training.train_dit: [Epoch 72][Step 200/335] Loss: 0.098995 | LR: 7.65e-05
2026-02-07 14:47:20 [INFO] src.training.train_dit: [Epoch 72][Step 250/335] Loss: 0.098262 | LR: 7.64e-05
2026-02-07 14:47:22 [INFO] src.training.train_dit: [Epoch 72][Step 300/335] Loss: 0.108391 | LR: 7.63e-05
2026-02-07 14:47:25 [INFO] src.training.train_dit: 
============================================================
Epoch 72/200 (15.5s)
  Train Loss: 0.097174
  Val   Loss: 0.170776
  Val  Cosine: 0.9641
============================================================
2026-02-07 14:47:25 [INFO] src.training.train_dit:   ✓ New best model (val_loss=0.170776)
2026-02-07 14:47:25 [INFO] src.training.train_dit: [Epoch 73][Step 0/335] Loss: 0.097025 | LR: 7.62e-05
2026-02-07 14:47:27 [INFO] src.training.train_dit: [Epoch 73][Step 50/335] Loss: 0.098908 | LR: 7.61e-05
2026-02-07 14:47:30 [INFO] src.training.train_dit: [Epoch 73][Step 100/335] Loss: 0.085040 | LR: 7.60e-05
2026-02-07 14:47:32 [INFO] src.training.train_dit: [Epoch 73][Step 150/335] Loss: 0.093938 | LR: 7.59e-05
2026-02-07 14:47:34 [INFO] src.training.train_dit: [Epoch 73][Step 200/335] Loss: 0.106051 | LR: 7.58e-05
2026-02-07 14:47:36 [INFO] src.training.train_dit: [Epoch 73][Step 250/335] Loss: 0.094644 | LR: 7.57e-05
2026-02-07 14:47:38 [INFO] src.training.train_dit: [Epoch 73][Step 300/335] Loss: 0.093483 | LR: 7.56e-05
2026-02-07 14:47:40 [INFO] src.training.train_dit: 
============================================================
Epoch 73/200 (15.5s)
  Train Loss: 0.097085
  Val   Loss: 0.167004
  Val  Cosine: 0.9647
============================================================
2026-02-07 14:47:41 [INFO] src.training.train_dit:   ✓ New best model (val_loss=0.167004)
2026-02-07 14:47:41 [INFO] src.training.train_dit: [Epoch 74][Step 0/335] Loss: 0.094132 | LR: 7.55e-05
2026-02-07 14:47:43 [INFO] src.training.train_dit: [Epoch 74][Step 50/335] Loss: 0.099922 | LR: 7.54e-05
2026-02-07 14:47:45 [INFO] src.training.train_dit: [Epoch 74][Step 100/335] Loss: 0.102880 | LR: 7.53e-05
2026-02-07 14:47:47 [INFO] src.training.train_dit: [Epoch 74][Step 150/335] Loss: 0.095686 | LR: 7.52e-05
2026-02-07 14:47:50 [INFO] src.training.train_dit: [Epoch 74][Step 200/335] Loss: 0.089450 | LR: 7.51e-05
2026-02-07 14:47:52 [INFO] src.training.train_dit: [Epoch 74][Step 250/335] Loss: 0.103855 | LR: 7.50e-05
2026-02-07 14:47:54 [INFO] src.training.train_dit: [Epoch 74][Step 300/335] Loss: 0.096269 | LR: 7.48e-05
2026-02-07 14:47:56 [INFO] src.training.train_dit: 
============================================================
Epoch 74/200 (15.6s)
  Train Loss: 0.097258
  Val   Loss: 0.166180
  Val  Cosine: 0.9650
============================================================
2026-02-07 14:47:57 [INFO] src.training.train_dit:   ✓ New best model (val_loss=0.166180)
2026-02-07 14:47:57 [INFO] src.training.train_dit: [Epoch 75][Step 0/335] Loss: 0.096184 | LR: 7.48e-05
2026-02-07 14:47:59 [INFO] src.training.train_dit: [Epoch 75][Step 50/335] Loss: 0.102615 | LR: 7.47e-05
2026-02-07 14:48:01 [INFO] src.training.train_dit: [Epoch 75][Step 100/335] Loss: 0.096030 | LR: 7.46e-05
2026-02-07 14:48:03 [INFO] src.training.train_dit: [Epoch 75][Step 150/335] Loss: 0.098165 | LR: 7.45e-05
2026-02-07 14:48:05 [INFO] src.training.train_dit: [Epoch 75][Step 200/335] Loss: 0.086713 | LR: 7.43e-05
2026-02-07 14:48:07 [INFO] src.training.train_dit: [Epoch 75][Step 250/335] Loss: 0.096052 | LR: 7.42e-05
2026-02-07 14:48:10 [INFO] src.training.train_dit: [Epoch 75][Step 300/335] Loss: 0.107107 | LR: 7.41e-05
2026-02-07 14:48:12 [INFO] src.training.train_dit: 
============================================================
Epoch 75/200 (15.7s)
  Train Loss: 0.095432
  Val   Loss: 0.160463
  Val  Cosine: 0.9663
============================================================
2026-02-07 14:48:13 [INFO] src.training.train_dit:   ✓ New best model (val_loss=0.160463)
2026-02-07 14:48:13 [INFO] src.training.train_dit: [Epoch 76][Step 0/335] Loss: 0.105423 | LR: 7.41e-05
2026-02-07 14:48:15 [INFO] src.training.train_dit: [Epoch 76][Step 50/335] Loss: 0.087290 | LR: 7.39e-05
2026-02-07 14:48:17 [INFO] src.training.train_dit: [Epoch 76][Step 100/335] Loss: 0.096604 | LR: 7.38e-05
2026-02-07 14:48:19 [INFO] src.training.train_dit: [Epoch 76][Step 150/335] Loss: 0.097900 | LR: 7.37e-05
2026-02-07 14:48:21 [INFO] src.training.train_dit: [Epoch 76][Step 200/335] Loss: 0.094436 | LR: 7.36e-05
2026-02-07 14:48:24 [INFO] src.training.train_dit: [Epoch 76][Step 250/335] Loss: 0.110727 | LR: 7.35e-05
2026-02-07 14:48:26 [INFO] src.training.train_dit: [Epoch 76][Step 300/335] Loss: 0.110657 | LR: 7.34e-05
2026-02-07 14:48:29 [INFO] src.training.train_dit: 
============================================================
Epoch 76/200 (16.0s)
  Train Loss: 0.096244
  Val   Loss: 0.160054
  Val  Cosine: 0.9661
============================================================
2026-02-07 14:48:29 [INFO] src.training.train_dit:   ✓ New best model (val_loss=0.160054)
2026-02-07 14:48:29 [INFO] src.training.train_dit: [Epoch 77][Step 0/335] Loss: 0.105063 | LR: 7.33e-05
2026-02-07 14:48:31 [INFO] src.training.train_dit: [Epoch 77][Step 50/335] Loss: 0.100343 | LR: 7.32e-05
2026-02-07 14:48:33 [INFO] src.training.train_dit: [Epoch 77][Step 100/335] Loss: 0.086933 | LR: 7.31e-05
2026-02-07 14:48:36 [INFO] src.training.train_dit: [Epoch 77][Step 150/335] Loss: 0.095997 | LR: 7.30e-05
2026-02-07 14:48:38 [INFO] src.training.train_dit: [Epoch 77][Step 200/335] Loss: 0.102209 | LR: 7.29e-05
2026-02-07 14:48:40 [INFO] src.training.train_dit: [Epoch 77][Step 250/335] Loss: 0.103436 | LR: 7.28e-05
2026-02-07 14:48:42 [INFO] src.training.train_dit: [Epoch 77][Step 300/335] Loss: 0.097792 | LR: 7.27e-05
2026-02-07 14:48:45 [INFO] src.training.train_dit: 
============================================================
Epoch 77/200 (16.0s)
  Train Loss: 0.095814
  Val   Loss: 0.157591
  Val  Cosine: 0.9666
============================================================
2026-02-07 14:48:45 [INFO] src.training.train_dit:   ✓ New best model (val_loss=0.157591)
2026-02-07 14:48:45 [INFO] src.training.train_dit: [Epoch 78][Step 0/335] Loss: 0.090989 | LR: 7.26e-05
2026-02-07 14:48:48 [INFO] src.training.train_dit: [Epoch 78][Step 50/335] Loss: 0.112678 | LR: 7.25e-05
2026-02-07 14:48:50 [INFO] src.training.train_dit: [Epoch 78][Step 100/335] Loss: 0.099390 | LR: 7.24e-05
2026-02-07 14:48:52 [INFO] src.training.train_dit: [Epoch 78][Step 150/335] Loss: 0.107313 | LR: 7.23e-05
2026-02-07 14:48:54 [INFO] src.training.train_dit: [Epoch 78][Step 200/335] Loss: 0.088935 | LR: 7.22e-05
2026-02-07 14:48:57 [INFO] src.training.train_dit: [Epoch 78][Step 250/335] Loss: 0.090618 | LR: 7.21e-05
2026-02-07 14:48:59 [INFO] src.training.train_dit: [Epoch 78][Step 300/335] Loss: 0.082940 | LR: 7.19e-05
2026-02-07 14:49:02 [INFO] src.training.train_dit: 
============================================================
Epoch 78/200 (16.4s)
  Train Loss: 0.096665
  Val   Loss: 0.152025
  Val  Cosine: 0.9678
============================================================
2026-02-07 14:49:02 [INFO] src.training.train_dit:   ✓ New best model (val_loss=0.152025)
2026-02-07 14:49:02 [INFO] src.training.train_dit: [Epoch 79][Step 0/335] Loss: 0.100136 | LR: 7.19e-05
2026-02-07 14:49:04 [INFO] src.training.train_dit: [Epoch 79][Step 50/335] Loss: 0.105921 | LR: 7.18e-05
2026-02-07 14:49:07 [INFO] src.training.train_dit: [Epoch 79][Step 100/335] Loss: 0.088574 | LR: 7.16e-05
2026-02-07 14:49:09 [INFO] src.training.train_dit: [Epoch 79][Step 150/335] Loss: 0.100951 | LR: 7.15e-05
2026-02-07 14:49:11 [INFO] src.training.train_dit: [Epoch 79][Step 200/335] Loss: 0.093454 | LR: 7.14e-05
2026-02-07 14:49:13 [INFO] src.training.train_dit: [Epoch 79][Step 250/335] Loss: 0.090345 | LR: 7.13e-05
2026-02-07 14:49:16 [INFO] src.training.train_dit: [Epoch 79][Step 300/335] Loss: 0.095360 | LR: 7.12e-05
2026-02-07 14:49:19 [INFO] src.training.train_dit: 
============================================================
Epoch 79/200 (16.8s)
  Train Loss: 0.095628
  Val   Loss: 0.151112
  Val  Cosine: 0.9676
============================================================
2026-02-07 14:49:19 [INFO] src.training.train_dit:   ✓ New best model (val_loss=0.151112)
2026-02-07 14:49:19 [INFO] src.training.train_dit: [Epoch 80][Step 0/335] Loss: 0.099173 | LR: 7.11e-05
2026-02-07 14:49:21 [INFO] src.training.train_dit: [Epoch 80][Step 50/335] Loss: 0.105086 | LR: 7.10e-05
2026-02-07 14:49:23 [INFO] src.training.train_dit: [Epoch 80][Step 100/335] Loss: 0.085574 | LR: 7.09e-05
2026-02-07 14:49:25 [INFO] src.training.train_dit: [Epoch 80][Step 150/335] Loss: 0.087670 | LR: 7.08e-05
2026-02-07 14:49:28 [INFO] src.training.train_dit: [Epoch 80][Step 200/335] Loss: 0.111299 | LR: 7.07e-05
2026-02-07 14:49:30 [INFO] src.training.train_dit: [Epoch 80][Step 250/335] Loss: 0.093320 | LR: 7.06e-05
2026-02-07 14:49:32 [INFO] src.training.train_dit: [Epoch 80][Step 300/335] Loss: 0.093843 | LR: 7.05e-05
2026-02-07 14:49:34 [INFO] src.training.train_dit: 
============================================================
Epoch 80/200 (15.3s)
  Train Loss: 0.095348
  Val   Loss: 0.144354
  Val  Cosine: 0.9693
============================================================
2026-02-07 14:49:35 [INFO] src.training.train_dit:   ✓ New best model (val_loss=0.144354)
2026-02-07 14:49:35 [INFO] src.training.train_dit: Generation eval: {
  "frechet_distance": 4.91166497623149,
  "mmd_rbf": 0.006474852561950684,
  "coverage": 0.76953125,
  "density": 0.68359375,
  "mean_kl": 0.6345964991452057,
  "max_kl": 4.119702194735841,
  "median_kl": 0.6039402060736292,
  "mean_nearest_cosine": 0.9924590587615967,
  "real_norm_mean": 21.073490142822266,
  "gen_norm_mean": 20.037336349487305
}
2026-02-07 14:49:35 [INFO] src.training.train_dit: [Epoch 81][Step 0/335] Loss: 0.087801 | LR: 7.04e-05
2026-02-07 14:49:38 [INFO] src.training.train_dit: [Epoch 81][Step 50/335] Loss: 0.105562 | LR: 7.03e-05
2026-02-07 14:49:40 [INFO] src.training.train_dit: [Epoch 81][Step 100/335] Loss: 0.093735 | LR: 7.02e-05
2026-02-07 14:49:42 [INFO] src.training.train_dit: [Epoch 81][Step 150/335] Loss: 0.106352 | LR: 7.00e-05
2026-02-07 14:49:44 [INFO] src.training.train_dit: [Epoch 81][Step 200/335] Loss: 0.091214 | LR: 6.99e-05
2026-02-07 14:49:46 [INFO] src.training.train_dit: [Epoch 81][Step 250/335] Loss: 0.093690 | LR: 6.98e-05
2026-02-07 14:49:48 [INFO] src.training.train_dit: [Epoch 81][Step 300/335] Loss: 0.092083 | LR: 6.97e-05
2026-02-07 14:49:51 [INFO] src.training.train_dit: 
============================================================
Epoch 81/200 (15.8s)
  Train Loss: 0.094926
  Val   Loss: 0.148792
  Val  Cosine: 0.9680
============================================================
2026-02-07 14:49:51 [INFO] src.training.train_dit: [Epoch 82][Step 0/335] Loss: 0.112930 | LR: 6.96e-05
2026-02-07 14:49:53 [INFO] src.training.train_dit: [Epoch 82][Step 50/335] Loss: 0.096446 | LR: 6.95e-05
2026-02-07 14:49:56 [INFO] src.training.train_dit: [Epoch 82][Step 100/335] Loss: 0.087425 | LR: 6.94e-05
2026-02-07 14:49:58 [INFO] src.training.train_dit: [Epoch 82][Step 150/335] Loss: 0.086073 | LR: 6.93e-05
2026-02-07 14:50:00 [INFO] src.training.train_dit: [Epoch 82][Step 200/335] Loss: 0.090711 | LR: 6.92e-05
2026-02-07 14:50:02 [INFO] src.training.train_dit: [Epoch 82][Step 250/335] Loss: 0.096624 | LR: 6.91e-05
2026-02-07 14:50:04 [INFO] src.training.train_dit: [Epoch 82][Step 300/335] Loss: 0.100102 | LR: 6.90e-05
2026-02-07 14:50:07 [INFO] src.training.train_dit: 
============================================================
Epoch 82/200 (15.5s)
  Train Loss: 0.095072
  Val   Loss: 0.141635
  Val  Cosine: 0.9694
============================================================
2026-02-07 14:50:07 [INFO] src.training.train_dit:   ✓ New best model (val_loss=0.141635)
2026-02-07 14:50:07 [INFO] src.training.train_dit: [Epoch 83][Step 0/335] Loss: 0.076856 | LR: 6.89e-05
2026-02-07 14:50:09 [INFO] src.training.train_dit: [Epoch 83][Step 50/335] Loss: 0.098765 | LR: 6.88e-05
2026-02-07 14:50:12 [INFO] src.training.train_dit: [Epoch 83][Step 100/335] Loss: 0.083527 | LR: 6.86e-05
2026-02-07 14:50:14 [INFO] src.training.train_dit: [Epoch 83][Step 150/335] Loss: 0.078785 | LR: 6.85e-05
2026-02-07 14:50:16 [INFO] src.training.train_dit: [Epoch 83][Step 200/335] Loss: 0.093460 | LR: 6.84e-05
2026-02-07 14:50:18 [INFO] src.training.train_dit: [Epoch 83][Step 250/335] Loss: 0.106261 | LR: 6.83e-05
2026-02-07 14:50:21 [INFO] src.training.train_dit: [Epoch 83][Step 300/335] Loss: 0.099343 | LR: 6.82e-05
2026-02-07 14:50:23 [INFO] src.training.train_dit: 
============================================================
Epoch 83/200 (16.1s)
  Train Loss: 0.094371
  Val   Loss: 0.141168
  Val  Cosine: 0.9694
============================================================
2026-02-07 14:50:24 [INFO] src.training.train_dit:   ✓ New best model (val_loss=0.141168)
2026-02-07 14:50:24 [INFO] src.training.train_dit: [Epoch 84][Step 0/335] Loss: 0.095024 | LR: 6.81e-05
2026-02-07 14:50:26 [INFO] src.training.train_dit: [Epoch 84][Step 50/335] Loss: 0.107555 | LR: 6.80e-05
2026-02-07 14:50:28 [INFO] src.training.train_dit: [Epoch 84][Step 100/335] Loss: 0.084722 | LR: 6.79e-05
2026-02-07 14:50:30 [INFO] src.training.train_dit: [Epoch 84][Step 150/335] Loss: 0.095259 | LR: 6.78e-05
2026-02-07 14:50:32 [INFO] src.training.train_dit: [Epoch 84][Step 200/335] Loss: 0.101400 | LR: 6.77e-05
2026-02-07 14:50:35 [INFO] src.training.train_dit: [Epoch 84][Step 250/335] Loss: 0.100394 | LR: 6.75e-05
2026-02-07 14:50:37 [INFO] src.training.train_dit: [Epoch 84][Step 300/335] Loss: 0.093029 | LR: 6.74e-05
2026-02-07 14:50:39 [INFO] src.training.train_dit: 
============================================================
Epoch 84/200 (15.8s)
  Train Loss: 0.095129
  Val   Loss: 0.137667
  Val  Cosine: 0.9701
============================================================
2026-02-07 14:50:40 [INFO] src.training.train_dit:   ✓ New best model (val_loss=0.137667)
2026-02-07 14:50:40 [INFO] src.training.train_dit: [Epoch 85][Step 0/335] Loss: 0.089945 | LR: 6.73e-05
2026-02-07 14:50:42 [INFO] src.training.train_dit: [Epoch 85][Step 50/335] Loss: 0.081487 | LR: 6.72e-05
2026-02-07 14:50:44 [INFO] src.training.train_dit: [Epoch 85][Step 100/335] Loss: 0.098091 | LR: 6.71e-05
2026-02-07 14:50:46 [INFO] src.training.train_dit: [Epoch 85][Step 150/335] Loss: 0.100592 | LR: 6.70e-05
2026-02-07 14:50:48 [INFO] src.training.train_dit: [Epoch 85][Step 200/335] Loss: 0.095021 | LR: 6.69e-05
2026-02-07 14:50:51 [INFO] src.training.train_dit: [Epoch 85][Step 250/335] Loss: 0.110487 | LR: 6.68e-05
2026-02-07 14:50:53 [INFO] src.training.train_dit: [Epoch 85][Step 300/335] Loss: 0.099285 | LR: 6.67e-05
2026-02-07 14:50:55 [INFO] src.training.train_dit: 
============================================================
Epoch 85/200 (15.8s)
  Train Loss: 0.094568
  Val   Loss: 0.133588
  Val  Cosine: 0.9711
============================================================
2026-02-07 14:50:56 [INFO] src.training.train_dit:   ✓ New best model (val_loss=0.133588)
2026-02-07 14:50:56 [INFO] src.training.train_dit: [Epoch 86][Step 0/335] Loss: 0.099752 | LR: 6.66e-05
2026-02-07 14:50:58 [INFO] src.training.train_dit: [Epoch 86][Step 50/335] Loss: 0.085330 | LR: 6.65e-05
2026-02-07 14:51:00 [INFO] src.training.train_dit: [Epoch 86][Step 100/335] Loss: 0.108118 | LR: 6.63e-05
2026-02-07 14:51:03 [INFO] src.training.train_dit: [Epoch 86][Step 150/335] Loss: 0.096649 | LR: 6.62e-05
2026-02-07 14:51:05 [INFO] src.training.train_dit: [Epoch 86][Step 200/335] Loss: 0.102095 | LR: 6.61e-05
2026-02-07 14:51:07 [INFO] src.training.train_dit: [Epoch 86][Step 250/335] Loss: 0.084418 | LR: 6.60e-05
2026-02-07 14:51:09 [INFO] src.training.train_dit: [Epoch 86][Step 300/335] Loss: 0.095115 | LR: 6.59e-05
2026-02-07 14:51:12 [INFO] src.training.train_dit: 
============================================================
Epoch 86/200 (16.2s)
  Train Loss: 0.094345
  Val   Loss: 0.133492
  Val  Cosine: 0.9707
============================================================
2026-02-07 14:51:12 [INFO] src.training.train_dit:   ✓ New best model (val_loss=0.133492)
2026-02-07 14:51:12 [INFO] src.training.train_dit: [Epoch 87][Step 0/335] Loss: 0.092739 | LR: 6.58e-05
2026-02-07 14:51:14 [INFO] src.training.train_dit: [Epoch 87][Step 50/335] Loss: 0.083458 | LR: 6.57e-05
2026-02-07 14:51:17 [INFO] src.training.train_dit: [Epoch 87][Step 100/335] Loss: 0.090081 | LR: 6.56e-05
2026-02-07 14:51:19 [INFO] src.training.train_dit: [Epoch 87][Step 150/335] Loss: 0.096734 | LR: 6.54e-05
2026-02-07 14:51:21 [INFO] src.training.train_dit: [Epoch 87][Step 200/335] Loss: 0.088778 | LR: 6.53e-05
2026-02-07 14:51:24 [INFO] src.training.train_dit: [Epoch 87][Step 250/335] Loss: 0.100382 | LR: 6.52e-05
2026-02-07 14:51:26 [INFO] src.training.train_dit: [Epoch 87][Step 300/335] Loss: 0.093907 | LR: 6.51e-05
2026-02-07 14:51:29 [INFO] src.training.train_dit: 
============================================================
Epoch 87/200 (16.4s)
  Train Loss: 0.093859
  Val   Loss: 0.128846
  Val  Cosine: 0.9718
============================================================
2026-02-07 14:51:29 [INFO] src.training.train_dit:   ✓ New best model (val_loss=0.128846)
2026-02-07 14:51:29 [INFO] src.training.train_dit: [Epoch 88][Step 0/335] Loss: 0.100117 | LR: 6.50e-05
2026-02-07 14:51:31 [INFO] src.training.train_dit: [Epoch 88][Step 50/335] Loss: 0.093933 | LR: 6.49e-05
2026-02-07 14:51:33 [INFO] src.training.train_dit: [Epoch 88][Step 100/335] Loss: 0.092059 | LR: 6.48e-05
2026-02-07 14:51:36 [INFO] src.training.train_dit: [Epoch 88][Step 150/335] Loss: 0.100418 | LR: 6.47e-05
2026-02-07 14:51:38 [INFO] src.training.train_dit: [Epoch 88][Step 200/335] Loss: 0.099270 | LR: 6.45e-05
2026-02-07 14:51:40 [INFO] src.training.train_dit: [Epoch 88][Step 250/335] Loss: 0.085754 | LR: 6.44e-05
2026-02-07 14:51:42 [INFO] src.training.train_dit: [Epoch 88][Step 300/335] Loss: 0.079554 | LR: 6.43e-05
2026-02-07 14:51:45 [INFO] src.training.train_dit: 
============================================================
Epoch 88/200 (15.8s)
  Train Loss: 0.093883
  Val   Loss: 0.127484
  Val  Cosine: 0.9718
============================================================
2026-02-07 14:51:45 [INFO] src.training.train_dit:   ✓ New best model (val_loss=0.127484)
2026-02-07 14:51:45 [INFO] src.training.train_dit: [Epoch 89][Step 0/335] Loss: 0.097784 | LR: 6.42e-05
2026-02-07 14:51:47 [INFO] src.training.train_dit: [Epoch 89][Step 50/335] Loss: 0.094320 | LR: 6.41e-05
2026-02-07 14:51:50 [INFO] src.training.train_dit: [Epoch 89][Step 100/335] Loss: 0.097013 | LR: 6.40e-05
2026-02-07 14:51:52 [INFO] src.training.train_dit: [Epoch 89][Step 150/335] Loss: 0.086181 | LR: 6.39e-05
2026-02-07 14:51:54 [INFO] src.training.train_dit: [Epoch 89][Step 200/335] Loss: 0.088384 | LR: 6.38e-05
2026-02-07 14:51:56 [INFO] src.training.train_dit: [Epoch 89][Step 250/335] Loss: 0.090392 | LR: 6.36e-05
2026-02-07 14:51:59 [INFO] src.training.train_dit: [Epoch 89][Step 300/335] Loss: 0.092852 | LR: 6.35e-05
2026-02-07 14:52:01 [INFO] src.training.train_dit: 
============================================================
Epoch 89/200 (16.3s)
  Train Loss: 0.093770
  Val   Loss: 0.127759
  Val  Cosine: 0.9714
============================================================
2026-02-07 14:52:01 [INFO] src.training.train_dit: [Epoch 90][Step 0/335] Loss: 0.099281 | LR: 6.34e-05
2026-02-07 14:52:04 [INFO] src.training.train_dit: [Epoch 90][Step 50/335] Loss: 0.094350 | LR: 6.33e-05
2026-02-07 14:52:06 [INFO] src.training.train_dit: [Epoch 90][Step 100/335] Loss: 0.102133 | LR: 6.32e-05
2026-02-07 14:52:08 [INFO] src.training.train_dit: [Epoch 90][Step 150/335] Loss: 0.091047 | LR: 6.31e-05
2026-02-07 14:52:10 [INFO] src.training.train_dit: [Epoch 90][Step 200/335] Loss: 0.090180 | LR: 6.30e-05
2026-02-07 14:52:12 [INFO] src.training.train_dit: [Epoch 90][Step 250/335] Loss: 0.089945 | LR: 6.29e-05
2026-02-07 14:52:14 [INFO] src.training.train_dit: [Epoch 90][Step 300/335] Loss: 0.092625 | LR: 6.27e-05
2026-02-07 14:52:17 [INFO] src.training.train_dit: 
============================================================
Epoch 90/200 (15.7s)
  Train Loss: 0.094044
  Val   Loss: 0.123739
  Val  Cosine: 0.9720
============================================================
2026-02-07 14:52:17 [INFO] src.training.train_dit:   ✓ New best model (val_loss=0.123739)
2026-02-07 14:52:18 [INFO] src.training.train_dit: Generation eval: {
  "frechet_distance": 4.171122265284501,
  "mmd_rbf": 0.004438877105712891,
  "coverage": 0.79296875,
  "density": 0.6796875,
  "mean_kl": 0.5376154835787297,
  "max_kl": 3.417704185851316,
  "median_kl": 0.5002822090159975,
  "mean_nearest_cosine": 0.9922446012496948,
  "real_norm_mean": 21.073490142822266,
  "gen_norm_mean": 20.263961791992188
}
2026-02-07 14:52:18 [INFO] src.training.train_dit: [Epoch 91][Step 0/335] Loss: 0.097762 | LR: 6.26e-05
2026-02-07 14:52:20 [INFO] src.training.train_dit: [Epoch 91][Step 50/335] Loss: 0.089093 | LR: 6.25e-05
2026-02-07 14:52:23 [INFO] src.training.train_dit: [Epoch 91][Step 100/335] Loss: 0.096781 | LR: 6.24e-05
2026-02-07 14:52:25 [INFO] src.training.train_dit: [Epoch 91][Step 150/335] Loss: 0.103943 | LR: 6.23e-05
2026-02-07 14:52:27 [INFO] src.training.train_dit: [Epoch 91][Step 200/335] Loss: 0.087254 | LR: 6.22e-05
2026-02-07 14:52:29 [INFO] src.training.train_dit: [Epoch 91][Step 250/335] Loss: 0.091594 | LR: 6.21e-05
2026-02-07 14:52:32 [INFO] src.training.train_dit: [Epoch 91][Step 300/335] Loss: 0.099175 | LR: 6.19e-05
2026-02-07 14:52:34 [INFO] src.training.train_dit: 
============================================================
Epoch 91/200 (16.1s)
  Train Loss: 0.093300
  Val   Loss: 0.121391
  Val  Cosine: 0.9723
============================================================
2026-02-07 14:52:35 [INFO] src.training.train_dit:   ✓ New best model (val_loss=0.121391)
2026-02-07 14:52:35 [INFO] src.training.train_dit: [Epoch 92][Step 0/335] Loss: 0.098943 | LR: 6.19e-05
2026-02-07 14:52:37 [INFO] src.training.train_dit: [Epoch 92][Step 50/335] Loss: 0.091955 | LR: 6.17e-05
2026-02-07 14:52:39 [INFO] src.training.train_dit: [Epoch 92][Step 100/335] Loss: 0.085298 | LR: 6.16e-05
2026-02-07 14:52:42 [INFO] src.training.train_dit: [Epoch 92][Step 150/335] Loss: 0.078359 | LR: 6.15e-05
2026-02-07 14:52:44 [INFO] src.training.train_dit: [Epoch 92][Step 200/335] Loss: 0.101726 | LR: 6.14e-05
2026-02-07 14:52:46 [INFO] src.training.train_dit: [Epoch 92][Step 250/335] Loss: 0.095842 | LR: 6.13e-05
2026-02-07 14:52:48 [INFO] src.training.train_dit: [Epoch 92][Step 300/335] Loss: 0.103903 | LR: 6.11e-05
2026-02-07 14:52:51 [INFO] src.training.train_dit: 
============================================================
Epoch 92/200 (15.9s)
  Train Loss: 0.092727
  Val   Loss: 0.122116
  Val  Cosine: 0.9720
============================================================
2026-02-07 14:52:51 [INFO] src.training.train_dit: [Epoch 93][Step 0/335] Loss: 0.095520 | LR: 6.11e-05
2026-02-07 14:52:53 [INFO] src.training.train_dit: [Epoch 93][Step 50/335] Loss: 0.082378 | LR: 6.09e-05
2026-02-07 14:52:55 [INFO] src.training.train_dit: [Epoch 93][Step 100/335] Loss: 0.090893 | LR: 6.08e-05
2026-02-07 14:52:57 [INFO] src.training.train_dit: [Epoch 93][Step 150/335] Loss: 0.096471 | LR: 6.07e-05
2026-02-07 14:52:59 [INFO] src.training.train_dit: [Epoch 93][Step 200/335] Loss: 0.093257 | LR: 6.06e-05
2026-02-07 14:53:01 [INFO] src.training.train_dit: [Epoch 93][Step 250/335] Loss: 0.106477 | LR: 6.05e-05
2026-02-07 14:53:04 [INFO] src.training.train_dit: [Epoch 93][Step 300/335] Loss: 0.095502 | LR: 6.03e-05
2026-02-07 14:53:06 [INFO] src.training.train_dit: 
============================================================
Epoch 93/200 (15.6s)
  Train Loss: 0.093544
  Val   Loss: 0.117257
  Val  Cosine: 0.9732
============================================================
2026-02-07 14:53:07 [INFO] src.training.train_dit:   ✓ New best model (val_loss=0.117257)
2026-02-07 14:53:07 [INFO] src.training.train_dit: [Epoch 94][Step 0/335] Loss: 0.099960 | LR: 6.03e-05
2026-02-07 14:53:09 [INFO] src.training.train_dit: [Epoch 94][Step 50/335] Loss: 0.094224 | LR: 6.01e-05
2026-02-07 14:53:11 [INFO] src.training.train_dit: [Epoch 94][Step 100/335] Loss: 0.095231 | LR: 6.00e-05
2026-02-07 14:53:13 [INFO] src.training.train_dit: [Epoch 94][Step 150/335] Loss: 0.082109 | LR: 5.99e-05
2026-02-07 14:53:15 [INFO] src.training.train_dit: [Epoch 94][Step 200/335] Loss: 0.087096 | LR: 5.98e-05
2026-02-07 14:53:18 [INFO] src.training.train_dit: [Epoch 94][Step 250/335] Loss: 0.100076 | LR: 5.97e-05
2026-02-07 14:53:20 [INFO] src.training.train_dit: [Epoch 94][Step 300/335] Loss: 0.091768 | LR: 5.95e-05
2026-02-07 14:53:23 [INFO] src.training.train_dit: 
============================================================
Epoch 94/200 (16.1s)
  Train Loss: 0.092391
  Val   Loss: 0.121590
  Val  Cosine: 0.9717
============================================================
2026-02-07 14:53:23 [INFO] src.training.train_dit: [Epoch 95][Step 0/335] Loss: 0.098943 | LR: 5.95e-05
2026-02-07 14:53:25 [INFO] src.training.train_dit: [Epoch 95][Step 50/335] Loss: 0.096975 | LR: 5.93e-05
2026-02-07 14:53:27 [INFO] src.training.train_dit: [Epoch 95][Step 100/335] Loss: 0.091263 | LR: 5.92e-05
2026-02-07 14:53:29 [INFO] src.training.train_dit: [Epoch 95][Step 150/335] Loss: 0.097323 | LR: 5.91e-05
2026-02-07 14:53:31 [INFO] src.training.train_dit: [Epoch 95][Step 200/335] Loss: 0.095403 | LR: 5.90e-05
2026-02-07 14:53:34 [INFO] src.training.train_dit: [Epoch 95][Step 250/335] Loss: 0.103351 | LR: 5.88e-05
2026-02-07 14:53:36 [INFO] src.training.train_dit: [Epoch 95][Step 300/335] Loss: 0.083246 | LR: 5.87e-05
2026-02-07 14:53:39 [INFO] src.training.train_dit: 
============================================================
Epoch 95/200 (16.1s)
  Train Loss: 0.092991
  Val   Loss: 0.114036
  Val  Cosine: 0.9735
============================================================
2026-02-07 14:53:39 [INFO] src.training.train_dit:   ✓ New best model (val_loss=0.114036)
2026-02-07 14:53:39 [INFO] src.training.train_dit: [Epoch 96][Step 0/335] Loss: 0.096105 | LR: 5.86e-05
2026-02-07 14:53:41 [INFO] src.training.train_dit: [Epoch 96][Step 50/335] Loss: 0.087168 | LR: 5.85e-05
2026-02-07 14:53:44 [INFO] src.training.train_dit: [Epoch 96][Step 100/335] Loss: 0.099194 | LR: 5.84e-05
2026-02-07 14:53:46 [INFO] src.training.train_dit: [Epoch 96][Step 150/335] Loss: 0.099488 | LR: 5.83e-05
2026-02-07 14:53:48 [INFO] src.training.train_dit: [Epoch 96][Step 200/335] Loss: 0.086624 | LR: 5.82e-05
2026-02-07 14:53:50 [INFO] src.training.train_dit: [Epoch 96][Step 250/335] Loss: 0.096155 | LR: 5.80e-05
2026-02-07 14:53:52 [INFO] src.training.train_dit: [Epoch 96][Step 300/335] Loss: 0.097585 | LR: 5.79e-05
2026-02-07 14:53:55 [INFO] src.training.train_dit: 
============================================================
Epoch 96/200 (15.9s)
  Train Loss: 0.092816
  Val   Loss: 0.112502
  Val  Cosine: 0.9737
============================================================
2026-02-07 14:53:55 [INFO] src.training.train_dit:   ✓ New best model (val_loss=0.112502)
2026-02-07 14:53:55 [INFO] src.training.train_dit: [Epoch 97][Step 0/335] Loss: 0.096950 | LR: 5.78e-05
2026-02-07 14:53:57 [INFO] src.training.train_dit: [Epoch 97][Step 50/335] Loss: 0.087155 | LR: 5.77e-05
2026-02-07 14:54:00 [INFO] src.training.train_dit: [Epoch 97][Step 100/335] Loss: 0.082379 | LR: 5.76e-05
2026-02-07 14:54:02 [INFO] src.training.train_dit: [Epoch 97][Step 150/335] Loss: 0.084970 | LR: 5.75e-05
2026-02-07 14:54:04 [INFO] src.training.train_dit: [Epoch 97][Step 200/335] Loss: 0.083082 | LR: 5.74e-05
2026-02-07 14:54:06 [INFO] src.training.train_dit: [Epoch 97][Step 250/335] Loss: 0.090086 | LR: 5.72e-05
2026-02-07 14:54:08 [INFO] src.training.train_dit: [Epoch 97][Step 300/335] Loss: 0.096502 | LR: 5.71e-05
2026-02-07 14:54:11 [INFO] src.training.train_dit: 
============================================================
Epoch 97/200 (15.7s)
  Train Loss: 0.091916
  Val   Loss: 0.113727
  Val  Cosine: 0.9732
============================================================
2026-02-07 14:54:11 [INFO] src.training.train_dit: [Epoch 98][Step 0/335] Loss: 0.093652 | LR: 5.70e-05
2026-02-07 14:54:13 [INFO] src.training.train_dit: [Epoch 98][Step 50/335] Loss: 0.078789 | LR: 5.69e-05
2026-02-07 14:54:15 [INFO] src.training.train_dit: [Epoch 98][Step 100/335] Loss: 0.093889 | LR: 5.68e-05
2026-02-07 14:54:18 [INFO] src.training.train_dit: [Epoch 98][Step 150/335] Loss: 0.096173 | LR: 5.67e-05
2026-02-07 14:54:20 [INFO] src.training.train_dit: [Epoch 98][Step 200/335] Loss: 0.094340 | LR: 5.65e-05
2026-02-07 14:54:22 [INFO] src.training.train_dit: [Epoch 98][Step 250/335] Loss: 0.093037 | LR: 5.64e-05
2026-02-07 14:54:24 [INFO] src.training.train_dit: [Epoch 98][Step 300/335] Loss: 0.085137 | LR: 5.63e-05
2026-02-07 14:54:27 [INFO] src.training.train_dit: 
============================================================
Epoch 98/200 (16.1s)
  Train Loss: 0.092289
  Val   Loss: 0.111580
  Val  Cosine: 0.9736
============================================================
2026-02-07 14:54:27 [INFO] src.training.train_dit:   ✓ New best model (val_loss=0.111580)
2026-02-07 14:54:27 [INFO] src.training.train_dit: [Epoch 99][Step 0/335] Loss: 0.102977 | LR: 5.62e-05
2026-02-07 14:54:30 [INFO] src.training.train_dit: [Epoch 99][Step 50/335] Loss: 0.085400 | LR: 5.61e-05
2026-02-07 14:54:32 [INFO] src.training.train_dit: [Epoch 99][Step 100/335] Loss: 0.098207 | LR: 5.60e-05
2026-02-07 14:54:34 [INFO] src.training.train_dit: [Epoch 99][Step 150/335] Loss: 0.079904 | LR: 5.58e-05
2026-02-07 14:54:36 [INFO] src.training.train_dit: [Epoch 99][Step 200/335] Loss: 0.081917 | LR: 5.57e-05
2026-02-07 14:54:38 [INFO] src.training.train_dit: [Epoch 99][Step 250/335] Loss: 0.085353 | LR: 5.56e-05
2026-02-07 14:54:40 [INFO] src.training.train_dit: [Epoch 99][Step 300/335] Loss: 0.085616 | LR: 5.55e-05
2026-02-07 14:54:43 [INFO] src.training.train_dit: 
============================================================
Epoch 99/200 (15.4s)
  Train Loss: 0.092742
  Val   Loss: 0.111012
  Val  Cosine: 0.9736
============================================================
2026-02-07 14:54:43 [INFO] src.training.train_dit:   ✓ New best model (val_loss=0.111012)
2026-02-07 14:54:43 [INFO] src.training.train_dit: [Epoch 100][Step 0/335] Loss: 0.090906 | LR: 5.54e-05
2026-02-07 14:54:45 [INFO] src.training.train_dit: [Epoch 100][Step 50/335] Loss: 0.098448 | LR: 5.53e-05
2026-02-07 14:54:47 [INFO] src.training.train_dit: [Epoch 100][Step 100/335] Loss: 0.093658 | LR: 5.52e-05
2026-02-07 14:54:50 [INFO] src.training.train_dit: [Epoch 100][Step 150/335] Loss: 0.086424 | LR: 5.50e-05
2026-02-07 14:54:52 [INFO] src.training.train_dit: [Epoch 100][Step 200/335] Loss: 0.087861 | LR: 5.49e-05
2026-02-07 14:54:54 [INFO] src.training.train_dit: [Epoch 100][Step 250/335] Loss: 0.099428 | LR: 5.48e-05
2026-02-07 14:54:56 [INFO] src.training.train_dit: [Epoch 100][Step 300/335] Loss: 0.088789 | LR: 5.47e-05
2026-02-07 14:54:58 [INFO] src.training.train_dit: 
============================================================
Epoch 100/200 (15.3s)
  Train Loss: 0.092378
  Val   Loss: 0.108400
  Val  Cosine: 0.9740
============================================================
2026-02-07 14:54:59 [INFO] src.training.train_dit:   ✓ New best model (val_loss=0.108400)
2026-02-07 14:55:01 [INFO] src.training.train_dit: Generation eval: {
  "frechet_distance": 4.265353555881692,
  "mmd_rbf": 0.003988504409790039,
  "coverage": 0.8359375,
  "density": 0.7203125,
  "mean_kl": 0.4958514430475518,
  "max_kl": 2.6296073126028787,
  "median_kl": 0.4630929919959916,
  "mean_nearest_cosine": 0.9924585819244385,
  "real_norm_mean": 21.073490142822266,
  "gen_norm_mean": 20.42411994934082
}
2026-02-07 14:55:01 [INFO] src.training.train_dit: [Epoch 101][Step 0/335] Loss: 0.099991 | LR: 5.46e-05
2026-02-07 14:55:03 [INFO] src.training.train_dit: [Epoch 101][Step 50/335] Loss: 0.096201 | LR: 5.45e-05
2026-02-07 14:55:05 [INFO] src.training.train_dit: [Epoch 101][Step 100/335] Loss: 0.080553 | LR: 5.43e-05
2026-02-07 14:55:07 [INFO] src.training.train_dit: [Epoch 101][Step 150/335] Loss: 0.099746 | LR: 5.42e-05
2026-02-07 14:55:10 [INFO] src.training.train_dit: [Epoch 101][Step 200/335] Loss: 0.084700 | LR: 5.41e-05
2026-02-07 14:55:12 [INFO] src.training.train_dit: [Epoch 101][Step 250/335] Loss: 0.080942 | LR: 5.40e-05
2026-02-07 14:55:14 [INFO] src.training.train_dit: [Epoch 101][Step 300/335] Loss: 0.100318 | LR: 5.39e-05
2026-02-07 14:55:17 [INFO] src.training.train_dit: 
============================================================
Epoch 101/200 (15.9s)
  Train Loss: 0.092348
  Val   Loss: 0.111587
  Val  Cosine: 0.9731
============================================================
2026-02-07 14:55:17 [INFO] src.training.train_dit: [Epoch 102][Step 0/335] Loss: 0.087898 | LR: 5.38e-05
2026-02-07 14:55:19 [INFO] src.training.train_dit: [Epoch 102][Step 50/335] Loss: 0.095633 | LR: 5.36e-05
2026-02-07 14:55:21 [INFO] src.training.train_dit: [Epoch 102][Step 100/335] Loss: 0.087812 | LR: 5.35e-05
2026-02-07 14:55:23 [INFO] src.training.train_dit: [Epoch 102][Step 150/335] Loss: 0.097392 | LR: 5.34e-05
2026-02-07 14:55:25 [INFO] src.training.train_dit: [Epoch 102][Step 200/335] Loss: 0.097569 | LR: 5.33e-05
2026-02-07 14:55:27 [INFO] src.training.train_dit: [Epoch 102][Step 250/335] Loss: 0.088042 | LR: 5.32e-05
2026-02-07 14:55:29 [INFO] src.training.train_dit: [Epoch 102][Step 300/335] Loss: 0.093542 | LR: 5.30e-05
2026-02-07 14:55:32 [INFO] src.training.train_dit: 
============================================================
Epoch 102/200 (15.4s)
  Train Loss: 0.091599
  Val   Loss: 0.105658
  Val  Cosine: 0.9745
============================================================
2026-02-07 14:55:32 [INFO] src.training.train_dit:   ✓ New best model (val_loss=0.105658)
2026-02-07 14:55:32 [INFO] src.training.train_dit: [Epoch 103][Step 0/335] Loss: 0.096982 | LR: 5.30e-05
2026-02-07 14:55:35 [INFO] src.training.train_dit: [Epoch 103][Step 50/335] Loss: 0.096131 | LR: 5.28e-05
2026-02-07 14:55:37 [INFO] src.training.train_dit: [Epoch 103][Step 100/335] Loss: 0.084442 | LR: 5.27e-05
2026-02-07 14:55:39 [INFO] src.training.train_dit: [Epoch 103][Step 150/335] Loss: 0.074714 | LR: 5.26e-05
2026-02-07 14:55:41 [INFO] src.training.train_dit: [Epoch 103][Step 200/335] Loss: 0.102161 | LR: 5.25e-05
2026-02-07 14:55:43 [INFO] src.training.train_dit: [Epoch 103][Step 250/335] Loss: 0.093163 | LR: 5.23e-05
2026-02-07 14:55:45 [INFO] src.training.train_dit: [Epoch 103][Step 300/335] Loss: 0.077537 | LR: 5.22e-05
2026-02-07 14:55:48 [INFO] src.training.train_dit: 
============================================================
Epoch 103/200 (15.5s)
  Train Loss: 0.091403
  Val   Loss: 0.106304
  Val  Cosine: 0.9741
============================================================
2026-02-07 14:55:48 [INFO] src.training.train_dit: [Epoch 104][Step 0/335] Loss: 0.095393 | LR: 5.21e-05
2026-02-07 14:55:50 [INFO] src.training.train_dit: [Epoch 104][Step 50/335] Loss: 0.096758 | LR: 5.20e-05
2026-02-07 14:55:52 [INFO] src.training.train_dit: [Epoch 104][Step 100/335] Loss: 0.091798 | LR: 5.19e-05
2026-02-07 14:55:54 [INFO] src.training.train_dit: [Epoch 104][Step 150/335] Loss: 0.097238 | LR: 5.18e-05
2026-02-07 14:55:57 [INFO] src.training.train_dit: [Epoch 104][Step 200/335] Loss: 0.092331 | LR: 5.16e-05
2026-02-07 14:55:59 [INFO] src.training.train_dit: [Epoch 104][Step 250/335] Loss: 0.090948 | LR: 5.15e-05
2026-02-07 14:56:01 [INFO] src.training.train_dit: [Epoch 104][Step 300/335] Loss: 0.088809 | LR: 5.14e-05
2026-02-07 14:56:04 [INFO] src.training.train_dit: 
============================================================
Epoch 104/200 (15.8s)
  Train Loss: 0.091828
  Val   Loss: 0.106052
  Val  Cosine: 0.9738
============================================================
2026-02-07 14:56:04 [INFO] src.training.train_dit: [Epoch 105][Step 0/335] Loss: 0.100433 | LR: 5.13e-05
2026-02-07 14:56:06 [INFO] src.training.train_dit: [Epoch 105][Step 50/335] Loss: 0.092621 | LR: 5.12e-05
2026-02-07 14:56:08 [INFO] src.training.train_dit: [Epoch 105][Step 100/335] Loss: 0.101309 | LR: 5.11e-05
2026-02-07 14:56:11 [INFO] src.training.train_dit: [Epoch 105][Step 150/335] Loss: 0.083240 | LR: 5.09e-05
2026-02-07 14:56:13 [INFO] src.training.train_dit: [Epoch 105][Step 200/335] Loss: 0.097391 | LR: 5.08e-05
2026-02-07 14:56:15 [INFO] src.training.train_dit: [Epoch 105][Step 250/335] Loss: 0.096651 | LR: 5.07e-05
2026-02-07 14:56:17 [INFO] src.training.train_dit: [Epoch 105][Step 300/335] Loss: 0.089062 | LR: 5.06e-05
2026-02-07 14:56:20 [INFO] src.training.train_dit: 
============================================================
Epoch 105/200 (16.3s)
  Train Loss: 0.091609
  Val   Loss: 0.104831
  Val  Cosine: 0.9741
============================================================
2026-02-07 14:56:20 [INFO] src.training.train_dit:   ✓ New best model (val_loss=0.104831)
2026-02-07 14:56:20 [INFO] src.training.train_dit: [Epoch 106][Step 0/335] Loss: 0.095052 | LR: 5.05e-05
2026-02-07 14:56:23 [INFO] src.training.train_dit: [Epoch 106][Step 50/335] Loss: 0.102826 | LR: 5.04e-05
2026-02-07 14:56:25 [INFO] src.training.train_dit: [Epoch 106][Step 100/335] Loss: 0.087812 | LR: 5.03e-05
2026-02-07 14:56:27 [INFO] src.training.train_dit: [Epoch 106][Step 150/335] Loss: 0.082988 | LR: 5.01e-05
2026-02-07 14:56:29 [INFO] src.training.train_dit: [Epoch 106][Step 200/335] Loss: 0.087802 | LR: 5.00e-05
2026-02-07 14:56:31 [INFO] src.training.train_dit: [Epoch 106][Step 250/335] Loss: 0.076007 | LR: 4.99e-05
2026-02-07 14:56:34 [INFO] src.training.train_dit: [Epoch 106][Step 300/335] Loss: 0.089569 | LR: 4.98e-05
2026-02-07 14:56:36 [INFO] src.training.train_dit: 
============================================================
Epoch 106/200 (16.1s)
  Train Loss: 0.091002
  Val   Loss: 0.104169
  Val  Cosine: 0.9740
============================================================
2026-02-07 14:56:37 [INFO] src.training.train_dit:   ✓ New best model (val_loss=0.104169)
2026-02-07 14:56:37 [INFO] src.training.train_dit: [Epoch 107][Step 0/335] Loss: 0.097424 | LR: 4.97e-05
2026-02-07 14:56:39 [INFO] src.training.train_dit: [Epoch 107][Step 50/335] Loss: 0.088744 | LR: 4.96e-05
2026-02-07 14:56:41 [INFO] src.training.train_dit: [Epoch 107][Step 100/335] Loss: 0.087205 | LR: 4.94e-05
2026-02-07 14:56:43 [INFO] src.training.train_dit: [Epoch 107][Step 150/335] Loss: 0.088887 | LR: 4.93e-05
2026-02-07 14:56:46 [INFO] src.training.train_dit: [Epoch 107][Step 200/335] Loss: 0.097219 | LR: 4.92e-05
2026-02-07 14:56:48 [INFO] src.training.train_dit: [Epoch 107][Step 250/335] Loss: 0.103176 | LR: 4.91e-05
2026-02-07 14:56:50 [INFO] src.training.train_dit: [Epoch 107][Step 300/335] Loss: 0.095128 | LR: 4.89e-05
2026-02-07 14:56:53 [INFO] src.training.train_dit: 
============================================================
Epoch 107/200 (16.2s)
  Train Loss: 0.091477
  Val   Loss: 0.103267
  Val  Cosine: 0.9742
============================================================
2026-02-07 14:56:53 [INFO] src.training.train_dit:   ✓ New best model (val_loss=0.103267)
2026-02-07 14:56:53 [INFO] src.training.train_dit: [Epoch 108][Step 0/335] Loss: 0.098846 | LR: 4.89e-05
2026-02-07 14:56:55 [INFO] src.training.train_dit: [Epoch 108][Step 50/335] Loss: 0.083477 | LR: 4.87e-05
2026-02-07 14:56:58 [INFO] src.training.train_dit: [Epoch 108][Step 100/335] Loss: 0.090143 | LR: 4.86e-05
2026-02-07 14:57:00 [INFO] src.training.train_dit: [Epoch 108][Step 150/335] Loss: 0.084167 | LR: 4.85e-05
2026-02-07 14:57:02 [INFO] src.training.train_dit: [Epoch 108][Step 200/335] Loss: 0.075077 | LR: 4.84e-05
2026-02-07 14:57:04 [INFO] src.training.train_dit: [Epoch 108][Step 250/335] Loss: 0.085172 | LR: 4.83e-05
2026-02-07 14:57:06 [INFO] src.training.train_dit: [Epoch 108][Step 300/335] Loss: 0.104199 | LR: 4.81e-05
2026-02-07 14:57:09 [INFO] src.training.train_dit: 
============================================================
Epoch 108/200 (16.2s)
  Train Loss: 0.091029
  Val   Loss: 0.097111
  Val  Cosine: 0.9758
============================================================
2026-02-07 14:57:10 [INFO] src.training.train_dit:   ✓ New best model (val_loss=0.097111)
2026-02-07 14:57:10 [INFO] src.training.train_dit: [Epoch 109][Step 0/335] Loss: 0.093896 | LR: 4.80e-05
2026-02-07 14:57:12 [INFO] src.training.train_dit: [Epoch 109][Step 50/335] Loss: 0.099839 | LR: 4.79e-05
2026-02-07 14:57:14 [INFO] src.training.train_dit: [Epoch 109][Step 100/335] Loss: 0.098285 | LR: 4.78e-05
2026-02-07 14:57:17 [INFO] src.training.train_dit: [Epoch 109][Step 150/335] Loss: 0.085719 | LR: 4.77e-05
2026-02-07 14:57:19 [INFO] src.training.train_dit: [Epoch 109][Step 200/335] Loss: 0.099720 | LR: 4.76e-05
2026-02-07 14:57:21 [INFO] src.training.train_dit: [Epoch 109][Step 250/335] Loss: 0.089345 | LR: 4.74e-05
2026-02-07 14:57:23 [INFO] src.training.train_dit: [Epoch 109][Step 300/335] Loss: 0.088283 | LR: 4.73e-05
2026-02-07 14:57:26 [INFO] src.training.train_dit: 
============================================================
Epoch 109/200 (16.5s)
  Train Loss: 0.091209
  Val   Loss: 0.098617
  Val  Cosine: 0.9753
============================================================
2026-02-07 14:57:26 [INFO] src.training.train_dit: [Epoch 110][Step 0/335] Loss: 0.074930 | LR: 4.72e-05
2026-02-07 14:57:28 [INFO] src.training.train_dit: [Epoch 110][Step 50/335] Loss: 0.090250 | LR: 4.71e-05
2026-02-07 14:57:31 [INFO] src.training.train_dit: [Epoch 110][Step 100/335] Loss: 0.095894 | LR: 4.70e-05
2026-02-07 14:57:33 [INFO] src.training.train_dit: [Epoch 110][Step 150/335] Loss: 0.086533 | LR: 4.69e-05
2026-02-07 14:57:35 [INFO] src.training.train_dit: [Epoch 110][Step 200/335] Loss: 0.086512 | LR: 4.67e-05
2026-02-07 14:57:37 [INFO] src.training.train_dit: [Epoch 110][Step 250/335] Loss: 0.102299 | LR: 4.66e-05
2026-02-07 14:57:40 [INFO] src.training.train_dit: [Epoch 110][Step 300/335] Loss: 0.073496 | LR: 4.65e-05
2026-02-07 14:57:42 [INFO] src.training.train_dit: 
============================================================
Epoch 110/200 (16.2s)
  Train Loss: 0.090880
  Val   Loss: 0.099162
  Val  Cosine: 0.9749
============================================================
2026-02-07 14:57:44 [INFO] src.training.train_dit: Generation eval: {
  "frechet_distance": 3.7368716491040903,
  "mmd_rbf": 0.0028078556060791016,
  "coverage": 0.89453125,
  "density": 0.75234375,
  "mean_kl": 0.49459450898647594,
  "max_kl": 2.128148450048175,
  "median_kl": 0.4672766379827956,
  "mean_nearest_cosine": 0.9924032688140869,
  "real_norm_mean": 21.073490142822266,
  "gen_norm_mean": 20.55984115600586
}
2026-02-07 14:57:44 [INFO] src.training.train_dit: [Epoch 111][Step 0/335] Loss: 0.094389 | LR: 4.64e-05
2026-02-07 14:57:46 [INFO] src.training.train_dit: [Epoch 111][Step 50/335] Loss: 0.090514 | LR: 4.63e-05
2026-02-07 14:57:49 [INFO] src.training.train_dit: [Epoch 111][Step 100/335] Loss: 0.104324 | LR: 4.62e-05
2026-02-07 14:57:51 [INFO] src.training.train_dit: [Epoch 111][Step 150/335] Loss: 0.091118 | LR: 4.60e-05
2026-02-07 14:57:53 [INFO] src.training.train_dit: [Epoch 111][Step 200/335] Loss: 0.100247 | LR: 4.59e-05
2026-02-07 14:57:55 [INFO] src.training.train_dit: [Epoch 111][Step 250/335] Loss: 0.084153 | LR: 4.58e-05
2026-02-07 14:57:58 [INFO] src.training.train_dit: [Epoch 111][Step 300/335] Loss: 0.087745 | LR: 4.57e-05
2026-02-07 14:58:00 [INFO] src.training.train_dit: 
============================================================
Epoch 111/200 (16.3s)
  Train Loss: 0.090650
  Val   Loss: 0.099037
  Val  Cosine: 0.9749
============================================================
2026-02-07 14:58:00 [INFO] src.training.train_dit: [Epoch 112][Step 0/335] Loss: 0.085001 | LR: 4.56e-05
2026-02-07 14:58:02 [INFO] src.training.train_dit: [Epoch 112][Step 50/335] Loss: 0.096142 | LR: 4.55e-05
2026-02-07 14:58:05 [INFO] src.training.train_dit: [Epoch 112][Step 100/335] Loss: 0.095188 | LR: 4.54e-05
2026-02-07 14:58:07 [INFO] src.training.train_dit: [Epoch 112][Step 150/335] Loss: 0.094914 | LR: 4.52e-05
2026-02-07 14:58:09 [INFO] src.training.train_dit: [Epoch 112][Step 200/335] Loss: 0.088208 | LR: 4.51e-05
2026-02-07 14:58:11 [INFO] src.training.train_dit: [Epoch 112][Step 250/335] Loss: 0.099767 | LR: 4.50e-05
2026-02-07 14:58:13 [INFO] src.training.train_dit: [Epoch 112][Step 300/335] Loss: 0.090722 | LR: 4.49e-05
2026-02-07 14:58:16 [INFO] src.training.train_dit: 
============================================================
Epoch 112/200 (15.8s)
  Train Loss: 0.090499
  Val   Loss: 0.096584
  Val  Cosine: 0.9753
============================================================
2026-02-07 14:58:16 [INFO] src.training.train_dit:   ✓ New best model (val_loss=0.096584)
2026-02-07 14:58:17 [INFO] src.training.train_dit: [Epoch 113][Step 0/335] Loss: 0.108101 | LR: 4.48e-05
2026-02-07 14:58:19 [INFO] src.training.train_dit: [Epoch 113][Step 50/335] Loss: 0.089426 | LR: 4.47e-05
2026-02-07 14:58:21 [INFO] src.training.train_dit: [Epoch 113][Step 100/335] Loss: 0.087902 | LR: 4.45e-05
2026-02-07 14:58:23 [INFO] src.training.train_dit: [Epoch 113][Step 150/335] Loss: 0.095629 | LR: 4.44e-05
2026-02-07 14:58:25 [INFO] src.training.train_dit: [Epoch 113][Step 200/335] Loss: 0.079730 | LR: 4.43e-05
2026-02-07 14:58:28 [INFO] src.training.train_dit: [Epoch 113][Step 250/335] Loss: 0.097444 | LR: 4.42e-05
2026-02-07 14:58:30 [INFO] src.training.train_dit: [Epoch 113][Step 300/335] Loss: 0.096136 | LR: 4.41e-05
2026-02-07 14:58:32 [INFO] src.training.train_dit: 
============================================================
Epoch 113/200 (16.0s)
  Train Loss: 0.089967
  Val   Loss: 0.094962
  Val  Cosine: 0.9758
============================================================
2026-02-07 14:58:33 [INFO] src.training.train_dit:   ✓ New best model (val_loss=0.094962)
2026-02-07 14:58:33 [INFO] src.training.train_dit: [Epoch 114][Step 0/335] Loss: 0.081315 | LR: 4.40e-05
2026-02-07 14:58:35 [INFO] src.training.train_dit: [Epoch 114][Step 50/335] Loss: 0.097911 | LR: 4.38e-05
2026-02-07 14:58:37 [INFO] src.training.train_dit: [Epoch 114][Step 100/335] Loss: 0.081900 | LR: 4.37e-05
2026-02-07 14:58:40 [INFO] src.training.train_dit: [Epoch 114][Step 150/335] Loss: 0.095750 | LR: 4.36e-05
2026-02-07 14:58:42 [INFO] src.training.train_dit: [Epoch 114][Step 200/335] Loss: 0.089111 | LR: 4.35e-05
2026-02-07 14:58:44 [INFO] src.training.train_dit: [Epoch 114][Step 250/335] Loss: 0.090572 | LR: 4.34e-05
2026-02-07 14:58:46 [INFO] src.training.train_dit: [Epoch 114][Step 300/335] Loss: 0.090913 | LR: 4.32e-05
2026-02-07 14:58:49 [INFO] src.training.train_dit: 
============================================================
Epoch 114/200 (16.4s)
  Train Loss: 0.090372
  Val   Loss: 0.095509
  Val  Cosine: 0.9754
============================================================
2026-02-07 14:58:49 [INFO] src.training.train_dit: [Epoch 115][Step 0/335] Loss: 0.081676 | LR: 4.32e-05
2026-02-07 14:58:51 [INFO] src.training.train_dit: [Epoch 115][Step 50/335] Loss: 0.082474 | LR: 4.30e-05
2026-02-07 14:58:54 [INFO] src.training.train_dit: [Epoch 115][Step 100/335] Loss: 0.084600 | LR: 4.29e-05
2026-02-07 14:58:56 [INFO] src.training.train_dit: [Epoch 115][Step 150/335] Loss: 0.092579 | LR: 4.28e-05
2026-02-07 14:58:58 [INFO] src.training.train_dit: [Epoch 115][Step 200/335] Loss: 0.093203 | LR: 4.27e-05
2026-02-07 14:59:00 [INFO] src.training.train_dit: [Epoch 115][Step 250/335] Loss: 0.078968 | LR: 4.26e-05
2026-02-07 14:59:02 [INFO] src.training.train_dit: [Epoch 115][Step 300/335] Loss: 0.101664 | LR: 4.24e-05
2026-02-07 14:59:05 [INFO] src.training.train_dit: 
============================================================
Epoch 115/200 (15.9s)
  Train Loss: 0.089724
  Val   Loss: 0.094563
  Val  Cosine: 0.9757
============================================================
2026-02-07 14:59:05 [INFO] src.training.train_dit:   ✓ New best model (val_loss=0.094563)
2026-02-07 14:59:05 [INFO] src.training.train_dit: [Epoch 116][Step 0/335] Loss: 0.091038 | LR: 4.24e-05
2026-02-07 14:59:08 [INFO] src.training.train_dit: [Epoch 116][Step 50/335] Loss: 0.089655 | LR: 4.22e-05
2026-02-07 14:59:10 [INFO] src.training.train_dit: [Epoch 116][Step 100/335] Loss: 0.085370 | LR: 4.21e-05
2026-02-07 14:59:12 [INFO] src.training.train_dit: [Epoch 116][Step 150/335] Loss: 0.093054 | LR: 4.20e-05
2026-02-07 14:59:14 [INFO] src.training.train_dit: [Epoch 116][Step 200/335] Loss: 0.099528 | LR: 4.19e-05
2026-02-07 14:59:17 [INFO] src.training.train_dit: [Epoch 116][Step 250/335] Loss: 0.091405 | LR: 4.17e-05
2026-02-07 14:59:19 [INFO] src.training.train_dit: [Epoch 116][Step 300/335] Loss: 0.085484 | LR: 4.16e-05
2026-02-07 14:59:22 [INFO] src.training.train_dit: 
============================================================
Epoch 116/200 (16.3s)
  Train Loss: 0.090086
  Val   Loss: 0.094462
  Val  Cosine: 0.9755
============================================================
2026-02-07 14:59:22 [INFO] src.training.train_dit:   ✓ New best model (val_loss=0.094462)
2026-02-07 14:59:22 [INFO] src.training.train_dit: [Epoch 117][Step 0/335] Loss: 0.086910 | LR: 4.15e-05
2026-02-07 14:59:24 [INFO] src.training.train_dit: [Epoch 117][Step 50/335] Loss: 0.081630 | LR: 4.14e-05
2026-02-07 14:59:27 [INFO] src.training.train_dit: [Epoch 117][Step 100/335] Loss: 0.093960 | LR: 4.13e-05
2026-02-07 14:59:29 [INFO] src.training.train_dit: [Epoch 117][Step 150/335] Loss: 0.077945 | LR: 4.12e-05
2026-02-07 14:59:31 [INFO] src.training.train_dit: [Epoch 117][Step 200/335] Loss: 0.074760 | LR: 4.11e-05
2026-02-07 14:59:33 [INFO] src.training.train_dit: [Epoch 117][Step 250/335] Loss: 0.082450 | LR: 4.09e-05
2026-02-07 14:59:36 [INFO] src.training.train_dit: [Epoch 117][Step 300/335] Loss: 0.090014 | LR: 4.08e-05
2026-02-07 14:59:38 [INFO] src.training.train_dit: 
============================================================
Epoch 117/200 (16.3s)
  Train Loss: 0.090350
  Val   Loss: 0.093426
  Val  Cosine: 0.9757
============================================================
2026-02-07 14:59:39 [INFO] src.training.train_dit:   ✓ New best model (val_loss=0.093426)
2026-02-07 14:59:39 [INFO] src.training.train_dit: [Epoch 118][Step 0/335] Loss: 0.087566 | LR: 4.07e-05
2026-02-07 14:59:41 [INFO] src.training.train_dit: [Epoch 118][Step 50/335] Loss: 0.092442 | LR: 4.06e-05
2026-02-07 14:59:43 [INFO] src.training.train_dit: [Epoch 118][Step 100/335] Loss: 0.085889 | LR: 4.05e-05
2026-02-07 14:59:46 [INFO] src.training.train_dit: [Epoch 118][Step 150/335] Loss: 0.079849 | LR: 4.04e-05
2026-02-07 14:59:48 [INFO] src.training.train_dit: [Epoch 118][Step 200/335] Loss: 0.080655 | LR: 4.03e-05
2026-02-07 14:59:50 [INFO] src.training.train_dit: [Epoch 118][Step 250/335] Loss: 0.080074 | LR: 4.01e-05
2026-02-07 14:59:52 [INFO] src.training.train_dit: [Epoch 118][Step 300/335] Loss: 0.091810 | LR: 4.00e-05
2026-02-07 14:59:55 [INFO] src.training.train_dit: 
============================================================
Epoch 118/200 (16.3s)
  Train Loss: 0.089592
  Val   Loss: 0.089616
  Val  Cosine: 0.9767
============================================================
2026-02-07 14:59:55 [INFO] src.training.train_dit:   ✓ New best model (val_loss=0.089616)
2026-02-07 14:59:55 [INFO] src.training.train_dit: [Epoch 119][Step 0/335] Loss: 0.075699 | LR: 3.99e-05
2026-02-07 14:59:57 [INFO] src.training.train_dit: [Epoch 119][Step 50/335] Loss: 0.085471 | LR: 3.98e-05
2026-02-07 15:00:00 [INFO] src.training.train_dit: [Epoch 119][Step 100/335] Loss: 0.085438 | LR: 3.97e-05
2026-02-07 15:00:02 [INFO] src.training.train_dit: [Epoch 119][Step 150/335] Loss: 0.092402 | LR: 3.96e-05
2026-02-07 15:00:04 [INFO] src.training.train_dit: [Epoch 119][Step 200/335] Loss: 0.101635 | LR: 3.95e-05
2026-02-07 15:00:06 [INFO] src.training.train_dit: [Epoch 119][Step 250/335] Loss: 0.086985 | LR: 3.93e-05
2026-02-07 15:00:08 [INFO] src.training.train_dit: [Epoch 119][Step 300/335] Loss: 0.102752 | LR: 3.92e-05
2026-02-07 15:00:11 [INFO] src.training.train_dit: 
============================================================
Epoch 119/200 (15.8s)
  Train Loss: 0.090096
  Val   Loss: 0.091312
  Val  Cosine: 0.9761
============================================================
2026-02-07 15:00:11 [INFO] src.training.train_dit: [Epoch 120][Step 0/335] Loss: 0.092825 | LR: 3.91e-05
2026-02-07 15:00:13 [INFO] src.training.train_dit: [Epoch 120][Step 50/335] Loss: 0.085857 | LR: 3.90e-05
2026-02-07 15:00:16 [INFO] src.training.train_dit: [Epoch 120][Step 100/335] Loss: 0.085696 | LR: 3.89e-05
2026-02-07 15:00:18 [INFO] src.training.train_dit: [Epoch 120][Step 150/335] Loss: 0.088650 | LR: 3.88e-05
2026-02-07 15:00:20 [INFO] src.training.train_dit: [Epoch 120][Step 200/335] Loss: 0.097662 | LR: 3.87e-05
2026-02-07 15:00:23 [INFO] src.training.train_dit: [Epoch 120][Step 250/335] Loss: 0.078362 | LR: 3.85e-05
2026-02-07 15:00:25 [INFO] src.training.train_dit: [Epoch 120][Step 300/335] Loss: 0.087833 | LR: 3.84e-05
2026-02-07 15:00:28 [INFO] src.training.train_dit: 
============================================================
Epoch 120/200 (16.7s)
  Train Loss: 0.089909
  Val   Loss: 0.091666
  Val  Cosine: 0.9759
============================================================
2026-02-07 15:00:29 [INFO] src.training.train_dit: Generation eval: {
  "frechet_distance": 3.676001518304853,
  "mmd_rbf": 0.0024907588958740234,
  "coverage": 0.87109375,
  "density": 0.74140625,
  "mean_kl": 0.4586434956181712,
  "max_kl": 1.2847311891264401,
  "median_kl": 0.42847865292720533,
  "mean_nearest_cosine": 0.9921414852142334,
  "real_norm_mean": 21.073490142822266,
  "gen_norm_mean": 20.67491912841797
}
2026-02-07 15:00:29 [INFO] src.training.train_dit: [Epoch 121][Step 0/335] Loss: 0.086578 | LR: 3.83e-05
2026-02-07 15:00:32 [INFO] src.training.train_dit: [Epoch 121][Step 50/335] Loss: 0.086804 | LR: 3.82e-05
2026-02-07 15:00:34 [INFO] src.training.train_dit: [Epoch 121][Step 100/335] Loss: 0.084366 | LR: 3.81e-05
2026-02-07 15:00:36 [INFO] src.training.train_dit: [Epoch 121][Step 150/335] Loss: 0.095999 | LR: 3.80e-05
2026-02-07 15:00:38 [INFO] src.training.train_dit: [Epoch 121][Step 200/335] Loss: 0.097680 | LR: 3.79e-05
2026-02-07 15:00:41 [INFO] src.training.train_dit: [Epoch 121][Step 250/335] Loss: 0.092535 | LR: 3.78e-05
2026-02-07 15:00:43 [INFO] src.training.train_dit: [Epoch 121][Step 300/335] Loss: 0.093042 | LR: 3.76e-05
2026-02-07 15:00:46 [INFO] src.training.train_dit: 
============================================================
Epoch 121/200 (16.4s)
  Train Loss: 0.089807
  Val   Loss: 0.090750
  Val  Cosine: 0.9761
============================================================
2026-02-07 15:00:46 [INFO] src.training.train_dit: [Epoch 122][Step 0/335] Loss: 0.081903 | LR: 3.76e-05
2026-02-07 15:00:48 [INFO] src.training.train_dit: [Epoch 122][Step 50/335] Loss: 0.085139 | LR: 3.74e-05
2026-02-07 15:00:50 [INFO] src.training.train_dit: [Epoch 122][Step 100/335] Loss: 0.081832 | LR: 3.73e-05
2026-02-07 15:00:53 [INFO] src.training.train_dit: [Epoch 122][Step 150/335] Loss: 0.087942 | LR: 3.72e-05
2026-02-07 15:00:55 [INFO] src.training.train_dit: [Epoch 122][Step 200/335] Loss: 0.075767 | LR: 3.71e-05
2026-02-07 15:00:57 [INFO] src.training.train_dit: [Epoch 122][Step 250/335] Loss: 0.082924 | LR: 3.70e-05
2026-02-07 15:00:59 [INFO] src.training.train_dit: [Epoch 122][Step 300/335] Loss: 0.093312 | LR: 3.68e-05
2026-02-07 15:01:02 [INFO] src.training.train_dit: 
============================================================
Epoch 122/200 (16.7s)
  Train Loss: 0.089498
  Val   Loss: 0.088687
  Val  Cosine: 0.9766
============================================================
2026-02-07 15:01:03 [INFO] src.training.train_dit:   ✓ New best model (val_loss=0.088687)
2026-02-07 15:01:03 [INFO] src.training.train_dit: [Epoch 123][Step 0/335] Loss: 0.088983 | LR: 3.68e-05
2026-02-07 15:01:05 [INFO] src.training.train_dit: [Epoch 123][Step 50/335] Loss: 0.097588 | LR: 3.66e-05
2026-02-07 15:01:07 [INFO] src.training.train_dit: [Epoch 123][Step 100/335] Loss: 0.075534 | LR: 3.65e-05
2026-02-07 15:01:10 [INFO] src.training.train_dit: [Epoch 123][Step 150/335] Loss: 0.072826 | LR: 3.64e-05
2026-02-07 15:01:12 [INFO] src.training.train_dit: [Epoch 123][Step 200/335] Loss: 0.097289 | LR: 3.63e-05
2026-02-07 15:01:14 [INFO] src.training.train_dit: [Epoch 123][Step 250/335] Loss: 0.083276 | LR: 3.62e-05
2026-02-07 15:01:16 [INFO] src.training.train_dit: [Epoch 123][Step 300/335] Loss: 0.091744 | LR: 3.61e-05
2026-02-07 15:01:19 [INFO] src.training.train_dit: 
============================================================
Epoch 123/200 (16.4s)
  Train Loss: 0.089071
  Val   Loss: 0.087913
  Val  Cosine: 0.9768
============================================================
2026-02-07 15:01:19 [INFO] src.training.train_dit:   ✓ New best model (val_loss=0.087913)
2026-02-07 15:01:19 [INFO] src.training.train_dit: [Epoch 124][Step 0/335] Loss: 0.091717 | LR: 3.60e-05
2026-02-07 15:01:22 [INFO] src.training.train_dit: [Epoch 124][Step 50/335] Loss: 0.081515 | LR: 3.59e-05
2026-02-07 15:01:24 [INFO] src.training.train_dit: [Epoch 124][Step 100/335] Loss: 0.100636 | LR: 3.57e-05
2026-02-07 15:01:26 [INFO] src.training.train_dit: [Epoch 124][Step 150/335] Loss: 0.094977 | LR: 3.56e-05
2026-02-07 15:01:29 [INFO] src.training.train_dit: [Epoch 124][Step 200/335] Loss: 0.088747 | LR: 3.55e-05
2026-02-07 15:01:31 [INFO] src.training.train_dit: [Epoch 124][Step 250/335] Loss: 0.087101 | LR: 3.54e-05
2026-02-07 15:01:33 [INFO] src.training.train_dit: [Epoch 124][Step 300/335] Loss: 0.081924 | LR: 3.53e-05
2026-02-07 15:01:36 [INFO] src.training.train_dit: 
============================================================
Epoch 124/200 (16.4s)
  Train Loss: 0.088685
  Val   Loss: 0.090375
  Val  Cosine: 0.9758
============================================================
2026-02-07 15:01:36 [INFO] src.training.train_dit: [Epoch 125][Step 0/335] Loss: 0.083604 | LR: 3.52e-05
2026-02-07 15:01:38 [INFO] src.training.train_dit: [Epoch 125][Step 50/335] Loss: 0.097482 | LR: 3.51e-05
2026-02-07 15:01:40 [INFO] src.training.train_dit: [Epoch 125][Step 100/335] Loss: 0.095859 | LR: 3.50e-05
2026-02-07 15:01:42 [INFO] src.training.train_dit: [Epoch 125][Step 150/335] Loss: 0.104275 | LR: 3.49e-05
2026-02-07 15:01:45 [INFO] src.training.train_dit: [Epoch 125][Step 200/335] Loss: 0.083337 | LR: 3.47e-05
2026-02-07 15:01:47 [INFO] src.training.train_dit: [Epoch 125][Step 250/335] Loss: 0.089757 | LR: 3.46e-05
2026-02-07 15:01:49 [INFO] src.training.train_dit: [Epoch 125][Step 300/335] Loss: 0.086727 | LR: 3.45e-05
2026-02-07 15:01:52 [INFO] src.training.train_dit: 
============================================================
Epoch 125/200 (16.3s)
  Train Loss: 0.088915
  Val   Loss: 0.088140
  Val  Cosine: 0.9765
============================================================
2026-02-07 15:01:52 [INFO] src.training.train_dit: [Epoch 126][Step 0/335] Loss: 0.086212 | LR: 3.44e-05
2026-02-07 15:01:54 [INFO] src.training.train_dit: [Epoch 126][Step 50/335] Loss: 0.087891 | LR: 3.43e-05
2026-02-07 15:01:57 [INFO] src.training.train_dit: [Epoch 126][Step 100/335] Loss: 0.084332 | LR: 3.42e-05
2026-02-07 15:01:59 [INFO] src.training.train_dit: [Epoch 126][Step 150/335] Loss: 0.093553 | LR: 3.41e-05
2026-02-07 15:02:01 [INFO] src.training.train_dit: [Epoch 126][Step 200/335] Loss: 0.077183 | LR: 3.40e-05
2026-02-07 15:02:04 [INFO] src.training.train_dit: [Epoch 126][Step 250/335] Loss: 0.080667 | LR: 3.38e-05
2026-02-07 15:02:06 [INFO] src.training.train_dit: [Epoch 126][Step 300/335] Loss: 0.083516 | LR: 3.37e-05
2026-02-07 15:02:08 [INFO] src.training.train_dit: 
============================================================
Epoch 126/200 (16.4s)
  Train Loss: 0.088904
  Val   Loss: 0.087403
  Val  Cosine: 0.9766
============================================================
2026-02-07 15:02:09 [INFO] src.training.train_dit:   ✓ New best model (val_loss=0.087403)
2026-02-07 15:02:09 [INFO] src.training.train_dit: [Epoch 127][Step 0/335] Loss: 0.104096 | LR: 3.37e-05
2026-02-07 15:02:11 [INFO] src.training.train_dit: [Epoch 127][Step 50/335] Loss: 0.083010 | LR: 3.35e-05
2026-02-07 15:02:13 [INFO] src.training.train_dit: [Epoch 127][Step 100/335] Loss: 0.091425 | LR: 3.34e-05
2026-02-07 15:02:15 [INFO] src.training.train_dit: [Epoch 127][Step 150/335] Loss: 0.083181 | LR: 3.33e-05
2026-02-07 15:02:18 [INFO] src.training.train_dit: [Epoch 127][Step 200/335] Loss: 0.082903 | LR: 3.32e-05
2026-02-07 15:02:20 [INFO] src.training.train_dit: [Epoch 127][Step 250/335] Loss: 0.087671 | LR: 3.31e-05
2026-02-07 15:02:22 [INFO] src.training.train_dit: [Epoch 127][Step 300/335] Loss: 0.085805 | LR: 3.30e-05
2026-02-07 15:02:25 [INFO] src.training.train_dit: 
============================================================
Epoch 127/200 (16.0s)
  Train Loss: 0.088275
  Val   Loss: 0.086509
  Val  Cosine: 0.9768
============================================================
2026-02-07 15:02:25 [INFO] src.training.train_dit:   ✓ New best model (val_loss=0.086509)
2026-02-07 15:02:25 [INFO] src.training.train_dit: [Epoch 128][Step 0/335] Loss: 0.080519 | LR: 3.29e-05
2026-02-07 15:02:27 [INFO] src.training.train_dit: [Epoch 128][Step 50/335] Loss: 0.099271 | LR: 3.28e-05
2026-02-07 15:02:29 [INFO] src.training.train_dit: [Epoch 128][Step 100/335] Loss: 0.093447 | LR: 3.27e-05
2026-02-07 15:02:32 [INFO] src.training.train_dit: [Epoch 128][Step 150/335] Loss: 0.089042 | LR: 3.25e-05
2026-02-07 15:02:34 [INFO] src.training.train_dit: [Epoch 128][Step 200/335] Loss: 0.087094 | LR: 3.24e-05
2026-02-07 15:02:36 [INFO] src.training.train_dit: [Epoch 128][Step 250/335] Loss: 0.098036 | LR: 3.23e-05
2026-02-07 15:02:38 [INFO] src.training.train_dit: [Epoch 128][Step 300/335] Loss: 0.086651 | LR: 3.22e-05
2026-02-07 15:02:41 [INFO] src.training.train_dit: 
============================================================
Epoch 128/200 (15.9s)
  Train Loss: 0.088851
  Val   Loss: 0.084924
  Val  Cosine: 0.9773
============================================================
2026-02-07 15:02:41 [INFO] src.training.train_dit:   ✓ New best model (val_loss=0.084924)
2026-02-07 15:02:41 [INFO] src.training.train_dit: [Epoch 129][Step 0/335] Loss: 0.101663 | LR: 3.21e-05
2026-02-07 15:02:44 [INFO] src.training.train_dit: [Epoch 129][Step 50/335] Loss: 0.090857 | LR: 3.20e-05
2026-02-07 15:02:46 [INFO] src.training.train_dit: [Epoch 129][Step 100/335] Loss: 0.083186 | LR: 3.19e-05
2026-02-07 15:02:48 [INFO] src.training.train_dit: [Epoch 129][Step 150/335] Loss: 0.090029 | LR: 3.18e-05
2026-02-07 15:02:50 [INFO] src.training.train_dit: [Epoch 129][Step 200/335] Loss: 0.089208 | LR: 3.17e-05
2026-02-07 15:02:52 [INFO] src.training.train_dit: [Epoch 129][Step 250/335] Loss: 0.085334 | LR: 3.16e-05
2026-02-07 15:02:55 [INFO] src.training.train_dit: [Epoch 129][Step 300/335] Loss: 0.079397 | LR: 3.14e-05
2026-02-07 15:02:57 [INFO] src.training.train_dit: 
============================================================
Epoch 129/200 (16.1s)
  Train Loss: 0.087906
  Val   Loss: 0.085448
  Val  Cosine: 0.9770
============================================================
2026-02-07 15:02:57 [INFO] src.training.train_dit: [Epoch 130][Step 0/335] Loss: 0.100179 | LR: 3.14e-05
2026-02-07 15:03:00 [INFO] src.training.train_dit: [Epoch 130][Step 50/335] Loss: 0.098235 | LR: 3.13e-05
2026-02-07 15:03:02 [INFO] src.training.train_dit: [Epoch 130][Step 100/335] Loss: 0.083323 | LR: 3.11e-05
2026-02-07 15:03:04 [INFO] src.training.train_dit: [Epoch 130][Step 150/335] Loss: 0.103788 | LR: 3.10e-05
2026-02-07 15:03:06 [INFO] src.training.train_dit: [Epoch 130][Step 200/335] Loss: 0.086789 | LR: 3.09e-05
2026-02-07 15:03:09 [INFO] src.training.train_dit: [Epoch 130][Step 250/335] Loss: 0.077891 | LR: 3.08e-05
2026-02-07 15:03:11 [INFO] src.training.train_dit: [Epoch 130][Step 300/335] Loss: 0.088090 | LR: 3.07e-05
2026-02-07 15:03:14 [INFO] src.training.train_dit: 
============================================================
Epoch 130/200 (16.2s)
  Train Loss: 0.089339
  Val   Loss: 0.086461
  Val  Cosine: 0.9765
============================================================
2026-02-07 15:03:15 [INFO] src.training.train_dit: Generation eval: {
  "frechet_distance": 3.8688022520937113,
  "mmd_rbf": 0.0024503469467163086,
  "coverage": 0.8828125,
  "density": 0.73671875,
  "mean_kl": 0.43684950754380264,
  "max_kl": 1.1138829665502947,
  "median_kl": 0.40990242098755025,
  "mean_nearest_cosine": 0.991625189781189,
  "real_norm_mean": 21.073490142822266,
  "gen_norm_mean": 20.783449172973633
}
2026-02-07 15:03:16 [INFO] src.training.train_dit: [Epoch 131][Step 0/335] Loss: 0.078848 | LR: 3.06e-05
2026-02-07 15:03:18 [INFO] src.training.train_dit: [Epoch 131][Step 50/335] Loss: 0.088593 | LR: 3.05e-05
2026-02-07 15:03:20 [INFO] src.training.train_dit: [Epoch 131][Step 100/335] Loss: 0.089314 | LR: 3.04e-05
2026-02-07 15:03:22 [INFO] src.training.train_dit: [Epoch 131][Step 150/335] Loss: 0.083341 | LR: 3.03e-05
2026-02-07 15:03:24 [INFO] src.training.train_dit: [Epoch 131][Step 200/335] Loss: 0.089501 | LR: 3.02e-05
2026-02-07 15:03:27 [INFO] src.training.train_dit: [Epoch 131][Step 250/335] Loss: 0.086159 | LR: 3.01e-05
2026-02-07 15:03:29 [INFO] src.training.train_dit: [Epoch 131][Step 300/335] Loss: 0.092793 | LR: 2.99e-05
2026-02-07 15:03:32 [INFO] src.training.train_dit: 
============================================================
Epoch 131/200 (16.0s)
  Train Loss: 0.088673
  Val   Loss: 0.083920
  Val  Cosine: 0.9773
============================================================
2026-02-07 15:03:32 [INFO] src.training.train_dit:   ✓ New best model (val_loss=0.083920)
2026-02-07 15:03:32 [INFO] src.training.train_dit: [Epoch 132][Step 0/335] Loss: 0.076575 | LR: 2.99e-05
2026-02-07 15:03:34 [INFO] src.training.train_dit: [Epoch 132][Step 50/335] Loss: 0.083099 | LR: 2.98e-05
2026-02-07 15:03:36 [INFO] src.training.train_dit: [Epoch 132][Step 100/335] Loss: 0.082520 | LR: 2.96e-05
2026-02-07 15:03:38 [INFO] src.training.train_dit: [Epoch 132][Step 150/335] Loss: 0.085160 | LR: 2.95e-05
2026-02-07 15:03:41 [INFO] src.training.train_dit: [Epoch 132][Step 200/335] Loss: 0.093838 | LR: 2.94e-05
2026-02-07 15:03:43 [INFO] src.training.train_dit: [Epoch 132][Step 250/335] Loss: 0.095417 | LR: 2.93e-05
2026-02-07 15:03:45 [INFO] src.training.train_dit: [Epoch 132][Step 300/335] Loss: 0.084439 | LR: 2.92e-05
2026-02-07 15:03:48 [INFO] src.training.train_dit: 
============================================================
Epoch 132/200 (16.0s)
  Train Loss: 0.088061
  Val   Loss: 0.085464
  Val  Cosine: 0.9768
============================================================
2026-02-07 15:03:48 [INFO] src.training.train_dit: [Epoch 133][Step 0/335] Loss: 0.074777 | LR: 2.91e-05
2026-02-07 15:03:50 [INFO] src.training.train_dit: [Epoch 133][Step 50/335] Loss: 0.100388 | LR: 2.90e-05
2026-02-07 15:03:52 [INFO] src.training.train_dit: [Epoch 133][Step 100/335] Loss: 0.081743 | LR: 2.89e-05
2026-02-07 15:03:55 [INFO] src.training.train_dit: [Epoch 133][Step 150/335] Loss: 0.087868 | LR: 2.88e-05
2026-02-07 15:03:57 [INFO] src.training.train_dit: [Epoch 133][Step 200/335] Loss: 0.087696 | LR: 2.87e-05
2026-02-07 15:03:59 [INFO] src.training.train_dit: [Epoch 133][Step 250/335] Loss: 0.075234 | LR: 2.86e-05
2026-02-07 15:04:01 [INFO] src.training.train_dit: [Epoch 133][Step 300/335] Loss: 0.085602 | LR: 2.85e-05
2026-02-07 15:04:04 [INFO] src.training.train_dit: 
============================================================
Epoch 133/200 (16.1s)
  Train Loss: 0.089011
  Val   Loss: 0.084906
  Val  Cosine: 0.9770
============================================================
2026-02-07 15:04:04 [INFO] src.training.train_dit: [Epoch 134][Step 0/335] Loss: 0.094447 | LR: 2.84e-05
2026-02-07 15:04:06 [INFO] src.training.train_dit: [Epoch 134][Step 50/335] Loss: 0.083244 | LR: 2.83e-05
2026-02-07 15:04:08 [INFO] src.training.train_dit: [Epoch 134][Step 100/335] Loss: 0.091640 | LR: 2.82e-05
2026-02-07 15:04:11 [INFO] src.training.train_dit: [Epoch 134][Step 150/335] Loss: 0.088123 | LR: 2.81e-05
2026-02-07 15:04:13 [INFO] src.training.train_dit: [Epoch 134][Step 200/335] Loss: 0.092381 | LR: 2.80e-05
2026-02-07 15:04:15 [INFO] src.training.train_dit: [Epoch 134][Step 250/335] Loss: 0.080885 | LR: 2.78e-05
2026-02-07 15:04:17 [INFO] src.training.train_dit: [Epoch 134][Step 300/335] Loss: 0.084708 | LR: 2.77e-05
2026-02-07 15:04:20 [INFO] src.training.train_dit: 
============================================================
Epoch 134/200 (16.1s)
  Train Loss: 0.088550
  Val   Loss: 0.083706
  Val  Cosine: 0.9772
============================================================
2026-02-07 15:04:20 [INFO] src.training.train_dit:   ✓ New best model (val_loss=0.083706)
2026-02-07 15:04:20 [INFO] src.training.train_dit: [Epoch 135][Step 0/335] Loss: 0.098243 | LR: 2.77e-05
2026-02-07 15:04:23 [INFO] src.training.train_dit: [Epoch 135][Step 50/335] Loss: 0.093929 | LR: 2.76e-05
2026-02-07 15:04:25 [INFO] src.training.train_dit: [Epoch 135][Step 100/335] Loss: 0.084796 | LR: 2.74e-05
2026-02-07 15:04:27 [INFO] src.training.train_dit: [Epoch 135][Step 150/335] Loss: 0.088689 | LR: 2.73e-05
2026-02-07 15:04:29 [INFO] src.training.train_dit: [Epoch 135][Step 200/335] Loss: 0.098538 | LR: 2.72e-05
2026-02-07 15:04:32 [INFO] src.training.train_dit: [Epoch 135][Step 250/335] Loss: 0.088828 | LR: 2.71e-05
2026-02-07 15:04:34 [INFO] src.training.train_dit: [Epoch 135][Step 300/335] Loss: 0.086211 | LR: 2.70e-05
2026-02-07 15:04:36 [INFO] src.training.train_dit: 
============================================================
Epoch 135/200 (16.1s)
  Train Loss: 0.088237
  Val   Loss: 0.084127
  Val  Cosine: 0.9770
============================================================
2026-02-07 15:04:36 [INFO] src.training.train_dit: [Epoch 136][Step 0/335] Loss: 0.094387 | LR: 2.69e-05
2026-02-07 15:04:39 [INFO] src.training.train_dit: [Epoch 136][Step 50/335] Loss: 0.100169 | LR: 2.68e-05
2026-02-07 15:04:41 [INFO] src.training.train_dit: [Epoch 136][Step 100/335] Loss: 0.088694 | LR: 2.67e-05
2026-02-07 15:04:43 [INFO] src.training.train_dit: [Epoch 136][Step 150/335] Loss: 0.098304 | LR: 2.66e-05
2026-02-07 15:04:45 [INFO] src.training.train_dit: [Epoch 136][Step 200/335] Loss: 0.077460 | LR: 2.65e-05
2026-02-07 15:04:48 [INFO] src.training.train_dit: [Epoch 136][Step 250/335] Loss: 0.089551 | LR: 2.64e-05
2026-02-07 15:04:50 [INFO] src.training.train_dit: [Epoch 136][Step 300/335] Loss: 0.088660 | LR: 2.63e-05
2026-02-07 15:04:52 [INFO] src.training.train_dit: 
============================================================
Epoch 136/200 (16.0s)
  Train Loss: 0.088324
  Val   Loss: 0.084016
  Val  Cosine: 0.9770
============================================================
2026-02-07 15:04:52 [INFO] src.training.train_dit: [Epoch 137][Step 0/335] Loss: 0.090814 | LR: 2.62e-05
2026-02-07 15:04:55 [INFO] src.training.train_dit: [Epoch 137][Step 50/335] Loss: 0.097626 | LR: 2.61e-05
2026-02-07 15:04:57 [INFO] src.training.train_dit: [Epoch 137][Step 100/335] Loss: 0.094715 | LR: 2.60e-05
2026-02-07 15:04:59 [INFO] src.training.train_dit: [Epoch 137][Step 150/335] Loss: 0.070331 | LR: 2.59e-05
2026-02-07 15:05:01 [INFO] src.training.train_dit: [Epoch 137][Step 200/335] Loss: 0.080777 | LR: 2.58e-05
2026-02-07 15:05:04 [INFO] src.training.train_dit: [Epoch 137][Step 250/335] Loss: 0.104371 | LR: 2.57e-05
2026-02-07 15:05:06 [INFO] src.training.train_dit: [Epoch 137][Step 300/335] Loss: 0.094802 | LR: 2.56e-05
2026-02-07 15:05:09 [INFO] src.training.train_dit: 
============================================================
Epoch 137/200 (16.1s)
  Train Loss: 0.087953
  Val   Loss: 0.082662
  Val  Cosine: 0.9773
============================================================
2026-02-07 15:05:09 [INFO] src.training.train_dit:   ✓ New best model (val_loss=0.082662)
2026-02-07 15:05:09 [INFO] src.training.train_dit: [Epoch 138][Step 0/335] Loss: 0.090574 | LR: 2.55e-05
2026-02-07 15:05:11 [INFO] src.training.train_dit: [Epoch 138][Step 50/335] Loss: 0.085835 | LR: 2.54e-05
2026-02-07 15:05:13 [INFO] src.training.train_dit: [Epoch 138][Step 100/335] Loss: 0.092276 | LR: 2.53e-05
2026-02-07 15:05:15 [INFO] src.training.train_dit: [Epoch 138][Step 150/335] Loss: 0.087114 | LR: 2.52e-05
2026-02-07 15:05:18 [INFO] src.training.train_dit: [Epoch 138][Step 200/335] Loss: 0.101608 | LR: 2.51e-05
2026-02-07 15:05:20 [INFO] src.training.train_dit: [Epoch 138][Step 250/335] Loss: 0.102747 | LR: 2.50e-05
2026-02-07 15:05:22 [INFO] src.training.train_dit: [Epoch 138][Step 300/335] Loss: 0.090353 | LR: 2.49e-05
2026-02-07 15:05:25 [INFO] src.training.train_dit: 
============================================================
Epoch 138/200 (16.0s)
  Train Loss: 0.088147
  Val   Loss: 0.082441
  Val  Cosine: 0.9774
============================================================
2026-02-07 15:05:25 [INFO] src.training.train_dit:   ✓ New best model (val_loss=0.082441)
2026-02-07 15:05:25 [INFO] src.training.train_dit: [Epoch 139][Step 0/335] Loss: 0.076919 | LR: 2.48e-05
2026-02-07 15:05:27 [INFO] src.training.train_dit: [Epoch 139][Step 50/335] Loss: 0.089405 | LR: 2.47e-05
2026-02-07 15:05:30 [INFO] src.training.train_dit: [Epoch 139][Step 100/335] Loss: 0.086831 | LR: 2.46e-05
2026-02-07 15:05:32 [INFO] src.training.train_dit: [Epoch 139][Step 150/335] Loss: 0.096963 | LR: 2.45e-05
2026-02-07 15:05:34 [INFO] src.training.train_dit: [Epoch 139][Step 200/335] Loss: 0.084793 | LR: 2.44e-05
2026-02-07 15:05:36 [INFO] src.training.train_dit: [Epoch 139][Step 250/335] Loss: 0.102984 | LR: 2.43e-05
2026-02-07 15:05:38 [INFO] src.training.train_dit: [Epoch 139][Step 300/335] Loss: 0.095595 | LR: 2.42e-05
2026-02-07 15:05:41 [INFO] src.training.train_dit: 
============================================================
Epoch 139/200 (16.0s)
  Train Loss: 0.087949
  Val   Loss: 0.084341
  Val  Cosine: 0.9768
============================================================
2026-02-07 15:05:41 [INFO] src.training.train_dit: [Epoch 140][Step 0/335] Loss: 0.076274 | LR: 2.41e-05
2026-02-07 15:05:43 [INFO] src.training.train_dit: [Epoch 140][Step 50/335] Loss: 0.079729 | LR: 2.40e-05
2026-02-07 15:05:46 [INFO] src.training.train_dit: [Epoch 140][Step 100/335] Loss: 0.081367 | LR: 2.39e-05
2026-02-07 15:05:48 [INFO] src.training.train_dit: [Epoch 140][Step 150/335] Loss: 0.079875 | LR: 2.38e-05
2026-02-07 15:05:50 [INFO] src.training.train_dit: [Epoch 140][Step 200/335] Loss: 0.085865 | LR: 2.37e-05
2026-02-07 15:05:52 [INFO] src.training.train_dit: [Epoch 140][Step 250/335] Loss: 0.084916 | LR: 2.36e-05
2026-02-07 15:05:55 [INFO] src.training.train_dit: [Epoch 140][Step 300/335] Loss: 0.091634 | LR: 2.35e-05
2026-02-07 15:05:57 [INFO] src.training.train_dit: 
============================================================
Epoch 140/200 (16.2s)
  Train Loss: 0.088889
  Val   Loss: 0.082767
  Val  Cosine: 0.9773
============================================================
2026-02-07 15:05:59 [INFO] src.training.train_dit: Generation eval: {
  "frechet_distance": 3.6919439630080273,
  "mmd_rbf": 0.0020421743392944336,
  "coverage": 0.890625,
  "density": 0.72734375,
  "mean_kl": 0.4416321778813707,
  "max_kl": 1.2589751698245017,
  "median_kl": 0.4220720425370824,
  "mean_nearest_cosine": 0.9919759035110474,
  "real_norm_mean": 21.073490142822266,
  "gen_norm_mean": 20.86431121826172
}
2026-02-07 15:05:59 [INFO] src.training.train_dit: [Epoch 141][Step 0/335] Loss: 0.090782 | LR: 2.34e-05
2026-02-07 15:06:01 [INFO] src.training.train_dit: [Epoch 141][Step 50/335] Loss: 0.068506 | LR: 2.33e-05
2026-02-07 15:06:03 [INFO] src.training.train_dit: [Epoch 141][Step 100/335] Loss: 0.089145 | LR: 2.32e-05
2026-02-07 15:06:06 [INFO] src.training.train_dit: [Epoch 141][Step 150/335] Loss: 0.085811 | LR: 2.31e-05
2026-02-07 15:06:08 [INFO] src.training.train_dit: [Epoch 141][Step 200/335] Loss: 0.087054 | LR: 2.30e-05
2026-02-07 15:06:10 [INFO] src.training.train_dit: [Epoch 141][Step 250/335] Loss: 0.088428 | LR: 2.29e-05
2026-02-07 15:06:12 [INFO] src.training.train_dit: [Epoch 141][Step 300/335] Loss: 0.084343 | LR: 2.28e-05
2026-02-07 15:06:15 [INFO] src.training.train_dit: 
============================================================
Epoch 141/200 (16.1s)
  Train Loss: 0.087193
  Val   Loss: 0.081855
  Val  Cosine: 0.9774
============================================================
2026-02-07 15:06:15 [INFO] src.training.train_dit:   ✓ New best model (val_loss=0.081855)
2026-02-07 15:06:15 [INFO] src.training.train_dit: [Epoch 142][Step 0/335] Loss: 0.093973 | LR: 2.27e-05
2026-02-07 15:06:17 [INFO] src.training.train_dit: [Epoch 142][Step 50/335] Loss: 0.100006 | LR: 2.26e-05
2026-02-07 15:06:20 [INFO] src.training.train_dit: [Epoch 142][Step 100/335] Loss: 0.084211 | LR: 2.25e-05
2026-02-07 15:06:22 [INFO] src.training.train_dit: [Epoch 142][Step 150/335] Loss: 0.088720 | LR: 2.24e-05
2026-02-07 15:06:24 [INFO] src.training.train_dit: [Epoch 142][Step 200/335] Loss: 0.092977 | LR: 2.23e-05
2026-02-07 15:06:26 [INFO] src.training.train_dit: [Epoch 142][Step 250/335] Loss: 0.090646 | LR: 2.22e-05
2026-02-07 15:06:29 [INFO] src.training.train_dit: [Epoch 142][Step 300/335] Loss: 0.097177 | LR: 2.21e-05
2026-02-07 15:06:31 [INFO] src.training.train_dit: 
============================================================
Epoch 142/200 (16.0s)
  Train Loss: 0.087832
  Val   Loss: 0.081861
  Val  Cosine: 0.9774
============================================================
2026-02-07 15:06:31 [INFO] src.training.train_dit: [Epoch 143][Step 0/335] Loss: 0.093616 | LR: 2.21e-05
2026-02-07 15:06:33 [INFO] src.training.train_dit: [Epoch 143][Step 50/335] Loss: 0.081312 | LR: 2.20e-05
2026-02-07 15:06:36 [INFO] src.training.train_dit: [Epoch 143][Step 100/335] Loss: 0.075422 | LR: 2.19e-05
2026-02-07 15:06:38 [INFO] src.training.train_dit: [Epoch 143][Step 150/335] Loss: 0.092723 | LR: 2.18e-05
2026-02-07 15:06:40 [INFO] src.training.train_dit: [Epoch 143][Step 200/335] Loss: 0.092729 | LR: 2.17e-05
2026-02-07 15:06:43 [INFO] src.training.train_dit: [Epoch 143][Step 250/335] Loss: 0.088670 | LR: 2.16e-05
2026-02-07 15:06:45 [INFO] src.training.train_dit: [Epoch 143][Step 300/335] Loss: 0.077217 | LR: 2.15e-05
2026-02-07 15:06:47 [INFO] src.training.train_dit: 
============================================================
Epoch 143/200 (16.2s)
  Train Loss: 0.087549
  Val   Loss: 0.080283
  Val  Cosine: 0.9778
============================================================
2026-02-07 15:06:48 [INFO] src.training.train_dit:   ✓ New best model (val_loss=0.080283)
2026-02-07 15:06:48 [INFO] src.training.train_dit: [Epoch 144][Step 0/335] Loss: 0.085622 | LR: 2.14e-05
2026-02-07 15:06:50 [INFO] src.training.train_dit: [Epoch 144][Step 50/335] Loss: 0.083528 | LR: 2.13e-05
2026-02-07 15:06:52 [INFO] src.training.train_dit: [Epoch 144][Step 100/335] Loss: 0.084536 | LR: 2.12e-05
2026-02-07 15:06:54 [INFO] src.training.train_dit: [Epoch 144][Step 150/335] Loss: 0.095885 | LR: 2.11e-05
2026-02-07 15:06:57 [INFO] src.training.train_dit: [Epoch 144][Step 200/335] Loss: 0.076630 | LR: 2.10e-05
2026-02-07 15:06:59 [INFO] src.training.train_dit: [Epoch 144][Step 250/335] Loss: 0.092468 | LR: 2.09e-05
2026-02-07 15:07:01 [INFO] src.training.train_dit: [Epoch 144][Step 300/335] Loss: 0.083756 | LR: 2.08e-05
2026-02-07 15:07:04 [INFO] src.training.train_dit: 
============================================================
Epoch 144/200 (16.0s)
  Train Loss: 0.087214
  Val   Loss: 0.079628
  Val  Cosine: 0.9780
============================================================
2026-02-07 15:07:04 [INFO] src.training.train_dit:   ✓ New best model (val_loss=0.079628)
2026-02-07 15:07:04 [INFO] src.training.train_dit: [Epoch 145][Step 0/335] Loss: 0.085067 | LR: 2.07e-05
2026-02-07 15:07:06 [INFO] src.training.train_dit: [Epoch 145][Step 50/335] Loss: 0.100495 | LR: 2.06e-05
2026-02-07 15:07:08 [INFO] src.training.train_dit: [Epoch 145][Step 100/335] Loss: 0.081771 | LR: 2.05e-05
2026-02-07 15:07:11 [INFO] src.training.train_dit: [Epoch 145][Step 150/335] Loss: 0.090108 | LR: 2.05e-05
2026-02-07 15:07:13 [INFO] src.training.train_dit: [Epoch 145][Step 200/335] Loss: 0.088601 | LR: 2.04e-05
2026-02-07 15:07:15 [INFO] src.training.train_dit: [Epoch 145][Step 250/335] Loss: 0.089175 | LR: 2.03e-05
2026-02-07 15:07:17 [INFO] src.training.train_dit: [Epoch 145][Step 300/335] Loss: 0.080966 | LR: 2.02e-05
2026-02-07 15:07:20 [INFO] src.training.train_dit: 
============================================================
Epoch 145/200 (16.0s)
  Train Loss: 0.087788
  Val   Loss: 0.080614
  Val  Cosine: 0.9777
============================================================
2026-02-07 15:07:20 [INFO] src.training.train_dit: [Epoch 146][Step 0/335] Loss: 0.086272 | LR: 2.01e-05
2026-02-07 15:07:22 [INFO] src.training.train_dit: [Epoch 146][Step 50/335] Loss: 0.081010 | LR: 2.00e-05
2026-02-07 15:07:25 [INFO] src.training.train_dit: [Epoch 146][Step 100/335] Loss: 0.088019 | LR: 1.99e-05
2026-02-07 15:07:27 [INFO] src.training.train_dit: [Epoch 146][Step 150/335] Loss: 0.086756 | LR: 1.98e-05
2026-02-07 15:07:29 [INFO] src.training.train_dit: [Epoch 146][Step 200/335] Loss: 0.095413 | LR: 1.97e-05
2026-02-07 15:07:31 [INFO] src.training.train_dit: [Epoch 146][Step 250/335] Loss: 0.085323 | LR: 1.96e-05
2026-02-07 15:07:33 [INFO] src.training.train_dit: [Epoch 146][Step 300/335] Loss: 0.083277 | LR: 1.95e-05
2026-02-07 15:07:36 [INFO] src.training.train_dit: 
============================================================
Epoch 146/200 (16.1s)
  Train Loss: 0.088088
  Val   Loss: 0.081173
  Val  Cosine: 0.9775
============================================================
2026-02-07 15:07:36 [INFO] src.training.train_dit: [Epoch 147][Step 0/335] Loss: 0.087932 | LR: 1.95e-05
2026-02-07 15:07:39 [INFO] src.training.train_dit: [Epoch 147][Step 50/335] Loss: 0.087347 | LR: 1.94e-05
2026-02-07 15:07:41 [INFO] src.training.train_dit: [Epoch 147][Step 100/335] Loss: 0.080494 | LR: 1.93e-05
2026-02-07 15:07:43 [INFO] src.training.train_dit: [Epoch 147][Step 150/335] Loss: 0.082781 | LR: 1.92e-05
2026-02-07 15:07:45 [INFO] src.training.train_dit: [Epoch 147][Step 200/335] Loss: 0.088875 | LR: 1.91e-05
2026-02-07 15:07:47 [INFO] src.training.train_dit: [Epoch 147][Step 250/335] Loss: 0.072817 | LR: 1.90e-05
2026-02-07 15:07:50 [INFO] src.training.train_dit: [Epoch 147][Step 300/335] Loss: 0.081911 | LR: 1.89e-05
2026-02-07 15:07:53 [INFO] src.training.train_dit: 
============================================================
Epoch 147/200 (16.4s)
  Train Loss: 0.087037
  Val   Loss: 0.079026
  Val  Cosine: 0.9781
============================================================
2026-02-07 15:07:53 [INFO] src.training.train_dit:   ✓ New best model (val_loss=0.079026)
2026-02-07 15:07:53 [INFO] src.training.train_dit: [Epoch 148][Step 0/335] Loss: 0.095569 | LR: 1.88e-05
2026-02-07 15:07:55 [INFO] src.training.train_dit: [Epoch 148][Step 50/335] Loss: 0.093660 | LR: 1.87e-05
2026-02-07 15:07:58 [INFO] src.training.train_dit: [Epoch 148][Step 100/335] Loss: 0.079410 | LR: 1.86e-05
2026-02-07 15:08:00 [INFO] src.training.train_dit: [Epoch 148][Step 150/335] Loss: 0.083190 | LR: 1.85e-05
2026-02-07 15:08:02 [INFO] src.training.train_dit: [Epoch 148][Step 200/335] Loss: 0.073290 | LR: 1.84e-05
2026-02-07 15:08:04 [INFO] src.training.train_dit: [Epoch 148][Step 250/335] Loss: 0.089557 | LR: 1.84e-05
2026-02-07 15:08:07 [INFO] src.training.train_dit: [Epoch 148][Step 300/335] Loss: 0.078755 | LR: 1.83e-05
2026-02-07 15:08:09 [INFO] src.training.train_dit: 
============================================================
Epoch 148/200 (16.6s)
  Train Loss: 0.087295
  Val   Loss: 0.082092
  Val  Cosine: 0.9771
============================================================
2026-02-07 15:08:10 [INFO] src.training.train_dit: [Epoch 149][Step 0/335] Loss: 0.076151 | LR: 1.82e-05
2026-02-07 15:08:12 [INFO] src.training.train_dit: [Epoch 149][Step 50/335] Loss: 0.086150 | LR: 1.81e-05
2026-02-07 15:08:14 [INFO] src.training.train_dit: [Epoch 149][Step 100/335] Loss: 0.091045 | LR: 1.80e-05
2026-02-07 15:08:16 [INFO] src.training.train_dit: [Epoch 149][Step 150/335] Loss: 0.086873 | LR: 1.79e-05
2026-02-07 15:08:18 [INFO] src.training.train_dit: [Epoch 149][Step 200/335] Loss: 0.077163 | LR: 1.78e-05
2026-02-07 15:08:20 [INFO] src.training.train_dit: [Epoch 149][Step 250/335] Loss: 0.085881 | LR: 1.77e-05
2026-02-07 15:08:22 [INFO] src.training.train_dit: [Epoch 149][Step 300/335] Loss: 0.076919 | LR: 1.76e-05
2026-02-07 15:08:25 [INFO] src.training.train_dit: 
============================================================
Epoch 149/200 (15.5s)
  Train Loss: 0.086871
  Val   Loss: 0.079938
  Val  Cosine: 0.9778
============================================================
2026-02-07 15:08:25 [INFO] src.training.train_dit: [Epoch 150][Step 0/335] Loss: 0.096513 | LR: 1.76e-05
2026-02-07 15:08:27 [INFO] src.training.train_dit: [Epoch 150][Step 50/335] Loss: 0.090935 | LR: 1.75e-05
2026-02-07 15:08:29 [INFO] src.training.train_dit: [Epoch 150][Step 100/335] Loss: 0.082295 | LR: 1.74e-05
2026-02-07 15:08:31 [INFO] src.training.train_dit: [Epoch 150][Step 150/335] Loss: 0.088980 | LR: 1.73e-05
2026-02-07 15:08:33 [INFO] src.training.train_dit: [Epoch 150][Step 200/335] Loss: 0.086103 | LR: 1.72e-05
2026-02-07 15:08:35 [INFO] src.training.train_dit: [Epoch 150][Step 250/335] Loss: 0.086623 | LR: 1.71e-05
2026-02-07 15:08:37 [INFO] src.training.train_dit: [Epoch 150][Step 300/335] Loss: 0.080579 | LR: 1.70e-05
2026-02-07 15:08:40 [INFO] src.training.train_dit: 
============================================================
Epoch 150/200 (14.9s)
  Train Loss: 0.086876
  Val   Loss: 0.079726
  Val  Cosine: 0.9778
============================================================
2026-02-07 15:08:42 [INFO] src.training.train_dit: Generation eval: {
  "frechet_distance": 3.325469464888687,
  "mmd_rbf": 0.001489877700805664,
  "coverage": 0.8984375,
  "density": 0.7375,
  "mean_kl": 0.4567660322575785,
  "max_kl": 1.4693903784025517,
  "median_kl": 0.4212109204510194,
  "mean_nearest_cosine": 0.9922159314155579,
  "real_norm_mean": 21.073490142822266,
  "gen_norm_mean": 20.922412872314453
}
2026-02-07 15:08:42 [INFO] src.training.train_dit: [Epoch 151][Step 0/335] Loss: 0.079840 | LR: 1.70e-05
2026-02-07 15:08:44 [INFO] src.training.train_dit: [Epoch 151][Step 50/335] Loss: 0.089021 | LR: 1.69e-05
2026-02-07 15:08:46 [INFO] src.training.train_dit: [Epoch 151][Step 100/335] Loss: 0.086596 | LR: 1.68e-05
2026-02-07 15:08:49 [INFO] src.training.train_dit: [Epoch 151][Step 150/335] Loss: 0.094588 | LR: 1.67e-05
2026-02-07 15:08:51 [INFO] src.training.train_dit: [Epoch 151][Step 200/335] Loss: 0.099688 | LR: 1.66e-05
2026-02-07 15:08:53 [INFO] src.training.train_dit: [Epoch 151][Step 250/335] Loss: 0.086313 | LR: 1.65e-05
2026-02-07 15:08:55 [INFO] src.training.train_dit: [Epoch 151][Step 300/335] Loss: 0.074775 | LR: 1.64e-05
2026-02-07 15:08:58 [INFO] src.training.train_dit: 
============================================================
Epoch 151/200 (16.0s)
  Train Loss: 0.086590
  Val   Loss: 0.080848
  Val  Cosine: 0.9775
============================================================
2026-02-07 15:08:58 [INFO] src.training.train_dit: [Epoch 152][Step 0/335] Loss: 0.101284 | LR: 1.64e-05
2026-02-07 15:09:00 [INFO] src.training.train_dit: [Epoch 152][Step 50/335] Loss: 0.092147 | LR: 1.63e-05
2026-02-07 15:09:02 [INFO] src.training.train_dit: [Epoch 152][Step 100/335] Loss: 0.068750 | LR: 1.62e-05
2026-02-07 15:09:04 [INFO] src.training.train_dit: [Epoch 152][Step 150/335] Loss: 0.084316 | LR: 1.61e-05
2026-02-07 15:09:07 [INFO] src.training.train_dit: [Epoch 152][Step 200/335] Loss: 0.100595 | LR: 1.60e-05
2026-02-07 15:09:09 [INFO] src.training.train_dit: [Epoch 152][Step 250/335] Loss: 0.085860 | LR: 1.59e-05
2026-02-07 15:09:11 [INFO] src.training.train_dit: [Epoch 152][Step 300/335] Loss: 0.080201 | LR: 1.58e-05
2026-02-07 15:09:14 [INFO] src.training.train_dit: 
============================================================
Epoch 152/200 (15.9s)
  Train Loss: 0.087310
  Val   Loss: 0.077236
  Val  Cosine: 0.9786
============================================================
2026-02-07 15:09:14 [INFO] src.training.train_dit:   ✓ New best model (val_loss=0.077236)
2026-02-07 15:09:14 [INFO] src.training.train_dit: [Epoch 153][Step 0/335] Loss: 0.094812 | LR: 1.58e-05
2026-02-07 15:09:16 [INFO] src.training.train_dit: [Epoch 153][Step 50/335] Loss: 0.084000 | LR: 1.57e-05
2026-02-07 15:09:19 [INFO] src.training.train_dit: [Epoch 153][Step 100/335] Loss: 0.091147 | LR: 1.56e-05
2026-02-07 15:09:21 [INFO] src.training.train_dit: [Epoch 153][Step 150/335] Loss: 0.095944 | LR: 1.55e-05
2026-02-07 15:09:23 [INFO] src.training.train_dit: [Epoch 153][Step 200/335] Loss: 0.074719 | LR: 1.54e-05
2026-02-07 15:09:25 [INFO] src.training.train_dit: [Epoch 153][Step 250/335] Loss: 0.092594 | LR: 1.54e-05
2026-02-07 15:09:27 [INFO] src.training.train_dit: [Epoch 153][Step 300/335] Loss: 0.089056 | LR: 1.53e-05
2026-02-07 15:09:30 [INFO] src.training.train_dit: 
============================================================
Epoch 153/200 (16.0s)
  Train Loss: 0.086763
  Val   Loss: 0.078400
  Val  Cosine: 0.9782
============================================================
2026-02-07 15:09:30 [INFO] src.training.train_dit: [Epoch 154][Step 0/335] Loss: 0.089666 | LR: 1.52e-05
2026-02-07 15:09:32 [INFO] src.training.train_dit: [Epoch 154][Step 50/335] Loss: 0.088539 | LR: 1.51e-05
2026-02-07 15:09:35 [INFO] src.training.train_dit: [Epoch 154][Step 100/335] Loss: 0.089188 | LR: 1.50e-05
2026-02-07 15:09:37 [INFO] src.training.train_dit: [Epoch 154][Step 150/335] Loss: 0.087194 | LR: 1.50e-05
2026-02-07 15:09:39 [INFO] src.training.train_dit: [Epoch 154][Step 200/335] Loss: 0.094672 | LR: 1.49e-05
2026-02-07 15:09:41 [INFO] src.training.train_dit: [Epoch 154][Step 250/335] Loss: 0.092276 | LR: 1.48e-05
2026-02-07 15:09:43 [INFO] src.training.train_dit: [Epoch 154][Step 300/335] Loss: 0.079965 | LR: 1.47e-05
2026-02-07 15:09:46 [INFO] src.training.train_dit: 
============================================================
Epoch 154/200 (16.0s)
  Train Loss: 0.087852
  Val   Loss: 0.080748
  Val  Cosine: 0.9775
============================================================
2026-02-07 15:09:46 [INFO] src.training.train_dit: [Epoch 155][Step 0/335] Loss: 0.090716 | LR: 1.46e-05
2026-02-07 15:09:48 [INFO] src.training.train_dit: [Epoch 155][Step 50/335] Loss: 0.088231 | LR: 1.46e-05
2026-02-07 15:09:51 [INFO] src.training.train_dit: [Epoch 155][Step 100/335] Loss: 0.090999 | LR: 1.45e-05
2026-02-07 15:09:53 [INFO] src.training.train_dit: [Epoch 155][Step 150/335] Loss: 0.076586 | LR: 1.44e-05
2026-02-07 15:09:55 [INFO] src.training.train_dit: [Epoch 155][Step 200/335] Loss: 0.080510 | LR: 1.43e-05
2026-02-07 15:09:57 [INFO] src.training.train_dit: [Epoch 155][Step 250/335] Loss: 0.073167 | LR: 1.42e-05
2026-02-07 15:10:00 [INFO] src.training.train_dit: [Epoch 155][Step 300/335] Loss: 0.087012 | LR: 1.41e-05
2026-02-07 15:10:02 [INFO] src.training.train_dit: 
============================================================
Epoch 155/200 (16.1s)
  Train Loss: 0.087379
  Val   Loss: 0.080438
  Val  Cosine: 0.9775
============================================================
2026-02-07 15:10:02 [INFO] src.training.train_dit: [Epoch 156][Step 0/335] Loss: 0.089125 | LR: 1.41e-05
2026-02-07 15:10:04 [INFO] src.training.train_dit: [Epoch 156][Step 50/335] Loss: 0.082735 | LR: 1.40e-05
2026-02-07 15:10:07 [INFO] src.training.train_dit: [Epoch 156][Step 100/335] Loss: 0.100341 | LR: 1.39e-05
2026-02-07 15:10:09 [INFO] src.training.train_dit: [Epoch 156][Step 150/335] Loss: 0.089486 | LR: 1.38e-05
2026-02-07 15:10:11 [INFO] src.training.train_dit: [Epoch 156][Step 200/335] Loss: 0.083527 | LR: 1.38e-05
2026-02-07 15:10:13 [INFO] src.training.train_dit: [Epoch 156][Step 250/335] Loss: 0.088662 | LR: 1.37e-05
2026-02-07 15:10:16 [INFO] src.training.train_dit: [Epoch 156][Step 300/335] Loss: 0.087692 | LR: 1.36e-05
2026-02-07 15:10:18 [INFO] src.training.train_dit: 
============================================================
Epoch 156/200 (16.0s)
  Train Loss: 0.086557
  Val   Loss: 0.081112
  Val  Cosine: 0.9772
============================================================
2026-02-07 15:10:18 [INFO] src.training.train_dit: [Epoch 157][Step 0/335] Loss: 0.092241 | LR: 1.35e-05
2026-02-07 15:10:20 [INFO] src.training.train_dit: [Epoch 157][Step 50/335] Loss: 0.082978 | LR: 1.34e-05
2026-02-07 15:10:23 [INFO] src.training.train_dit: [Epoch 157][Step 100/335] Loss: 0.084079 | LR: 1.34e-05
2026-02-07 15:10:25 [INFO] src.training.train_dit: [Epoch 157][Step 150/335] Loss: 0.091243 | LR: 1.33e-05
2026-02-07 15:10:27 [INFO] src.training.train_dit: [Epoch 157][Step 200/335] Loss: 0.089397 | LR: 1.32e-05
2026-02-07 15:10:29 [INFO] src.training.train_dit: [Epoch 157][Step 250/335] Loss: 0.078958 | LR: 1.31e-05
2026-02-07 15:10:32 [INFO] src.training.train_dit: [Epoch 157][Step 300/335] Loss: 0.079620 | LR: 1.30e-05
2026-02-07 15:10:34 [INFO] src.training.train_dit: 
============================================================
Epoch 157/200 (16.1s)
  Train Loss: 0.085891
  Val   Loss: 0.077961
  Val  Cosine: 0.9782
============================================================
2026-02-07 15:10:34 [INFO] src.training.train_dit: [Epoch 158][Step 0/335] Loss: 0.080487 | LR: 1.30e-05
2026-02-07 15:10:37 [INFO] src.training.train_dit: [Epoch 158][Step 50/335] Loss: 0.099250 | LR: 1.29e-05
2026-02-07 15:10:39 [INFO] src.training.train_dit: [Epoch 158][Step 100/335] Loss: 0.080851 | LR: 1.28e-05
2026-02-07 15:10:41 [INFO] src.training.train_dit: [Epoch 158][Step 150/335] Loss: 0.079254 | LR: 1.28e-05
2026-02-07 15:10:43 [INFO] src.training.train_dit: [Epoch 158][Step 200/335] Loss: 0.091872 | LR: 1.27e-05
2026-02-07 15:10:46 [INFO] src.training.train_dit: [Epoch 158][Step 250/335] Loss: 0.091481 | LR: 1.26e-05
2026-02-07 15:10:48 [INFO] src.training.train_dit: [Epoch 158][Step 300/335] Loss: 0.078139 | LR: 1.25e-05
2026-02-07 15:10:50 [INFO] src.training.train_dit: 
============================================================
Epoch 158/200 (16.1s)
  Train Loss: 0.086637
  Val   Loss: 0.077781
  Val  Cosine: 0.9782
============================================================
2026-02-07 15:10:50 [INFO] src.training.train_dit: [Epoch 159][Step 0/335] Loss: 0.098626 | LR: 1.25e-05
2026-02-07 15:10:53 [INFO] src.training.train_dit: [Epoch 159][Step 50/335] Loss: 0.085261 | LR: 1.24e-05
2026-02-07 15:10:55 [INFO] src.training.train_dit: [Epoch 159][Step 100/335] Loss: 0.085601 | LR: 1.23e-05
2026-02-07 15:10:57 [INFO] src.training.train_dit: [Epoch 159][Step 150/335] Loss: 0.086789 | LR: 1.22e-05
2026-02-07 15:10:59 [INFO] src.training.train_dit: [Epoch 159][Step 200/335] Loss: 0.094342 | LR: 1.22e-05
2026-02-07 15:11:02 [INFO] src.training.train_dit: [Epoch 159][Step 250/335] Loss: 0.087933 | LR: 1.21e-05
2026-02-07 15:11:04 [INFO] src.training.train_dit: [Epoch 159][Step 300/335] Loss: 0.086272 | LR: 1.20e-05
2026-02-07 15:11:06 [INFO] src.training.train_dit: 
============================================================
Epoch 159/200 (16.1s)
  Train Loss: 0.085955
  Val   Loss: 0.080430
  Val  Cosine: 0.9775
============================================================
2026-02-07 15:11:07 [INFO] src.training.train_dit: [Epoch 160][Step 0/335] Loss: 0.092287 | LR: 1.19e-05
2026-02-07 15:11:09 [INFO] src.training.train_dit: [Epoch 160][Step 50/335] Loss: 0.085958 | LR: 1.19e-05
2026-02-07 15:11:11 [INFO] src.training.train_dit: [Epoch 160][Step 100/335] Loss: 0.094523 | LR: 1.18e-05
2026-02-07 15:11:13 [INFO] src.training.train_dit: [Epoch 160][Step 150/335] Loss: 0.082574 | LR: 1.17e-05
2026-02-07 15:11:16 [INFO] src.training.train_dit: [Epoch 160][Step 200/335] Loss: 0.096092 | LR: 1.16e-05
2026-02-07 15:11:18 [INFO] src.training.train_dit: [Epoch 160][Step 250/335] Loss: 0.085175 | LR: 1.16e-05
2026-02-07 15:11:20 [INFO] src.training.train_dit: [Epoch 160][Step 300/335] Loss: 0.085793 | LR: 1.15e-05
2026-02-07 15:11:23 [INFO] src.training.train_dit: 
============================================================
Epoch 160/200 (16.3s)
  Train Loss: 0.086380
  Val   Loss: 0.076539
  Val  Cosine: 0.9786
============================================================
2026-02-07 15:11:23 [INFO] src.training.train_dit:   ✓ New best model (val_loss=0.076539)
2026-02-07 15:11:25 [INFO] src.training.train_dit: Generation eval: {
  "frechet_distance": 3.5481945173235236,
  "mmd_rbf": 0.0016713142395019531,
  "coverage": 0.91015625,
  "density": 0.7796875,
  "mean_kl": 0.42296213226306284,
  "max_kl": 1.150399087470627,
  "median_kl": 0.39747728765558543,
  "mean_nearest_cosine": 0.992015540599823,
  "real_norm_mean": 21.073490142822266,
  "gen_norm_mean": 20.973331451416016
}
2026-02-07 15:11:26 [INFO] src.training.train_dit: [Epoch 161][Step 0/335] Loss: 0.087047 | LR: 1.14e-05
2026-02-07 15:11:28 [INFO] src.training.train_dit: [Epoch 161][Step 50/335] Loss: 0.090542 | LR: 1.14e-05
2026-02-07 15:11:30 [INFO] src.training.train_dit: [Epoch 161][Step 100/335] Loss: 0.095720 | LR: 1.13e-05
2026-02-07 15:11:32 [INFO] src.training.train_dit: [Epoch 161][Step 150/335] Loss: 0.092163 | LR: 1.12e-05
2026-02-07 15:11:34 [INFO] src.training.train_dit: [Epoch 161][Step 200/335] Loss: 0.092673 | LR: 1.11e-05
2026-02-07 15:11:37 [INFO] src.training.train_dit: [Epoch 161][Step 250/335] Loss: 0.095065 | LR: 1.11e-05
2026-02-07 15:11:39 [INFO] src.training.train_dit: [Epoch 161][Step 300/335] Loss: 0.079051 | LR: 1.10e-05
2026-02-07 15:11:42 [INFO] src.training.train_dit: 
============================================================
Epoch 161/200 (16.2s)
  Train Loss: 0.086030
  Val   Loss: 0.077847
  Val  Cosine: 0.9782
============================================================
2026-02-07 15:11:42 [INFO] src.training.train_dit: [Epoch 162][Step 0/335] Loss: 0.085301 | LR: 1.09e-05
2026-02-07 15:11:44 [INFO] src.training.train_dit: [Epoch 162][Step 50/335] Loss: 0.085884 | LR: 1.09e-05
2026-02-07 15:11:46 [INFO] src.training.train_dit: [Epoch 162][Step 100/335] Loss: 0.081189 | LR: 1.08e-05
2026-02-07 15:11:48 [INFO] src.training.train_dit: [Epoch 162][Step 150/335] Loss: 0.079936 | LR: 1.07e-05
2026-02-07 15:11:51 [INFO] src.training.train_dit: [Epoch 162][Step 200/335] Loss: 0.097089 | LR: 1.06e-05
2026-02-07 15:11:53 [INFO] src.training.train_dit: [Epoch 162][Step 250/335] Loss: 0.087158 | LR: 1.06e-05
2026-02-07 15:11:55 [INFO] src.training.train_dit: [Epoch 162][Step 300/335] Loss: 0.073562 | LR: 1.05e-05
2026-02-07 15:11:58 [INFO] src.training.train_dit: 
============================================================
Epoch 162/200 (16.2s)
  Train Loss: 0.086007
  Val   Loss: 0.078435
  Val  Cosine: 0.9780
============================================================
2026-02-07 15:11:58 [INFO] src.training.train_dit: [Epoch 163][Step 0/335] Loss: 0.085572 | LR: 1.05e-05
2026-02-07 15:12:00 [INFO] src.training.train_dit: [Epoch 163][Step 50/335] Loss: 0.086244 | LR: 1.04e-05
2026-02-07 15:12:02 [INFO] src.training.train_dit: [Epoch 163][Step 100/335] Loss: 0.085498 | LR: 1.03e-05
2026-02-07 15:12:05 [INFO] src.training.train_dit: [Epoch 163][Step 150/335] Loss: 0.087601 | LR: 1.02e-05
2026-02-07 15:12:07 [INFO] src.training.train_dit: [Epoch 163][Step 200/335] Loss: 0.096186 | LR: 1.02e-05
2026-02-07 15:12:09 [INFO] src.training.train_dit: [Epoch 163][Step 250/335] Loss: 0.083211 | LR: 1.01e-05
2026-02-07 15:12:11 [INFO] src.training.train_dit: [Epoch 163][Step 300/335] Loss: 0.101037 | LR: 1.00e-05
2026-02-07 15:12:14 [INFO] src.training.train_dit: 
============================================================
Epoch 163/200 (16.1s)
  Train Loss: 0.086200
  Val   Loss: 0.078060
  Val  Cosine: 0.9781
============================================================
2026-02-07 15:12:14 [INFO] src.training.train_dit: [Epoch 164][Step 0/335] Loss: 0.086314 | LR: 9.98e-06
2026-02-07 15:12:16 [INFO] src.training.train_dit: [Epoch 164][Step 50/335] Loss: 0.086155 | LR: 9.91e-06
2026-02-07 15:12:18 [INFO] src.training.train_dit: [Epoch 164][Step 100/335] Loss: 0.087897 | LR: 9.84e-06
2026-02-07 15:12:21 [INFO] src.training.train_dit: [Epoch 164][Step 150/335] Loss: 0.079247 | LR: 9.77e-06
2026-02-07 15:12:23 [INFO] src.training.train_dit: [Epoch 164][Step 200/335] Loss: 0.077396 | LR: 9.70e-06
2026-02-07 15:12:25 [INFO] src.training.train_dit: [Epoch 164][Step 250/335] Loss: 0.085315 | LR: 9.63e-06
2026-02-07 15:12:27 [INFO] src.training.train_dit: [Epoch 164][Step 300/335] Loss: 0.085620 | LR: 9.56e-06
2026-02-07 15:12:30 [INFO] src.training.train_dit: 
============================================================
Epoch 164/200 (16.2s)
  Train Loss: 0.085743
  Val   Loss: 0.077271
  Val  Cosine: 0.9784
============================================================
2026-02-07 15:12:30 [INFO] src.training.train_dit: [Epoch 165][Step 0/335] Loss: 0.091082 | LR: 9.51e-06
2026-02-07 15:12:32 [INFO] src.training.train_dit: [Epoch 165][Step 50/335] Loss: 0.074390 | LR: 9.44e-06
2026-02-07 15:12:34 [INFO] src.training.train_dit: [Epoch 165][Step 100/335] Loss: 0.078035 | LR: 9.38e-06
2026-02-07 15:12:37 [INFO] src.training.train_dit: [Epoch 165][Step 150/335] Loss: 0.083162 | LR: 9.31e-06
2026-02-07 15:12:39 [INFO] src.training.train_dit: [Epoch 165][Step 200/335] Loss: 0.086171 | LR: 9.24e-06
2026-02-07 15:12:41 [INFO] src.training.train_dit: [Epoch 165][Step 250/335] Loss: 0.083532 | LR: 9.17e-06
2026-02-07 15:12:43 [INFO] src.training.train_dit: [Epoch 165][Step 300/335] Loss: 0.083744 | LR: 9.11e-06
2026-02-07 15:12:46 [INFO] src.training.train_dit: 
============================================================
Epoch 165/200 (16.0s)
  Train Loss: 0.086782
  Val   Loss: 0.078311
  Val  Cosine: 0.9780
============================================================
2026-02-07 15:12:46 [INFO] src.training.train_dit: [Epoch 166][Step 0/335] Loss: 0.081689 | LR: 9.06e-06
2026-02-07 15:12:48 [INFO] src.training.train_dit: [Epoch 166][Step 50/335] Loss: 0.078929 | LR: 8.99e-06
2026-02-07 15:12:51 [INFO] src.training.train_dit: [Epoch 166][Step 100/335] Loss: 0.091933 | LR: 8.93e-06
2026-02-07 15:12:53 [INFO] src.training.train_dit: [Epoch 166][Step 150/335] Loss: 0.091997 | LR: 8.86e-06
2026-02-07 15:12:55 [INFO] src.training.train_dit: [Epoch 166][Step 200/335] Loss: 0.090136 | LR: 8.79e-06
2026-02-07 15:12:57 [INFO] src.training.train_dit: [Epoch 166][Step 250/335] Loss: 0.077821 | LR: 8.73e-06
2026-02-07 15:13:00 [INFO] src.training.train_dit: [Epoch 166][Step 300/335] Loss: 0.091675 | LR: 8.66e-06
2026-02-07 15:13:02 [INFO] src.training.train_dit: 
============================================================
Epoch 166/200 (16.3s)
  Train Loss: 0.086053
  Val   Loss: 0.076799
  Val  Cosine: 0.9784
============================================================
2026-02-07 15:13:02 [INFO] src.training.train_dit: [Epoch 167][Step 0/335] Loss: 0.085156 | LR: 8.62e-06
2026-02-07 15:13:05 [INFO] src.training.train_dit: [Epoch 167][Step 50/335] Loss: 0.096506 | LR: 8.55e-06
2026-02-07 15:13:07 [INFO] src.training.train_dit: [Epoch 167][Step 100/335] Loss: 0.093194 | LR: 8.49e-06
2026-02-07 15:13:10 [INFO] src.training.train_dit: [Epoch 167][Step 150/335] Loss: 0.075183 | LR: 8.42e-06
2026-02-07 15:13:12 [INFO] src.training.train_dit: [Epoch 167][Step 200/335] Loss: 0.080905 | LR: 8.36e-06
2026-02-07 15:13:14 [INFO] src.training.train_dit: [Epoch 167][Step 250/335] Loss: 0.082899 | LR: 8.29e-06
2026-02-07 15:13:17 [INFO] src.training.train_dit: [Epoch 167][Step 300/335] Loss: 0.100412 | LR: 8.23e-06
2026-02-07 15:13:19 [INFO] src.training.train_dit: 
============================================================
Epoch 167/200 (16.9s)
  Train Loss: 0.086773
  Val   Loss: 0.077469
  Val  Cosine: 0.9782
============================================================
2026-02-07 15:13:19 [INFO] src.training.train_dit: [Epoch 168][Step 0/335] Loss: 0.084774 | LR: 8.19e-06
2026-02-07 15:13:22 [INFO] src.training.train_dit: [Epoch 168][Step 50/335] Loss: 0.085755 | LR: 8.12e-06
2026-02-07 15:13:24 [INFO] src.training.train_dit: [Epoch 168][Step 100/335] Loss: 0.089451 | LR: 8.06e-06
2026-02-07 15:13:26 [INFO] src.training.train_dit: [Epoch 168][Step 150/335] Loss: 0.084961 | LR: 8.00e-06
2026-02-07 15:13:29 [INFO] src.training.train_dit: [Epoch 168][Step 200/335] Loss: 0.097356 | LR: 7.93e-06
2026-02-07 15:13:31 [INFO] src.training.train_dit: [Epoch 168][Step 250/335] Loss: 0.072072 | LR: 7.87e-06
2026-02-07 15:13:33 [INFO] src.training.train_dit: [Epoch 168][Step 300/335] Loss: 0.082134 | LR: 7.81e-06
2026-02-07 15:13:36 [INFO] src.training.train_dit: 
============================================================
Epoch 168/200 (16.6s)
  Train Loss: 0.086509
  Val   Loss: 0.074871
  Val  Cosine: 0.9790
============================================================
2026-02-07 15:13:36 [INFO] src.training.train_dit:   ✓ New best model (val_loss=0.074871)
2026-02-07 15:13:36 [INFO] src.training.train_dit: [Epoch 169][Step 0/335] Loss: 0.087087 | LR: 7.77e-06
2026-02-07 15:13:39 [INFO] src.training.train_dit: [Epoch 169][Step 50/335] Loss: 0.091532 | LR: 7.71e-06
2026-02-07 15:13:41 [INFO] src.training.train_dit: [Epoch 169][Step 100/335] Loss: 0.086767 | LR: 7.64e-06
2026-02-07 15:13:43 [INFO] src.training.train_dit: [Epoch 169][Step 150/335] Loss: 0.076714 | LR: 7.58e-06
2026-02-07 15:13:45 [INFO] src.training.train_dit: [Epoch 169][Step 200/335] Loss: 0.078089 | LR: 7.52e-06
2026-02-07 15:13:48 [INFO] src.training.train_dit: [Epoch 169][Step 250/335] Loss: 0.084848 | LR: 7.46e-06
2026-02-07 15:13:50 [INFO] src.training.train_dit: [Epoch 169][Step 300/335] Loss: 0.085604 | LR: 7.40e-06
2026-02-07 15:13:53 [INFO] src.training.train_dit: 
============================================================
Epoch 169/200 (16.5s)
  Train Loss: 0.085983
  Val   Loss: 0.077110
  Val  Cosine: 0.9783
============================================================
2026-02-07 15:13:53 [INFO] src.training.train_dit: [Epoch 170][Step 0/335] Loss: 0.091042 | LR: 7.36e-06
2026-02-07 15:13:55 [INFO] src.training.train_dit: [Epoch 170][Step 50/335] Loss: 0.082053 | LR: 7.30e-06
2026-02-07 15:13:57 [INFO] src.training.train_dit: [Epoch 170][Step 100/335] Loss: 0.078544 | LR: 7.24e-06
2026-02-07 15:14:00 [INFO] src.training.train_dit: [Epoch 170][Step 150/335] Loss: 0.095801 | LR: 7.18e-06
2026-02-07 15:14:02 [INFO] src.training.train_dit: [Epoch 170][Step 200/335] Loss: 0.075283 | LR: 7.12e-06
2026-02-07 15:14:04 [INFO] src.training.train_dit: [Epoch 170][Step 250/335] Loss: 0.072916 | LR: 7.06e-06
2026-02-07 15:14:07 [INFO] src.training.train_dit: [Epoch 170][Step 300/335] Loss: 0.087083 | LR: 7.01e-06
2026-02-07 15:14:09 [INFO] src.training.train_dit: 
============================================================
Epoch 170/200 (16.5s)
  Train Loss: 0.085489
  Val   Loss: 0.077573
  Val  Cosine: 0.9782
============================================================
2026-02-07 15:14:11 [INFO] src.training.train_dit: Generation eval: {
  "frechet_distance": 3.415323160360628,
  "mmd_rbf": 0.0013926029205322266,
  "coverage": 0.890625,
  "density": 0.75234375,
  "mean_kl": 0.42856664076016326,
  "max_kl": 1.2005221375515127,
  "median_kl": 0.4035018225430469,
  "mean_nearest_cosine": 0.9918923377990723,
  "real_norm_mean": 21.073490142822266,
  "gen_norm_mean": 21.021060943603516
}
2026-02-07 15:14:11 [INFO] src.training.train_dit: [Epoch 171][Step 0/335] Loss: 0.083382 | LR: 6.96e-06
2026-02-07 15:14:13 [INFO] src.training.train_dit: [Epoch 171][Step 50/335] Loss: 0.080753 | LR: 6.91e-06
2026-02-07 15:14:16 [INFO] src.training.train_dit: [Epoch 171][Step 100/335] Loss: 0.081841 | LR: 6.85e-06
2026-02-07 15:14:18 [INFO] src.training.train_dit: [Epoch 171][Step 150/335] Loss: 0.086406 | LR: 6.79e-06
2026-02-07 15:14:20 [INFO] src.training.train_dit: [Epoch 171][Step 200/335] Loss: 0.073281 | LR: 6.73e-06
2026-02-07 15:14:23 [INFO] src.training.train_dit: [Epoch 171][Step 250/335] Loss: 0.091866 | LR: 6.68e-06
2026-02-07 15:14:25 [INFO] src.training.train_dit: [Epoch 171][Step 300/335] Loss: 0.089026 | LR: 6.62e-06
2026-02-07 15:14:28 [INFO] src.training.train_dit: 
============================================================
Epoch 171/200 (16.4s)
  Train Loss: 0.086170
  Val   Loss: 0.078609
  Val  Cosine: 0.9779
============================================================
2026-02-07 15:14:28 [INFO] src.training.train_dit: [Epoch 172][Step 0/335] Loss: 0.094003 | LR: 6.58e-06
2026-02-07 15:14:30 [INFO] src.training.train_dit: [Epoch 172][Step 50/335] Loss: 0.087669 | LR: 6.53e-06
2026-02-07 15:14:32 [INFO] src.training.train_dit: [Epoch 172][Step 100/335] Loss: 0.081209 | LR: 6.47e-06
2026-02-07 15:14:35 [INFO] src.training.train_dit: [Epoch 172][Step 150/335] Loss: 0.077222 | LR: 6.41e-06
2026-02-07 15:14:37 [INFO] src.training.train_dit: [Epoch 172][Step 200/335] Loss: 0.076563 | LR: 6.36e-06
2026-02-07 15:14:39 [INFO] src.training.train_dit: [Epoch 172][Step 250/335] Loss: 0.073647 | LR: 6.30e-06
2026-02-07 15:14:42 [INFO] src.training.train_dit: [Epoch 172][Step 300/335] Loss: 0.091740 | LR: 6.25e-06
2026-02-07 15:14:44 [INFO] src.training.train_dit: 
============================================================
Epoch 172/200 (16.9s)
  Train Loss: 0.085213
  Val   Loss: 0.077411
  Val  Cosine: 0.9782
============================================================
2026-02-07 15:14:44 [INFO] src.training.train_dit: [Epoch 173][Step 0/335] Loss: 0.094614 | LR: 6.21e-06
2026-02-07 15:14:47 [INFO] src.training.train_dit: [Epoch 173][Step 50/335] Loss: 0.087939 | LR: 6.16e-06
2026-02-07 15:14:49 [INFO] src.training.train_dit: [Epoch 173][Step 100/335] Loss: 0.086300 | LR: 6.10e-06
2026-02-07 15:14:51 [INFO] src.training.train_dit: [Epoch 173][Step 150/335] Loss: 0.087109 | LR: 6.05e-06
2026-02-07 15:14:54 [INFO] src.training.train_dit: [Epoch 173][Step 200/335] Loss: 0.081699 | LR: 5.99e-06
2026-02-07 15:14:56 [INFO] src.training.train_dit: [Epoch 173][Step 250/335] Loss: 0.095953 | LR: 5.94e-06
2026-02-07 15:14:58 [INFO] src.training.train_dit: [Epoch 173][Step 300/335] Loss: 0.082138 | LR: 5.89e-06
2026-02-07 15:15:01 [INFO] src.training.train_dit: 
============================================================
Epoch 173/200 (16.8s)
  Train Loss: 0.086523
  Val   Loss: 0.077861
  Val  Cosine: 0.9781
============================================================
2026-02-07 15:15:01 [INFO] src.training.train_dit: [Epoch 174][Step 0/335] Loss: 0.077681 | LR: 5.85e-06
2026-02-07 15:15:04 [INFO] src.training.train_dit: [Epoch 174][Step 50/335] Loss: 0.087945 | LR: 5.80e-06
2026-02-07 15:15:06 [INFO] src.training.train_dit: [Epoch 174][Step 100/335] Loss: 0.092296 | LR: 5.75e-06
2026-02-07 15:15:08 [INFO] src.training.train_dit: [Epoch 174][Step 150/335] Loss: 0.082077 | LR: 5.69e-06
2026-02-07 15:15:10 [INFO] src.training.train_dit: [Epoch 174][Step 200/335] Loss: 0.085024 | LR: 5.64e-06
2026-02-07 15:15:13 [INFO] src.training.train_dit: [Epoch 174][Step 250/335] Loss: 0.089401 | LR: 5.59e-06
2026-02-07 15:15:15 [INFO] src.training.train_dit: [Epoch 174][Step 300/335] Loss: 0.092148 | LR: 5.54e-06
2026-02-07 15:15:18 [INFO] src.training.train_dit: 
============================================================
Epoch 174/200 (16.4s)
  Train Loss: 0.085617
  Val   Loss: 0.076729
  Val  Cosine: 0.9784
============================================================
2026-02-07 15:15:18 [INFO] src.training.train_dit: [Epoch 175][Step 0/335] Loss: 0.080656 | LR: 5.50e-06
2026-02-07 15:15:20 [INFO] src.training.train_dit: [Epoch 175][Step 50/335] Loss: 0.081825 | LR: 5.45e-06
2026-02-07 15:15:22 [INFO] src.training.train_dit: [Epoch 175][Step 100/335] Loss: 0.100160 | LR: 5.40e-06
2026-02-07 15:15:24 [INFO] src.training.train_dit: [Epoch 175][Step 150/335] Loss: 0.086279 | LR: 5.35e-06
2026-02-07 15:15:27 [INFO] src.training.train_dit: [Epoch 175][Step 200/335] Loss: 0.090782 | LR: 5.30e-06
2026-02-07 15:15:29 [INFO] src.training.train_dit: [Epoch 175][Step 250/335] Loss: 0.086780 | LR: 5.25e-06
2026-02-07 15:15:31 [INFO] src.training.train_dit: [Epoch 175][Step 300/335] Loss: 0.089929 | LR: 5.20e-06
2026-02-07 15:15:34 [INFO] src.training.train_dit: 
============================================================
Epoch 175/200 (16.5s)
  Train Loss: 0.085656
  Val   Loss: 0.076380
  Val  Cosine: 0.9785
============================================================
2026-02-07 15:15:34 [INFO] src.training.train_dit: [Epoch 176][Step 0/335] Loss: 0.086468 | LR: 5.17e-06
2026-02-07 15:15:36 [INFO] src.training.train_dit: [Epoch 176][Step 50/335] Loss: 0.082686 | LR: 5.12e-06
2026-02-07 15:15:39 [INFO] src.training.train_dit: [Epoch 176][Step 100/335] Loss: 0.090268 | LR: 5.07e-06
2026-02-07 15:15:41 [INFO] src.training.train_dit: [Epoch 176][Step 150/335] Loss: 0.083235 | LR: 5.02e-06
2026-02-07 15:15:43 [INFO] src.training.train_dit: [Epoch 176][Step 200/335] Loss: 0.068497 | LR: 4.97e-06
2026-02-07 15:15:46 [INFO] src.training.train_dit: [Epoch 176][Step 250/335] Loss: 0.095165 | LR: 4.93e-06
2026-02-07 15:15:48 [INFO] src.training.train_dit: [Epoch 176][Step 300/335] Loss: 0.087908 | LR: 4.88e-06
2026-02-07 15:15:51 [INFO] src.training.train_dit: 
============================================================
Epoch 176/200 (16.9s)
  Train Loss: 0.086150
  Val   Loss: 0.077056
  Val  Cosine: 0.9783
============================================================
2026-02-07 15:15:51 [INFO] src.training.train_dit: [Epoch 177][Step 0/335] Loss: 0.082569 | LR: 4.85e-06
2026-02-07 15:15:53 [INFO] src.training.train_dit: [Epoch 177][Step 50/335] Loss: 0.087968 | LR: 4.80e-06
2026-02-07 15:15:55 [INFO] src.training.train_dit: [Epoch 177][Step 100/335] Loss: 0.097991 | LR: 4.75e-06
2026-02-07 15:15:58 [INFO] src.training.train_dit: [Epoch 177][Step 150/335] Loss: 0.087129 | LR: 4.71e-06
2026-02-07 15:16:00 [INFO] src.training.train_dit: [Epoch 177][Step 200/335] Loss: 0.072113 | LR: 4.66e-06
2026-02-07 15:16:02 [INFO] src.training.train_dit: [Epoch 177][Step 250/335] Loss: 0.070427 | LR: 4.61e-06
2026-02-07 15:16:05 [INFO] src.training.train_dit: [Epoch 177][Step 300/335] Loss: 0.083759 | LR: 4.57e-06
2026-02-07 15:16:07 [INFO] src.training.train_dit: 
============================================================
Epoch 177/200 (16.3s)
  Train Loss: 0.085985
  Val   Loss: 0.076576
  Val  Cosine: 0.9784
============================================================
2026-02-07 15:16:07 [INFO] src.training.train_dit: [Epoch 178][Step 0/335] Loss: 0.096174 | LR: 4.54e-06
2026-02-07 15:16:10 [INFO] src.training.train_dit: [Epoch 178][Step 50/335] Loss: 0.082133 | LR: 4.49e-06
2026-02-07 15:16:12 [INFO] src.training.train_dit: [Epoch 178][Step 100/335] Loss: 0.096834 | LR: 4.45e-06
2026-02-07 15:16:14 [INFO] src.training.train_dit: [Epoch 178][Step 150/335] Loss: 0.095393 | LR: 4.40e-06
2026-02-07 15:16:17 [INFO] src.training.train_dit: [Epoch 178][Step 200/335] Loss: 0.084300 | LR: 4.36e-06
2026-02-07 15:16:19 [INFO] src.training.train_dit: [Epoch 178][Step 250/335] Loss: 0.081142 | LR: 4.31e-06
2026-02-07 15:16:21 [INFO] src.training.train_dit: [Epoch 178][Step 300/335] Loss: 0.084164 | LR: 4.27e-06
2026-02-07 15:16:24 [INFO] src.training.train_dit: 
============================================================
Epoch 178/200 (16.7s)
  Train Loss: 0.086805
  Val   Loss: 0.077993
  Val  Cosine: 0.9780
============================================================
2026-02-07 15:16:24 [INFO] src.training.train_dit: [Epoch 179][Step 0/335] Loss: 0.089803 | LR: 4.24e-06
2026-02-07 15:16:26 [INFO] src.training.train_dit: [Epoch 179][Step 50/335] Loss: 0.097148 | LR: 4.19e-06
2026-02-07 15:16:29 [INFO] src.training.train_dit: [Epoch 179][Step 100/335] Loss: 0.081710 | LR: 4.15e-06
2026-02-07 15:16:31 [INFO] src.training.train_dit: [Epoch 179][Step 150/335] Loss: 0.095726 | LR: 4.11e-06
2026-02-07 15:16:33 [INFO] src.training.train_dit: [Epoch 179][Step 200/335] Loss: 0.083534 | LR: 4.07e-06
2026-02-07 15:16:36 [INFO] src.training.train_dit: [Epoch 179][Step 250/335] Loss: 0.086416 | LR: 4.02e-06
2026-02-07 15:16:38 [INFO] src.training.train_dit: [Epoch 179][Step 300/335] Loss: 0.083632 | LR: 3.98e-06
2026-02-07 15:16:41 [INFO] src.training.train_dit: 
============================================================
Epoch 179/200 (16.6s)
  Train Loss: 0.085895
  Val   Loss: 0.076449
  Val  Cosine: 0.9785
============================================================
2026-02-07 15:16:41 [INFO] src.training.train_dit: [Epoch 180][Step 0/335] Loss: 0.075965 | LR: 3.95e-06
2026-02-07 15:16:43 [INFO] src.training.train_dit: [Epoch 180][Step 50/335] Loss: 0.077573 | LR: 3.91e-06
2026-02-07 15:16:45 [INFO] src.training.train_dit: [Epoch 180][Step 100/335] Loss: 0.084895 | LR: 3.87e-06
2026-02-07 15:16:48 [INFO] src.training.train_dit: [Epoch 180][Step 150/335] Loss: 0.092693 | LR: 3.83e-06
2026-02-07 15:16:50 [INFO] src.training.train_dit: [Epoch 180][Step 200/335] Loss: 0.076443 | LR: 3.79e-06
2026-02-07 15:16:52 [INFO] src.training.train_dit: [Epoch 180][Step 250/335] Loss: 0.083328 | LR: 3.75e-06
2026-02-07 15:16:55 [INFO] src.training.train_dit: [Epoch 180][Step 300/335] Loss: 0.083077 | LR: 3.71e-06
2026-02-07 15:16:57 [INFO] src.training.train_dit: 
============================================================
Epoch 180/200 (16.7s)
  Train Loss: 0.085952
  Val   Loss: 0.077159
  Val  Cosine: 0.9782
============================================================
2026-02-07 15:16:59 [INFO] src.training.train_dit: Generation eval: {
  "frechet_distance": 3.6724278130037877,
  "mmd_rbf": 0.0017223358154296875,
  "coverage": 0.90234375,
  "density": 0.71640625,
  "mean_kl": 0.44145135913475064,
  "max_kl": 1.5606761068371615,
  "median_kl": 0.4075380887373252,
  "mean_nearest_cosine": 0.9919203519821167,
  "real_norm_mean": 21.073490142822266,
  "gen_norm_mean": 21.04576301574707
}
2026-02-07 15:16:59 [INFO] src.training.train_dit: [Epoch 181][Step 0/335] Loss: 0.071714 | LR: 3.68e-06
2026-02-07 15:17:01 [INFO] src.training.train_dit: [Epoch 181][Step 50/335] Loss: 0.079035 | LR: 3.64e-06
2026-02-07 15:17:04 [INFO] src.training.train_dit: [Epoch 181][Step 100/335] Loss: 0.099775 | LR: 3.60e-06
2026-02-07 15:17:06 [INFO] src.training.train_dit: [Epoch 181][Step 150/335] Loss: 0.084670 | LR: 3.56e-06
2026-02-07 15:17:08 [INFO] src.training.train_dit: [Epoch 181][Step 200/335] Loss: 0.078638 | LR: 3.52e-06
2026-02-07 15:17:11 [INFO] src.training.train_dit: [Epoch 181][Step 250/335] Loss: 0.086016 | LR: 3.49e-06
2026-02-07 15:17:13 [INFO] src.training.train_dit: [Epoch 181][Step 300/335] Loss: 0.087448 | LR: 3.45e-06
2026-02-07 15:17:16 [INFO] src.training.train_dit: 
============================================================
Epoch 181/200 (16.7s)
  Train Loss: 0.085688
  Val   Loss: 0.076031
  Val  Cosine: 0.9785
============================================================
2026-02-07 15:17:16 [INFO] src.training.train_dit: [Epoch 182][Step 0/335] Loss: 0.087472 | LR: 3.42e-06
2026-02-07 15:17:18 [INFO] src.training.train_dit: [Epoch 182][Step 50/335] Loss: 0.091799 | LR: 3.38e-06
2026-02-07 15:17:20 [INFO] src.training.train_dit: [Epoch 182][Step 100/335] Loss: 0.081169 | LR: 3.35e-06
2026-02-07 15:17:23 [INFO] src.training.train_dit: [Epoch 182][Step 150/335] Loss: 0.081410 | LR: 3.31e-06
2026-02-07 15:17:25 [INFO] src.training.train_dit: [Epoch 182][Step 200/335] Loss: 0.084922 | LR: 3.27e-06
2026-02-07 15:17:27 [INFO] src.training.train_dit: [Epoch 182][Step 250/335] Loss: 0.090421 | LR: 3.24e-06
2026-02-07 15:17:30 [INFO] src.training.train_dit: [Epoch 182][Step 300/335] Loss: 0.084296 | LR: 3.20e-06
2026-02-07 15:17:32 [INFO] src.training.train_dit: 
============================================================
Epoch 182/200 (16.7s)
  Train Loss: 0.085750
  Val   Loss: 0.076953
  Val  Cosine: 0.9782
============================================================
2026-02-07 15:17:33 [INFO] src.training.train_dit: [Epoch 183][Step 0/335] Loss: 0.095300 | LR: 3.18e-06
2026-02-07 15:17:35 [INFO] src.training.train_dit: [Epoch 183][Step 50/335] Loss: 0.095048 | LR: 3.14e-06
2026-02-07 15:17:37 [INFO] src.training.train_dit: [Epoch 183][Step 100/335] Loss: 0.082617 | LR: 3.10e-06
2026-02-07 15:17:39 [INFO] src.training.train_dit: [Epoch 183][Step 150/335] Loss: 0.095943 | LR: 3.07e-06
2026-02-07 15:17:42 [INFO] src.training.train_dit: [Epoch 183][Step 200/335] Loss: 0.090724 | LR: 3.03e-06
2026-02-07 15:17:44 [INFO] src.training.train_dit: [Epoch 183][Step 250/335] Loss: 0.086118 | LR: 3.00e-06
2026-02-07 15:17:46 [INFO] src.training.train_dit: [Epoch 183][Step 300/335] Loss: 0.090044 | LR: 2.97e-06
2026-02-07 15:17:49 [INFO] src.training.train_dit: 
============================================================
Epoch 183/200 (16.7s)
  Train Loss: 0.086217
  Val   Loss: 0.076531
  Val  Cosine: 0.9784
============================================================
2026-02-07 15:17:49 [INFO] src.training.train_dit: [Epoch 184][Step 0/335] Loss: 0.093643 | LR: 2.94e-06
2026-02-07 15:17:51 [INFO] src.training.train_dit: [Epoch 184][Step 50/335] Loss: 0.099639 | LR: 2.91e-06
2026-02-07 15:17:54 [INFO] src.training.train_dit: [Epoch 184][Step 100/335] Loss: 0.079391 | LR: 2.87e-06
2026-02-07 15:17:56 [INFO] src.training.train_dit: [Epoch 184][Step 150/335] Loss: 0.079699 | LR: 2.84e-06
2026-02-07 15:17:58 [INFO] src.training.train_dit: [Epoch 184][Step 200/335] Loss: 0.085995 | LR: 2.81e-06
2026-02-07 15:18:01 [INFO] src.training.train_dit: [Epoch 184][Step 250/335] Loss: 0.090605 | LR: 2.78e-06
2026-02-07 15:18:03 [INFO] src.training.train_dit: [Epoch 184][Step 300/335] Loss: 0.078775 | LR: 2.74e-06
2026-02-07 15:18:06 [INFO] src.training.train_dit: 
============================================================
Epoch 184/200 (16.7s)
  Train Loss: 0.085389
  Val   Loss: 0.078713
  Val  Cosine: 0.9777
============================================================
2026-02-07 15:18:06 [INFO] src.training.train_dit: [Epoch 185][Step 0/335] Loss: 0.086476 | LR: 2.72e-06
2026-02-07 15:18:08 [INFO] src.training.train_dit: [Epoch 185][Step 50/335] Loss: 0.082650 | LR: 2.69e-06
2026-02-07 15:18:11 [INFO] src.training.train_dit: [Epoch 185][Step 100/335] Loss: 0.081921 | LR: 2.66e-06
2026-02-07 15:18:13 [INFO] src.training.train_dit: [Epoch 185][Step 150/335] Loss: 0.087570 | LR: 2.63e-06
2026-02-07 15:18:15 [INFO] src.training.train_dit: [Epoch 185][Step 200/335] Loss: 0.081404 | LR: 2.60e-06
2026-02-07 15:18:17 [INFO] src.training.train_dit: [Epoch 185][Step 250/335] Loss: 0.086886 | LR: 2.57e-06
2026-02-07 15:18:20 [INFO] src.training.train_dit: [Epoch 185][Step 300/335] Loss: 0.083748 | LR: 2.54e-06
2026-02-07 15:18:23 [INFO] src.training.train_dit: 
============================================================
Epoch 185/200 (16.7s)
  Train Loss: 0.085409
  Val   Loss: 0.077348
  Val  Cosine: 0.9781
============================================================
2026-02-07 15:18:23 [INFO] src.training.train_dit: [Epoch 186][Step 0/335] Loss: 0.085707 | LR: 2.51e-06
2026-02-07 15:18:25 [INFO] src.training.train_dit: [Epoch 186][Step 50/335] Loss: 0.088545 | LR: 2.48e-06
2026-02-07 15:18:27 [INFO] src.training.train_dit: [Epoch 186][Step 100/335] Loss: 0.084052 | LR: 2.45e-06
2026-02-07 15:18:29 [INFO] src.training.train_dit: [Epoch 186][Step 150/335] Loss: 0.081094 | LR: 2.43e-06
2026-02-07 15:18:32 [INFO] src.training.train_dit: [Epoch 186][Step 200/335] Loss: 0.076528 | LR: 2.40e-06
2026-02-07 15:18:34 [INFO] src.training.train_dit: [Epoch 186][Step 250/335] Loss: 0.078281 | LR: 2.37e-06
2026-02-07 15:18:36 [INFO] src.training.train_dit: [Epoch 186][Step 300/335] Loss: 0.086122 | LR: 2.34e-06
2026-02-07 15:18:39 [INFO] src.training.train_dit: 
============================================================
Epoch 186/200 (16.7s)
  Train Loss: 0.086092
  Val   Loss: 0.075538
  Val  Cosine: 0.9787
============================================================
2026-02-07 15:18:39 [INFO] src.training.train_dit: [Epoch 187][Step 0/335] Loss: 0.077912 | LR: 2.32e-06
2026-02-07 15:18:42 [INFO] src.training.train_dit: [Epoch 187][Step 50/335] Loss: 0.082470 | LR: 2.29e-06
2026-02-07 15:18:44 [INFO] src.training.train_dit: [Epoch 187][Step 100/335] Loss: 0.080728 | LR: 2.26e-06
2026-02-07 15:18:46 [INFO] src.training.train_dit: [Epoch 187][Step 150/335] Loss: 0.096341 | LR: 2.24e-06
2026-02-07 15:18:48 [INFO] src.training.train_dit: [Epoch 187][Step 200/335] Loss: 0.077021 | LR: 2.21e-06
2026-02-07 15:18:51 [INFO] src.training.train_dit: [Epoch 187][Step 250/335] Loss: 0.090146 | LR: 2.18e-06
2026-02-07 15:18:53 [INFO] src.training.train_dit: [Epoch 187][Step 300/335] Loss: 0.090640 | LR: 2.16e-06
2026-02-07 15:18:56 [INFO] src.training.train_dit: 
============================================================
Epoch 187/200 (16.7s)
  Train Loss: 0.085659
  Val   Loss: 0.075658
  Val  Cosine: 0.9786
============================================================
2026-02-07 15:18:56 [INFO] src.training.train_dit: [Epoch 188][Step 0/335] Loss: 0.084157 | LR: 2.14e-06
2026-02-07 15:18:58 [INFO] src.training.train_dit: [Epoch 188][Step 50/335] Loss: 0.081539 | LR: 2.11e-06
2026-02-07 15:19:01 [INFO] src.training.train_dit: [Epoch 188][Step 100/335] Loss: 0.075571 | LR: 2.09e-06
2026-02-07 15:19:03 [INFO] src.training.train_dit: [Epoch 188][Step 150/335] Loss: 0.081471 | LR: 2.06e-06
2026-02-07 15:19:05 [INFO] src.training.train_dit: [Epoch 188][Step 200/335] Loss: 0.087217 | LR: 2.04e-06
2026-02-07 15:19:08 [INFO] src.training.train_dit: [Epoch 188][Step 250/335] Loss: 0.088990 | LR: 2.01e-06
2026-02-07 15:19:10 [INFO] src.training.train_dit: [Epoch 188][Step 300/335] Loss: 0.078402 | LR: 1.99e-06
2026-02-07 15:19:13 [INFO] src.training.train_dit: 
============================================================
Epoch 188/200 (16.7s)
  Train Loss: 0.086192
  Val   Loss: 0.076642
  Val  Cosine: 0.9783
============================================================
2026-02-07 15:19:13 [INFO] src.training.train_dit: [Epoch 189][Step 0/335] Loss: 0.091691 | LR: 1.97e-06
2026-02-07 15:19:15 [INFO] src.training.train_dit: [Epoch 189][Step 50/335] Loss: 0.091386 | LR: 1.95e-06
2026-02-07 15:19:17 [INFO] src.training.train_dit: [Epoch 189][Step 100/335] Loss: 0.082315 | LR: 1.92e-06
2026-02-07 15:19:20 [INFO] src.training.train_dit: [Epoch 189][Step 150/335] Loss: 0.096518 | LR: 1.90e-06
2026-02-07 15:19:22 [INFO] src.training.train_dit: [Epoch 189][Step 200/335] Loss: 0.087636 | LR: 1.88e-06
2026-02-07 15:19:24 [INFO] src.training.train_dit: [Epoch 189][Step 250/335] Loss: 0.081167 | LR: 1.85e-06
2026-02-07 15:19:27 [INFO] src.training.train_dit: [Epoch 189][Step 300/335] Loss: 0.090549 | LR: 1.83e-06
2026-02-07 15:19:29 [INFO] src.training.train_dit: 
============================================================
Epoch 189/200 (16.8s)
  Train Loss: 0.086355
  Val   Loss: 0.076433
  Val  Cosine: 0.9784
============================================================
2026-02-07 15:19:29 [INFO] src.training.train_dit: [Epoch 190][Step 0/335] Loss: 0.084569 | LR: 1.82e-06
2026-02-07 15:19:32 [INFO] src.training.train_dit: [Epoch 190][Step 50/335] Loss: 0.098977 | LR: 1.79e-06
2026-02-07 15:19:34 [INFO] src.training.train_dit: [Epoch 190][Step 100/335] Loss: 0.087937 | LR: 1.77e-06
2026-02-07 15:19:36 [INFO] src.training.train_dit: [Epoch 190][Step 150/335] Loss: 0.078781 | LR: 1.75e-06
2026-02-07 15:19:39 [INFO] src.training.train_dit: [Epoch 190][Step 200/335] Loss: 0.086947 | LR: 1.73e-06
2026-02-07 15:19:41 [INFO] src.training.train_dit: [Epoch 190][Step 250/335] Loss: 0.091464 | LR: 1.71e-06
2026-02-07 15:19:43 [INFO] src.training.train_dit: [Epoch 190][Step 300/335] Loss: 0.079890 | LR: 1.69e-06
2026-02-07 15:19:46 [INFO] src.training.train_dit: 
============================================================
Epoch 190/200 (16.8s)
  Train Loss: 0.085909
  Val   Loss: 0.074894
  Val  Cosine: 0.9788
============================================================
2026-02-07 15:19:48 [INFO] src.training.train_dit: Generation eval: {
  "frechet_distance": 3.6176766144635,
  "mmd_rbf": 0.0018901824951171875,
  "coverage": 0.89453125,
  "density": 0.73515625,
  "mean_kl": 0.44109510234249283,
  "max_kl": 1.265342803901836,
  "median_kl": 0.40778177050592757,
  "mean_nearest_cosine": 0.9915852546691895,
  "real_norm_mean": 21.073490142822266,
  "gen_norm_mean": 21.07459831237793
}
2026-02-07 15:19:48 [INFO] src.training.train_dit: [Epoch 191][Step 0/335] Loss: 0.076732 | LR: 1.67e-06
2026-02-07 15:19:50 [INFO] src.training.train_dit: [Epoch 191][Step 50/335] Loss: 0.089198 | LR: 1.65e-06
2026-02-07 15:19:52 [INFO] src.training.train_dit: [Epoch 191][Step 100/335] Loss: 0.092254 | LR: 1.64e-06
2026-02-07 15:19:54 [INFO] src.training.train_dit: [Epoch 191][Step 150/335] Loss: 0.090559 | LR: 1.62e-06
2026-02-07 15:19:57 [INFO] src.training.train_dit: [Epoch 191][Step 200/335] Loss: 0.088471 | LR: 1.60e-06
2026-02-07 15:19:59 [INFO] src.training.train_dit: [Epoch 191][Step 250/335] Loss: 0.087330 | LR: 1.58e-06
2026-02-07 15:20:01 [INFO] src.training.train_dit: [Epoch 191][Step 300/335] Loss: 0.091437 | LR: 1.56e-06
2026-02-07 15:20:04 [INFO] src.training.train_dit: 
============================================================
Epoch 191/200 (16.7s)
  Train Loss: 0.086490
  Val   Loss: 0.076844
  Val  Cosine: 0.9782
============================================================
2026-02-07 15:20:04 [INFO] src.training.train_dit: [Epoch 192][Step 0/335] Loss: 0.098194 | LR: 1.55e-06
2026-02-07 15:20:07 [INFO] src.training.train_dit: [Epoch 192][Step 50/335] Loss: 0.077902 | LR: 1.53e-06
2026-02-07 15:20:09 [INFO] src.training.train_dit: [Epoch 192][Step 100/335] Loss: 0.079527 | LR: 1.51e-06
2026-02-07 15:20:11 [INFO] src.training.train_dit: [Epoch 192][Step 150/335] Loss: 0.088694 | LR: 1.49e-06
2026-02-07 15:20:13 [INFO] src.training.train_dit: [Epoch 192][Step 200/335] Loss: 0.089984 | LR: 1.48e-06
2026-02-07 15:20:16 [INFO] src.training.train_dit: [Epoch 192][Step 250/335] Loss: 0.089849 | LR: 1.46e-06
2026-02-07 15:20:18 [INFO] src.training.train_dit: [Epoch 192][Step 300/335] Loss: 0.085502 | LR: 1.44e-06
2026-02-07 15:20:20 [INFO] src.training.train_dit: 
============================================================
Epoch 192/200 (16.1s)
  Train Loss: 0.086515
  Val   Loss: 0.077359
  Val  Cosine: 0.9781
============================================================
2026-02-07 15:20:20 [INFO] src.training.train_dit: [Epoch 193][Step 0/335] Loss: 0.083518 | LR: 1.43e-06
2026-02-07 15:20:23 [INFO] src.training.train_dit: [Epoch 193][Step 50/335] Loss: 0.078119 | LR: 1.42e-06
2026-02-07 15:20:25 [INFO] src.training.train_dit: [Epoch 193][Step 100/335] Loss: 0.078608 | LR: 1.40e-06
2026-02-07 15:20:27 [INFO] src.training.train_dit: [Epoch 193][Step 150/335] Loss: 0.077674 | LR: 1.39e-06
2026-02-07 15:20:30 [INFO] src.training.train_dit: [Epoch 193][Step 200/335] Loss: 0.073794 | LR: 1.37e-06
2026-02-07 15:20:32 [INFO] src.training.train_dit: [Epoch 193][Step 250/335] Loss: 0.085250 | LR: 1.36e-06
2026-02-07 15:20:34 [INFO] src.training.train_dit: [Epoch 193][Step 300/335] Loss: 0.083496 | LR: 1.34e-06
2026-02-07 15:20:37 [INFO] src.training.train_dit: 
============================================================
Epoch 193/200 (16.7s)
  Train Loss: 0.085820
  Val   Loss: 0.075604
  Val  Cosine: 0.9786
============================================================
2026-02-07 15:20:37 [INFO] src.training.train_dit: [Epoch 194][Step 0/335] Loss: 0.090768 | LR: 1.33e-06
2026-02-07 15:20:39 [INFO] src.training.train_dit: [Epoch 194][Step 50/335] Loss: 0.088451 | LR: 1.32e-06
2026-02-07 15:20:42 [INFO] src.training.train_dit: [Epoch 194][Step 100/335] Loss: 0.085202 | LR: 1.30e-06
2026-02-07 15:20:44 [INFO] src.training.train_dit: [Epoch 194][Step 150/335] Loss: 0.104449 | LR: 1.29e-06
2026-02-07 15:20:46 [INFO] src.training.train_dit: [Epoch 194][Step 200/335] Loss: 0.086552 | LR: 1.28e-06
2026-02-07 15:20:49 [INFO] src.training.train_dit: [Epoch 194][Step 250/335] Loss: 0.078975 | LR: 1.26e-06
2026-02-07 15:20:51 [INFO] src.training.train_dit: [Epoch 194][Step 300/335] Loss: 0.084779 | LR: 1.25e-06
2026-02-07 15:20:54 [INFO] src.training.train_dit: 
============================================================
Epoch 194/200 (16.8s)
  Train Loss: 0.085885
  Val   Loss: 0.077375
  Val  Cosine: 0.9780
============================================================
2026-02-07 15:20:54 [INFO] src.training.train_dit: [Epoch 195][Step 0/335] Loss: 0.081174 | LR: 1.24e-06
2026-02-07 15:20:56 [INFO] src.training.train_dit: [Epoch 195][Step 50/335] Loss: 0.082675 | LR: 1.23e-06
2026-02-07 15:20:58 [INFO] src.training.train_dit: [Epoch 195][Step 100/335] Loss: 0.097916 | LR: 1.22e-06
2026-02-07 15:21:01 [INFO] src.training.train_dit: [Epoch 195][Step 150/335] Loss: 0.095610 | LR: 1.21e-06
2026-02-07 15:21:03 [INFO] src.training.train_dit: [Epoch 195][Step 200/335] Loss: 0.084852 | LR: 1.20e-06
2026-02-07 15:21:05 [INFO] src.training.train_dit: [Epoch 195][Step 250/335] Loss: 0.093107 | LR: 1.19e-06
2026-02-07 15:21:08 [INFO] src.training.train_dit: [Epoch 195][Step 300/335] Loss: 0.090208 | LR: 1.18e-06
2026-02-07 15:21:10 [INFO] src.training.train_dit: 
============================================================
Epoch 195/200 (16.5s)
  Train Loss: 0.086158
  Val   Loss: 0.075478
  Val  Cosine: 0.9787
============================================================
2026-02-07 15:21:10 [INFO] src.training.train_dit: [Epoch 196][Step 0/335] Loss: 0.088681 | LR: 1.17e-06
2026-02-07 15:21:13 [INFO] src.training.train_dit: [Epoch 196][Step 50/335] Loss: 0.092952 | LR: 1.16e-06
2026-02-07 15:21:15 [INFO] src.training.train_dit: [Epoch 196][Step 100/335] Loss: 0.076291 | LR: 1.15e-06
2026-02-07 15:21:17 [INFO] src.training.train_dit: [Epoch 196][Step 150/335] Loss: 0.080002 | LR: 1.14e-06
2026-02-07 15:21:19 [INFO] src.training.train_dit: [Epoch 196][Step 200/335] Loss: 0.081868 | LR: 1.13e-06
2026-02-07 15:21:22 [INFO] src.training.train_dit: [Epoch 196][Step 250/335] Loss: 0.089781 | LR: 1.12e-06
2026-02-07 15:21:24 [INFO] src.training.train_dit: [Epoch 196][Step 300/335] Loss: 0.084858 | LR: 1.11e-06
2026-02-07 15:21:27 [INFO] src.training.train_dit: 
============================================================
Epoch 196/200 (16.7s)
  Train Loss: 0.085825
  Val   Loss: 0.075828
  Val  Cosine: 0.9785
============================================================
2026-02-07 15:21:27 [INFO] src.training.train_dit: [Epoch 197][Step 0/335] Loss: 0.093536 | LR: 1.11e-06
2026-02-07 15:21:29 [INFO] src.training.train_dit: [Epoch 197][Step 50/335] Loss: 0.083999 | LR: 1.10e-06
2026-02-07 15:21:32 [INFO] src.training.train_dit: [Epoch 197][Step 100/335] Loss: 0.088488 | LR: 1.09e-06
2026-02-07 15:21:34 [INFO] src.training.train_dit: [Epoch 197][Step 150/335] Loss: 0.088523 | LR: 1.09e-06
2026-02-07 15:21:36 [INFO] src.training.train_dit: [Epoch 197][Step 200/335] Loss: 0.090544 | LR: 1.08e-06
2026-02-07 15:21:39 [INFO] src.training.train_dit: [Epoch 197][Step 250/335] Loss: 0.090611 | LR: 1.07e-06
2026-02-07 15:21:41 [INFO] src.training.train_dit: [Epoch 197][Step 300/335] Loss: 0.073340 | LR: 1.07e-06
2026-02-07 15:21:44 [INFO] src.training.train_dit: 
============================================================
Epoch 197/200 (16.7s)
  Train Loss: 0.085357
  Val   Loss: 0.076123
  Val  Cosine: 0.9784
============================================================
2026-02-07 15:21:44 [INFO] src.training.train_dit: [Epoch 198][Step 0/335] Loss: 0.079573 | LR: 1.06e-06
2026-02-07 15:21:46 [INFO] src.training.train_dit: [Epoch 198][Step 50/335] Loss: 0.078749 | LR: 1.05e-06
2026-02-07 15:21:48 [INFO] src.training.train_dit: [Epoch 198][Step 100/335] Loss: 0.090339 | LR: 1.05e-06
2026-02-07 15:21:51 [INFO] src.training.train_dit: [Epoch 198][Step 150/335] Loss: 0.081183 | LR: 1.04e-06
2026-02-07 15:21:53 [INFO] src.training.train_dit: [Epoch 198][Step 200/335] Loss: 0.102395 | LR: 1.04e-06
2026-02-07 15:21:55 [INFO] src.training.train_dit: [Epoch 198][Step 250/335] Loss: 0.082202 | LR: 1.03e-06
2026-02-07 15:21:58 [INFO] src.training.train_dit: [Epoch 198][Step 300/335] Loss: 0.082331 | LR: 1.03e-06
2026-02-07 15:22:00 [INFO] src.training.train_dit: 
============================================================
Epoch 198/200 (16.7s)
  Train Loss: 0.085902
  Val   Loss: 0.074773
  Val  Cosine: 0.9789
============================================================
2026-02-07 15:22:01 [INFO] src.training.train_dit:   ✓ New best model (val_loss=0.074773)
2026-02-07 15:22:01 [INFO] src.training.train_dit: [Epoch 199][Step 0/335] Loss: 0.081700 | LR: 1.03e-06
2026-02-07 15:22:03 [INFO] src.training.train_dit: [Epoch 199][Step 50/335] Loss: 0.097008 | LR: 1.02e-06
2026-02-07 15:22:05 [INFO] src.training.train_dit: [Epoch 199][Step 100/335] Loss: 0.084806 | LR: 1.02e-06
2026-02-07 15:22:08 [INFO] src.training.train_dit: [Epoch 199][Step 150/335] Loss: 0.078863 | LR: 1.02e-06
2026-02-07 15:22:10 [INFO] src.training.train_dit: [Epoch 199][Step 200/335] Loss: 0.090428 | LR: 1.01e-06
2026-02-07 15:22:12 [INFO] src.training.train_dit: [Epoch 199][Step 250/335] Loss: 0.084033 | LR: 1.01e-06
2026-02-07 15:22:14 [INFO] src.training.train_dit: [Epoch 199][Step 300/335] Loss: 0.074861 | LR: 1.01e-06
2026-02-07 15:22:17 [INFO] src.training.train_dit: 
============================================================
Epoch 199/200 (16.3s)
  Train Loss: 0.085260
  Val   Loss: 0.076695
  Val  Cosine: 0.9783
============================================================
2026-02-07 15:22:17 [INFO] src.training.train_dit: [Epoch 200][Step 0/335] Loss: 0.072384 | LR: 1.01e-06
2026-02-07 15:22:19 [INFO] src.training.train_dit: [Epoch 200][Step 50/335] Loss: 0.075082 | LR: 1.00e-06
2026-02-07 15:22:22 [INFO] src.training.train_dit: [Epoch 200][Step 100/335] Loss: 0.090124 | LR: 1.00e-06
2026-02-07 15:22:24 [INFO] src.training.train_dit: [Epoch 200][Step 150/335] Loss: 0.090274 | LR: 1.00e-06
2026-02-07 15:22:26 [INFO] src.training.train_dit: [Epoch 200][Step 200/335] Loss: 0.082612 | LR: 1.00e-06
2026-02-07 15:22:29 [INFO] src.training.train_dit: [Epoch 200][Step 250/335] Loss: 0.081578 | LR: 1.00e-06
2026-02-07 15:22:31 [INFO] src.training.train_dit: [Epoch 200][Step 300/335] Loss: 0.080985 | LR: 1.00e-06
2026-02-07 15:22:34 [INFO] src.training.train_dit: 
============================================================
Epoch 200/200 (16.6s)
  Train Loss: 0.085043
  Val   Loss: 0.074620
  Val  Cosine: 0.9789
============================================================
2026-02-07 15:22:34 [INFO] src.training.train_dit:   ✓ New best model (val_loss=0.074620)
2026-02-07 15:22:36 [INFO] src.training.train_dit: Generation eval: {
  "frechet_distance": 3.4890677800021592,
  "mmd_rbf": 0.001635909080505371,
  "coverage": 0.8828125,
  "density": 0.70703125,
  "mean_kl": 0.4304416808932848,
  "max_kl": 1.191139380553961,
  "median_kl": 0.3983972809629695,
  "mean_nearest_cosine": 0.9918187260627747,
  "real_norm_mean": 21.073490142822266,
  "gen_norm_mean": 21.089496612548828
}

DiT training complete!
Best val loss: 0.074620
Next: Run 05_inference.py to generate cells!
